{
    "Timeout": [
        1,
        2
    ],
    "Mean of all scores": {
        "f1Mean": 0.7968950353187387,
        "accMean": 0.8702268682650673,
        "recMean": 0.8476242909363159,
        "precMean": 0.7872403673221955
    },
    "Std of all Scores": {
        "f1Std": 0.035501022096478096,
        "accStd": 0.02934293681599709,
        "recStd": 0.0515039390847406,
        "precStd": 0.021270451201087948
    }
}