{
    "Timeout": [
        1,
        4
    ],
    "accuracy": 0.9233896961094101,
    "f1_score": 0.9037852689021213,
    "precision": 0.9093559665065133,
    "recall": 0.9115812392792251
}