{
    "Timeout": [
        0.5,
        2
    ],
    "Mean of all scores": {
        "f1Mean": 0.796821375676831,
        "accMean": 0.8617511834853944,
        "recMean": 0.8400457946301905,
        "precMean": 0.7930929722313191
    },
    "Std of all Scores": {
        "f1Std": 0.03482776849861169,
        "accStd": 0.03352612188280685,
        "recStd": 0.048620144995945525,
        "precStd": 0.01768179670070852
    }
}