{
    "Timeout": [
        0.5,
        4
    ],
    "Mean of all scores": {
        "f1Mean": 0.9059670257055314,
        "accMean": 0.9965250496730773,
        "recMean": 0.9000309382686045,
        "precMean": 0.9343011163025894
    },
    "Std of all Scores": {
        "f1Std": 0.036865625919649654,
        "accStd": 0.0033092518463146365,
        "recStd": 0.04516911463385869,
        "precStd": 0.02527958911421655
    }
}