{
    "Timeout": [
        1,
        60
    ],
    "Mean of all scores": {
        "f1Mean": 0.9221602693111866,
        "accMean": 0.9966464298762705,
        "recMean": 0.9263019343850019,
        "precMean": 0.9413984068496676
    },
    "Std of all Scores": {
        "f1Std": 0.04029887081426612,
        "accStd": 0.003665983705961459,
        "recStd": 0.05057887740848657,
        "precStd": 0.029072918292367154
    }
}