{
    "Timeout": [
        2,
        30
    ],
    "Mean of all scores": {
        "f1Mean": 0.914519865271758,
        "accMean": 0.9965009393642159,
        "recMean": 0.9075900181216129,
        "precMean": 0.9333083328414572
    },
    "Std of all Scores": {
        "f1Std": 0.052494664276491416,
        "accStd": 0.004200753261894375,
        "recStd": 0.06284312748013975,
        "precStd": 0.04006143609200248
    }
}