{
    "Timeout": [
        1,
        4
    ],
    "Mean of all scores": {
        "f1Mean": 0.9223896007223615,
        "accMean": 0.9965265431606039,
        "recMean": 0.9233823863760664,
        "precMean": 0.9371673027994673
    },
    "Std of all Scores": {
        "f1Std": 0.030206978240666114,
        "accStd": 0.0037109243238379074,
        "recStd": 0.042677940049830346,
        "precStd": 0.02230072040551933
    }
}