{
    "Timeout": [
        3,
        60
    ],
    "Mean of all scores": {
        "f1Mean": 0.8716578887784175,
        "accMean": 0.9965559819771361,
        "recMean": 0.8692161790283709,
        "precMean": 0.8858769877569994
    },
    "Std of all Scores": {
        "f1Std": 0.023448224223080318,
        "accStd": 0.004289463742025897,
        "recStd": 0.027070773560465444,
        "precStd": 0.0203377526284103
    }
}