{
    "Timeout": [
        2,
        5
    ],
    "Mean of all scores": {
        "f1Mean": 0.9140228966177185,
        "accMean": 0.9962876191842192,
        "recMean": 0.9173156531068154,
        "precMean": 0.9287588805184701
    },
    "Std of all Scores": {
        "f1Std": 0.03430377528306789,
        "accStd": 0.00405329830236372,
        "recStd": 0.04597101615205491,
        "precStd": 0.03274384839831497
    }
}