{
    "Timeout": [
        2,
        2
    ],
    "Mean of all scores": {
        "f1Mean": 0.9176621622490325,
        "accMean": 0.9959579164920017,
        "recMean": 0.9157408001817237,
        "precMean": 0.9418569789797001
    },
    "Std of all Scores": {
        "f1Std": 0.015120597771172866,
        "accStd": 0.003679313795660172,
        "recStd": 0.029006100822513235,
        "precStd": 0.020034670382262646
    }
}