{
    "Timeout": [
        4,
        60
    ],
    "Mean of all scores": {
        "f1Mean": 0.8779744967201368,
        "accMean": 0.9965184302807295,
        "recMean": 0.8801752825308633,
        "precMean": 0.8883537371674745
    },
    "Std of all Scores": {
        "f1Std": 0.05537379829499297,
        "accStd": 0.004278627008810818,
        "recStd": 0.055031047810103616,
        "precStd": 0.04686045850539229
    }
}