{
    "Timeout": [
        0.5,
        3
    ],
    "Mean of all scores": {
        "f1Mean": 0.9306965531659033,
        "accMean": 0.9968467677650935,
        "recMean": 0.927957505652819,
        "precMean": 0.9458029487512973
    },
    "Std of all Scores": {
        "f1Std": 0.037697503932986556,
        "accStd": 0.0034464352642237573,
        "recStd": 0.05405996337794283,
        "precStd": 0.025470841939779602
    }
}