{
    "Timeout": [
        5,
        30
    ],
    "Mean of all scores": {
        "f1Mean": 0.8742440390761276,
        "accMean": 0.9965392745550753,
        "recMean": 0.8636475544437385,
        "precMean": 0.9005374974686546
    },
    "Std of all Scores": {
        "f1Std": 0.019505747263323513,
        "accStd": 0.004389026789145568,
        "recStd": 0.0219895834810354,
        "precStd": 0.02949727241797473
    }
}