{
    "Timeout": [
        4,
        30
    ],
    "Mean of all scores": {
        "f1Mean": 0.8841582860787647,
        "accMean": 0.9965069178446356,
        "recMean": 0.8811038673666045,
        "precMean": 0.8991488979919998
    },
    "Std of all Scores": {
        "f1Std": 0.022370937156993304,
        "accStd": 0.0043568657031364455,
        "recStd": 0.02704148622037813,
        "precStd": 0.026461965192237404
    }
}