{
    "Timeout": [
        3,
        30
    ],
    "Mean of all scores": {
        "f1Mean": 0.8702398542473577,
        "accMean": 0.9965390634821899,
        "recMean": 0.8856365387066883,
        "precMean": 0.8723839112066611
    },
    "Std of all Scores": {
        "f1Std": 0.030273380406715008,
        "accStd": 0.004194816636357608,
        "recStd": 0.0268350856789582,
        "precStd": 0.02260120530297955
    }
}