{
    "Timeout": [
        2,
        3
    ],
    "Mean of all scores": {
        "f1Mean": 0.9024148789553165,
        "accMean": 0.9960643130031597,
        "recMean": 0.9013502165907099,
        "precMean": 0.9359796366462481
    },
    "Std of all Scores": {
        "f1Std": 0.03801447639378989,
        "accStd": 0.003707166476124992,
        "recStd": 0.0488031994571522,
        "precStd": 0.030664858185625813
    }
}