{
    "Timeout": [
        4,
        5
    ],
    "Mean of all scores": {
        "f1Mean": 0.935041273707791,
        "accMean": 0.9964335668141568,
        "recMean": 0.9290063251249918,
        "precMean": 0.9627765832312345
    },
    "Std of all Scores": {
        "f1Std": 0.02444993913765299,
        "accStd": 0.0042898707028601255,
        "recStd": 0.039186815584855476,
        "precStd": 0.02506363979271945
    }
}