{
    "Timeout": [
        1,
        5
    ],
    "Mean of all scores": {
        "f1Mean": 0.9146871661312522,
        "accMean": 0.9966652721353529,
        "recMean": 0.9082881776595608,
        "precMean": 0.9360184334525851
    },
    "Std of all Scores": {
        "f1Std": 0.03618240836341823,
        "accStd": 0.003708059256242488,
        "recStd": 0.04438788255833199,
        "precStd": 0.033651141326159255
    }
}