{
    "Timeout": [
        2,
        60
    ],
    "Mean of all scores": {
        "f1Mean": 0.8966092347436261,
        "accMean": 0.996546169001513,
        "recMean": 0.8920617668748475,
        "precMean": 0.9157416295513405
    },
    "Std of all Scores": {
        "f1Std": 0.03992417424577038,
        "accStd": 0.004220843423299835,
        "recStd": 0.049956228750685866,
        "precStd": 0.031902898495669754
    }
}