{
    "Timeout": [
        3,
        3
    ],
    "Mean of all scores": {
        "f1Mean": 0.8999060430002649,
        "accMean": 0.9930511261246938,
        "recMean": 0.9036397059473276,
        "precMean": 0.9293980899629863
    },
    "Std of all Scores": {
        "f1Std": 0.029778513905992184,
        "accStd": 0.006702586049105857,
        "recStd": 0.030113098786016857,
        "precStd": 0.041322153329063784
    }
}