{
    "Timeout": [
        0.5,
        60
    ],
    "Mean of all scores": {
        "f1Mean": 0.9311643665929946,
        "accMean": 0.9967053585916414,
        "recMean": 0.9251381914861898,
        "precMean": 0.9605927887104315
    },
    "Std of all Scores": {
        "f1Std": 0.030112247209971618,
        "accStd": 0.003703370234580471,
        "recStd": 0.04216075297521832,
        "precStd": 0.033206019218023755
    }
}