{
    "Timeout": [
        10,
        30
    ],
    "Mean of all scores": {
        "f1Mean": 0.8501498006263987,
        "accMean": 0.996078013163008,
        "recMean": 0.8611144433768543,
        "precMean": 0.8585058582765546
    },
    "Std of all Scores": {
        "f1Std": 0.05483939426688201,
        "accStd": 0.004498729343442994,
        "recStd": 0.06297272741305612,
        "precStd": 0.03680990900120446
    }
}