{
    "Timeout": [
        5,
        60
    ],
    "Mean of all scores": {
        "f1Mean": 0.8776938909258565,
        "accMean": 0.9964959019683913,
        "recMean": 0.8787948242579452,
        "precMean": 0.887608795669488
    },
    "Std of all Scores": {
        "f1Std": 0.04428889790586403,
        "accStd": 0.004334247797269777,
        "recStd": 0.04862043495081931,
        "precStd": 0.0352710177820754
    }
}