{
    "Timeout": [
        3,
        5
    ],
    "Mean of all scores": {
        "f1Mean": 0.9360400867163939,
        "accMean": 0.9962758706326648,
        "recMean": 0.9389029637563994,
        "precMean": 0.959164879315674
    },
    "Std of all Scores": {
        "f1Std": 0.014954701954404643,
        "accStd": 0.004197246397041251,
        "recStd": 0.03308259411652803,
        "precStd": 0.01669471248326273
    }
}