{
    "Timeout": [
        0.5,
        2
    ],
    "Mean of all scores": {
        "f1Mean": 0.943441822753695,
        "accMean": 0.9967285019076186,
        "recMean": 0.9368254756886989,
        "precMean": 0.9622221212662959
    },
    "Std of all Scores": {
        "f1Std": 0.02980981614649779,
        "accStd": 0.0033541251707258925,
        "recStd": 0.04313491552988786,
        "precStd": 0.019619841376605014
    }
}