{
    "Timeout": [
        1,
        30
    ],
    "Mean of all scores": {
        "f1Mean": 0.9391978980577396,
        "accMean": 0.996459046168084,
        "recMean": 0.9249832811386478,
        "precMean": 0.9729730953853716
    },
    "Std of all Scores": {
        "f1Std": 0.028148903076385748,
        "accStd": 0.003718241294616458,
        "recStd": 0.04026402882492627,
        "precStd": 0.012747325558715637
    }
}