{
    "Timeout": [
        3,
        4
    ],
    "Mean of all scores": {
        "f1Mean": 0.9170301615343049,
        "accMean": 0.9962663919105147,
        "recMean": 0.9087904360597825,
        "precMean": 0.9381334739910141
    },
    "Std of all Scores": {
        "f1Std": 0.04235045061481131,
        "accStd": 0.004126242322716084,
        "recStd": 0.05654925813890924,
        "precStd": 0.027676616470513053
    }
}