{
    "Timeout": [
        0.5,
        5
    ],
    "Mean of all scores": {
        "f1Mean": 0.915593056900558,
        "accMean": 0.9966930100663527,
        "recMean": 0.9121750391832238,
        "precMean": 0.9350037207271116
    },
    "Std of all Scores": {
        "f1Std": 0.021642273383470065,
        "accStd": 0.0034044663985448413,
        "recStd": 0.03118248516155666,
        "precStd": 0.02650624394844505
    }
}