{
    "Timeout": [
        1,
        3
    ],
    "Mean of all scores": {
        "f1Mean": 0.9148975700551641,
        "accMean": 0.9964832370829917,
        "recMean": 0.9036424092827844,
        "precMean": 0.9503149996468594
    },
    "Std of all Scores": {
        "f1Std": 0.04851987181460201,
        "accStd": 0.0036729359464774854,
        "recStd": 0.06348549908129983,
        "precStd": 0.021146642635942615
    }
}