{
    "Timeout": [
        5,
        5
    ],
    "Mean of all scores": {
        "f1Mean": 0.9224609287120178,
        "accMean": 0.9964205188980033,
        "recMean": 0.9173048876359677,
        "precMean": 0.9357727270577435
    },
    "Std of all Scores": {
        "f1Std": 0.04374220980930398,
        "accStd": 0.004254230240412261,
        "recStd": 0.04492084995128504,
        "precStd": 0.04644196697074203
    }
}