{
    "Timeout": [
        4,
        4
    ],
    "Mean of all scores": {
        "f1Mean": 0.9179609424363677,
        "accMean": 0.996464777783103,
        "recMean": 0.9093423196357113,
        "precMean": 0.9404147599192274
    },
    "Std of all Scores": {
        "f1Std": 0.03697838613952396,
        "accStd": 0.004319313530114094,
        "recStd": 0.047585567653826974,
        "precStd": 0.03000692728157226
    }
}