{
    "Timeout": [
        2,
        4
    ],
    "Mean of all scores": {
        "f1Mean": 0.9395588079106469,
        "accMean": 0.9964651685066563,
        "recMean": 0.9310487949829079,
        "precMean": 0.9651352841520431
    },
    "Std of all Scores": {
        "f1Std": 0.0333862973868493,
        "accStd": 0.004040058899859769,
        "recStd": 0.0460947769164845,
        "precStd": 0.020230268459839267
    }
}