{
    "Timeout": [
        1,
        2
    ],
    "Mean of all scores": {
        "f1Mean": 0.9371759604006566,
        "accMean": 0.9967163861321726,
        "recMean": 0.9361302605946069,
        "precMean": 0.954122690069472
    },
    "Std of all Scores": {
        "f1Std": 0.03584925150491341,
        "accStd": 0.003765280075342131,
        "recStd": 0.041505544352437,
        "precStd": 0.02590490167725087
    }
}