{
    "Timeout": [
        0.5,
        30
    ],
    "Mean of all scores": {
        "f1Mean": 0.934613490227657,
        "accMean": 0.9967999839940408,
        "recMean": 0.9178729404040575,
        "precMean": 0.9776513647654212
    },
    "Std of all Scores": {
        "f1Std": 0.031012145334455832,
        "accStd": 0.0035026847714888037,
        "recStd": 0.038055938937499686,
        "precStd": 0.022668766465118718
    }
}