{
    "Timeout": [
        10,
        60
    ],
    "Mean of all scores": {
        "f1Mean": 0.8438131029099178,
        "accMean": 0.9961634088672031,
        "recMean": 0.8557793636968679,
        "precMean": 0.8523419682496746
    },
    "Std of all Scores": {
        "f1Std": 0.023057307554993675,
        "accStd": 0.0044973873459301286,
        "recStd": 0.045929546011912986,
        "precStd": 0.01255097369498296
    }
}