{
    "Timeout": [
        2,
        5
    ],
    "Mean of all scores": {
        "f1Mean": 0.9450335861352397,
        "accMean": 0.9939600514083079,
        "recMean": 0.9249523099399118,
        "precMean": 0.9919297603286722
    },
    "Std of all Scores": {
        "f1Std": 0.03191112827489755,
        "accStd": 0.003517742993390211,
        "recStd": 0.048093308460635954,
        "precStd": 0.009050864157329483
    }
}