{
    "Timeout": [
        2,
        30
    ],
    "Mean of all scores": {
        "f1Mean": 0.9050043830072616,
        "accMean": 0.9940483307097228,
        "recMean": 0.8916910183454491,
        "precMean": 0.9379241324051172
    },
    "Std of all Scores": {
        "f1Std": 0.03944536935431984,
        "accStd": 0.0038043565445329557,
        "recStd": 0.04609456827313021,
        "precStd": 0.03025837862048854
    }
}