{
    "Timeout": [
        0.5,
        5
    ],
    "Mean of all scores": {
        "f1Mean": 0.9445884504137716,
        "accMean": 0.9948769969218147,
        "recMean": 0.921554467760046,
        "precMean": 0.993368429854754
    },
    "Std of all Scores": {
        "f1Std": 0.03490177271419928,
        "accStd": 0.0028243320005918713,
        "recStd": 0.04811653500148858,
        "precStd": 0.006263035703045617
    }
}