{
    "Timeout": [
        3,
        4
    ],
    "Mean of all scores": {
        "f1Mean": 0.9351669834665517,
        "accMean": 0.9937888931294457,
        "recMean": 0.9154353665768273,
        "precMean": 0.9767008598203178
    },
    "Std of all Scores": {
        "f1Std": 0.04998817253961092,
        "accStd": 0.003626773499442455,
        "recStd": 0.06382904436963148,
        "precStd": 0.024912639182976218
    }
}