{
    "Timeout": [
        0.5,
        30
    ],
    "Mean of all scores": {
        "f1Mean": 0.9495877969555518,
        "accMean": 0.9949259577431926,
        "recMean": 0.92809651391987,
        "precMean": 0.9944123775063162
    },
    "Std of all Scores": {
        "f1Std": 0.03570840259790274,
        "accStd": 0.0030610073532061576,
        "recStd": 0.04876775645391294,
        "precStd": 0.006846586629599112
    }
}