{
    "Timeout": [
        1,
        60
    ],
    "Mean of all scores": {
        "f1Mean": 0.9483038462038482,
        "accMean": 0.9945023197892192,
        "recMean": 0.9272771972263423,
        "precMean": 0.9935112951898251
    },
    "Std of all Scores": {
        "f1Std": 0.03329761840628424,
        "accStd": 0.0032029104743780744,
        "recStd": 0.048314132986258994,
        "precStd": 0.0074678552219762115
    }
}