{
    "Timeout": [
        3,
        60
    ],
    "Mean of all scores": {
        "f1Mean": 0.8917587170337657,
        "accMean": 0.9937028113147569,
        "recMean": 0.8797178988739651,
        "precMean": 0.9260651957056847
    },
    "Std of all Scores": {
        "f1Std": 0.04282350847261657,
        "accStd": 0.0037975901022052347,
        "recStd": 0.04528437898593797,
        "precStd": 0.04304111788668876
    }
}