{
    "Timeout": [
        1,
        4
    ],
    "Mean of all scores": {
        "f1Mean": 0.9375880025744904,
        "accMean": 0.9945672812943707,
        "recMean": 0.9233739092278433,
        "precMean": 0.9668367010777483
    },
    "Std of all Scores": {
        "f1Std": 0.040076199230248064,
        "accStd": 0.0031902489676925863,
        "recStd": 0.04852783443670899,
        "precStd": 0.02827520475420957
    }
}