{
    "Timeout": [
        0.5,
        4
    ],
    "Mean of all scores": {
        "f1Mean": 0.9509923071250185,
        "accMean": 0.9949545694014994,
        "recMean": 0.9309251344776899,
        "precMean": 0.9940483417023052
    },
    "Std of all Scores": {
        "f1Std": 0.034038432513188756,
        "accStd": 0.0029925526943829525,
        "recStd": 0.04416891848472781,
        "precStd": 0.007077185673936243
    }
}