{
    "Timeout": [
        1,
        3
    ],
    "Mean of all scores": {
        "f1Mean": 0.9365264065770604,
        "accMean": 0.9944459873967031,
        "recMean": 0.9183236107583286,
        "precMean": 0.9668496128281763
    },
    "Std of all Scores": {
        "f1Std": 0.05114485450567205,
        "accStd": 0.0032018555594417577,
        "recStd": 0.05529243207681595,
        "precStd": 0.05107843703394806
    }
}