{
    "Timeout": [
        10,
        30
    ],
    "Mean of all scores": {
        "f1Mean": 0.8970664750935246,
        "accMean": 0.993454815159936,
        "recMean": 0.8835607989092393,
        "precMean": 0.933407250873573
    },
    "Std of all Scores": {
        "f1Std": 0.06362920044661442,
        "accStd": 0.003973812022549679,
        "recStd": 0.07124048637650619,
        "precStd": 0.03747747988447554
    }
}