{
    "Timeout": [
        5,
        60
    ],
    "Mean of all scores": {
        "f1Mean": 0.8967788920852939,
        "accMean": 0.9940331985887629,
        "recMean": 0.8807187629152814,
        "precMean": 0.9399099378309931
    },
    "Std of all Scores": {
        "f1Std": 0.03706338407896307,
        "accStd": 0.00375991041094673,
        "recStd": 0.03926109243265614,
        "precStd": 0.022257619301965775
    }
}