{
    "Timeout": [
        3,
        3
    ],
    "Mean of all scores": {
        "f1Mean": 0.9211676499537861,
        "accMean": 0.9895037659518158,
        "recMean": 0.8993563919698409,
        "precMean": 0.9730407654852502
    },
    "Std of all Scores": {
        "f1Std": 0.044172233510295617,
        "accStd": 0.009362584080960294,
        "recStd": 0.05466933050678682,
        "precStd": 0.026957695906200996
    }
}