{
    "Timeout": [
        4,
        60
    ],
    "Mean of all scores": {
        "f1Mean": 0.8966737584827659,
        "accMean": 0.9938944202823754,
        "recMean": 0.880868908074967,
        "precMean": 0.9392266348646773
    },
    "Std of all Scores": {
        "f1Std": 0.03503398183717367,
        "accStd": 0.003786635821920109,
        "recStd": 0.038115316865185905,
        "precStd": 0.02289188086718959
    }
}