{
    "Timeout": [
        3,
        30
    ],
    "Mean of all scores": {
        "f1Mean": 0.891009771795987,
        "accMean": 0.9936738102951803,
        "recMean": 0.8795836210730196,
        "precMean": 0.925355179369947
    },
    "Std of all Scores": {
        "f1Std": 0.04608744598677209,
        "accStd": 0.0038410740370921188,
        "recStd": 0.0492828775921701,
        "precStd": 0.037408181196955305
    }
}