{
    "Timeout": [
        2,
        60
    ],
    "Mean of all scores": {
        "f1Mean": 0.9111745398113111,
        "accMean": 0.9938640890833688,
        "recMean": 0.893471266254636,
        "precMean": 0.9517646513836789
    },
    "Std of all Scores": {
        "f1Std": 0.04441206368401847,
        "accStd": 0.0036582641488313947,
        "recStd": 0.04823860050617371,
        "precStd": 0.03335098469690064
    }
}