{
    "Timeout": [
        3,
        5
    ],
    "Mean of all scores": {
        "f1Mean": 0.9349024534401742,
        "accMean": 0.9936352912276725,
        "recMean": 0.9147836002783872,
        "precMean": 0.9768046830785412
    },
    "Std of all Scores": {
        "f1Std": 0.034995545292221535,
        "accStd": 0.003519115386617661,
        "recStd": 0.04544386899634316,
        "precStd": 0.02478734011491001
    }
}