{
    "Timeout": [
        5,
        5
    ],
    "Mean of all scores": {
        "f1Mean": 0.9412819300991817,
        "accMean": 0.9938770758407994,
        "recMean": 0.9227439151491629,
        "precMean": 0.9762377071476503
    },
    "Std of all Scores": {
        "f1Std": 0.03764252915229784,
        "accStd": 0.003704641553382817,
        "recStd": 0.049634670352083916,
        "precStd": 0.025067383928885835
    }
}