{
    "Timeout": [
        0.5,
        60
    ],
    "Mean of all scores": {
        "f1Mean": 0.949972569273777,
        "accMean": 0.9947243685994346,
        "recMean": 0.9282605521430899,
        "precMean": 0.9958265205404973
    },
    "Std of all Scores": {
        "f1Std": 0.03929690736163859,
        "accStd": 0.0030533817615654673,
        "recStd": 0.052577347790890905,
        "precStd": 0.006549011142409336
    }
}