{
    "Timeout": [
        1,
        30
    ],
    "Mean of all scores": {
        "f1Mean": 0.9530160633422398,
        "accMean": 0.994346998795215,
        "recMean": 0.9342382424194502,
        "precMean": 0.991888692568409
    },
    "Std of all Scores": {
        "f1Std": 0.01849618533696942,
        "accStd": 0.00325616373080997,
        "recStd": 0.030940959954632464,
        "precStd": 0.009508647887870321
    }
}