{
    "Timeout": [
        4,
        30
    ],
    "Mean of all scores": {
        "f1Mean": 0.9098150132439888,
        "accMean": 0.9940039724609621,
        "recMean": 0.8941249184311892,
        "precMean": 0.9526187891866549
    },
    "Std of all Scores": {
        "f1Std": 0.051979683611478616,
        "accStd": 0.0037581173325368666,
        "recStd": 0.054795117427195957,
        "precStd": 0.03282876004730007
    }
}