{
    "Timeout": [
        10,
        60
    ],
    "Mean of all scores": {
        "f1Mean": 0.8725166982778237,
        "accMean": 0.9933889531197575,
        "recMean": 0.8577221343280759,
        "precMean": 0.9074567629926721
    },
    "Std of all Scores": {
        "f1Std": 0.051029808513818414,
        "accStd": 0.004114314266710771,
        "recStd": 0.058021767306800566,
        "precStd": 0.026226530158916364
    }
}