{
    "Timeout": [
        1,
        2
    ],
    "Mean of all scores": {
        "f1Mean": 0.9367489349161101,
        "accMean": 0.994942099099845,
        "recMean": 0.9209886635979648,
        "precMean": 0.9671983271574135
    },
    "Std of all Scores": {
        "f1Std": 0.04366885845658143,
        "accStd": 0.003206544270396145,
        "recStd": 0.047691411827418984,
        "precStd": 0.03571168791145014
    }
}