{
    "Timeout": [
        0.5,
        2
    ],
    "Mean of all scores": {
        "f1Mean": 0.9478628515864946,
        "accMean": 0.9948689135182651,
        "recMean": 0.9286341834116356,
        "precMean": 0.9921902735176656
    },
    "Std of all Scores": {
        "f1Std": 0.03212376291970406,
        "accStd": 0.00279344919975855,
        "recStd": 0.042080124299202715,
        "precStd": 0.006376544523306382
    }
}