{
    "Timeout": [
        5,
        30
    ],
    "Mean of all scores": {
        "f1Mean": 0.8894031846644264,
        "accMean": 0.9936351843242258,
        "recMean": 0.8765245844012117,
        "precMean": 0.9256861028295313
    },
    "Std of all Scores": {
        "f1Std": 0.0482564396281724,
        "accStd": 0.00382942933818834,
        "recStd": 0.05322517103187714,
        "precStd": 0.03762460167525075
    }
}