{
    "Timeout": [
        4,
        4
    ],
    "Mean of all scores": {
        "f1Mean": 0.9379320445415189,
        "accMean": 0.9942576839899202,
        "recMean": 0.9198037766963963,
        "precMean": 0.978785414986391
    },
    "Std of all Scores": {
        "f1Std": 0.044309050681812345,
        "accStd": 0.0035689212580958213,
        "recStd": 0.05593213043941082,
        "precStd": 0.024513780115349847
    }
}