{
    "Timeout": [
        0.5,
        3
    ],
    "Mean of all scores": {
        "f1Mean": 0.943737061100928,
        "accMean": 0.9947130145400003,
        "recMean": 0.9268858239108985,
        "precMean": 0.9799273794968665
    },
    "Std of all Scores": {
        "f1Std": 0.044334433842682604,
        "accStd": 0.0029200165368431685,
        "recStd": 0.04843824765325544,
        "precStd": 0.024166814248346723
    }
}