{
    "Timeout": [
        1,
        5
    ],
    "Mean of all scores": {
        "f1Mean": 0.9373802116973377,
        "accMean": 0.994295706890839,
        "recMean": 0.9210058620694532,
        "precMean": 0.9661060625793484
    },
    "Std of all Scores": {
        "f1Std": 0.05109929308142536,
        "accStd": 0.003247210036405708,
        "recStd": 0.053359466363772715,
        "precStd": 0.05072458006159315
    }
}