{
    "Timeout": [
        2,
        2
    ],
    "Mean of all scores": {
        "f1Mean": 0.9313578463274936,
        "accMean": 0.9937342391677454,
        "recMean": 0.9126344647409341,
        "precMean": 0.9867647246759038
    },
    "Std of all Scores": {
        "f1Std": 0.04390944629003708,
        "accStd": 0.003021807951799865,
        "recStd": 0.057041432705550406,
        "precStd": 0.011119604096060406
    }
}