{
    "Timeout": [
        4,
        5
    ],
    "Mean of all scores": {
        "f1Mean": 0.9372450034462272,
        "accMean": 0.993672071013002,
        "recMean": 0.9182795287521055,
        "precMean": 0.9777398081297031
    },
    "Std of all Scores": {
        "f1Std": 0.03200687313442877,
        "accStd": 0.003686856202346574,
        "recStd": 0.039438395738771614,
        "precStd": 0.02446223966911916
    }
}