{
    "Timeout": [
        2,
        4
    ],
    "Mean of all scores": {
        "f1Mean": 0.9294109809377064,
        "accMean": 0.99365452064756,
        "recMean": 0.9069537249101398,
        "precMean": 0.977592317820338
    },
    "Std of all Scores": {
        "f1Std": 0.03801429612744238,
        "accStd": 0.003604004143141446,
        "recStd": 0.04610129091546491,
        "precStd": 0.02465088613294013
    }
}