{
    "Timeout": [
        2,
        3
    ],
    "Mean of all scores": {
        "f1Mean": 0.9163186419392515,
        "accMean": 0.9942147853757299,
        "recMean": 0.8979939748353679,
        "precMean": 0.9589924963641989
    },
    "Std of all Scores": {
        "f1Std": 0.05675556030777977,
        "accStd": 0.00335965329018815,
        "recStd": 0.06304956757641064,
        "precStd": 0.047742079389451283
    }
}