{
    "Timeout": 3,
    "Mean of all scores": {
        "f1Mean": 0.8750557737306398,
        "accMean": 0.9552589692793795,
        "recMean": 0.8968391124416064,
        "precMean": 0.8795207841394586
    },
    "Std of all Scores": {
        "f1Std": 0.06427359028764344,
        "accStd": 0.025085793194026536,
        "recStd": 0.04538945829351286,
        "precStd": 0.0690897105934189
    }
}