{
    "Timeout": 5,
    "Mean of all scores": {
        "f1Mean": 0.8843856887461328,
        "accMean": 0.959346301955079,
        "recMean": 0.89574878748557,
        "precMean": 0.8888077792419894
    },
    "Std of all Scores": {
        "f1Std": 0.05708441358346792,
        "accStd": 0.020065329523510263,
        "recStd": 0.04469756301124916,
        "precStd": 0.05904755338836655
    }
}