{
    "Timeout": 4,
    "Mean of all scores": {
        "f1Mean": 0.883155709138285,
        "accMean": 0.9592932763394458,
        "recMean": 0.8953341120905733,
        "precMean": 0.8886726941814516
    },
    "Std of all Scores": {
        "f1Std": 0.05821691562257599,
        "accStd": 0.02030467396708093,
        "recStd": 0.04536357906611467,
        "precStd": 0.06045332932537671
    }
}