{
    "Timeout": 6,
    "Mean of all scores": {
        "f1Mean": 0.885245059316139,
        "accMean": 0.9595084952733858,
        "recMean": 0.8965766807015862,
        "precMean": 0.8899467852606152
    },
    "Std of all Scores": {
        "f1Std": 0.05621459427896591,
        "accStd": 0.02018939945059391,
        "recStd": 0.044254025174569805,
        "precStd": 0.0588013846417879
    }
}