{
    "Timeout": 30,
    "Mean of all scores": {
        "f1Mean": 0.8826053003268898,
        "accMean": 0.9571896528224523,
        "recMean": 0.8944735083776975,
        "precMean": 0.8958661691951286
    },
    "Std of all Scores": {
        "f1Std": 0.03505522104583612,
        "accStd": 0.010487342670645002,
        "recStd": 0.0332172594586713,
        "precStd": 0.03925492144547275
    }
}