{
    "Timeout": "default",
    "Mean of all scores": {
        "f1Mean": 0.8869640911843966,
        "accMean": 0.9604993028700708,
        "recMean": 0.8993197609689465,
        "precMean": 0.894273200586267
    },
    "Std of all Scores": {
        "f1Std": 0.05684731569281597,
        "accStd": 0.02049124870399308,
        "recStd": 0.044028399995619756,
        "precStd": 0.061833180492736756
    }
}