{
    "Timeout": 0.5,
    "Mean of all scores": {
        "f1Mean": 0.8683073791237368,
        "accMean": 0.9515333142604909,
        "recMean": 0.8891246161037731,
        "precMean": 0.8720649801454339
    },
    "Std of all Scores": {
        "f1Std": 0.06355661142832485,
        "accStd": 0.025311428632770968,
        "recStd": 0.04221385315450868,
        "precStd": 0.06780055153818457
    }
}