{
    "Timeout": 60,
    "Mean of all scores": {
        "f1Mean": 0.8801697262957354,
        "accMean": 0.9570019487203292,
        "recMean": 0.8921087784745124,
        "precMean": 0.8945481730804905
    },
    "Std of all Scores": {
        "f1Std": 0.03960117617358176,
        "accStd": 0.010639638306384503,
        "recStd": 0.03678920411497388,
        "precStd": 0.040357988056523436
    }
}