{
    "Timeout": 1,
    "Mean of all scores": {
        "f1Mean": 0.8768119847411745,
        "accMean": 0.9543858728451105,
        "recMean": 0.9000058632608827,
        "precMean": 0.8837370913981697
    },
    "Std of all Scores": {
        "f1Std": 0.06481819129413141,
        "accStd": 0.02702519291708622,
        "recStd": 0.044949843689949955,
        "precStd": 0.07033430083485488
    }
}