{
    "Timeout": [
        1,
        4
    ],
    "Mean of all scores": {
        "f1Mean": 0.9037852689021213,
        "accMean": 0.9233896961094101,
        "recMean": 0.9115812392792251,
        "precMean": 0.9093559665065133
    },
    "Std of all Scores": {
        "f1Std": 0.032357191498772954,
        "accStd": 0.025419402824326545,
        "recStd": 0.022731594198061707,
        "precStd": 0.037396432386717006
    }
}