{
    "Timeout": [
        0.5,
        3
    ],
    "Mean of all scores": {
        "f1Mean": 0.897502367795236,
        "accMean": 0.9207217790261156,
        "recMean": 0.9004861353000612,
        "precMean": 0.9078499986787423
    },
    "Std of all Scores": {
        "f1Std": 0.02902813077113199,
        "accStd": 0.02359664125761492,
        "recStd": 0.021545333822291943,
        "precStd": 0.033293180532674514
    }
}