{
    "Timeout": [
        1,
        5
    ],
    "Mean of all scores": {
        "f1Mean": 0.9038638623287756,
        "accMean": 0.9250149621771737,
        "recMean": 0.9118056531357176,
        "precMean": 0.9087352666695843
    },
    "Std of all Scores": {
        "f1Std": 0.03156517099474,
        "accStd": 0.024479971831063974,
        "recStd": 0.022928398736055747,
        "precStd": 0.03567504534478659
    }
}