{
    "Timeout": [
        2,
        3
    ],
    "Mean of all scores": {
        "f1Mean": 0.9044208159703796,
        "accMean": 0.9228423766768218,
        "recMean": 0.911929412650246,
        "precMean": 0.9101655263912631
    },
    "Std of all Scores": {
        "f1Std": 0.03318505068900006,
        "accStd": 0.026377207755094598,
        "recStd": 0.022650115604360737,
        "precStd": 0.038727209520479915
    }
}