{
    "Timeout": [
        10,
        30
    ],
    "Mean of all scores": {
        "f1Mean": 0.9141863183963622,
        "accMean": 0.9339760481389205,
        "recMean": 0.928448604597258,
        "precMean": 0.9123051773117081
    },
    "Std of all Scores": {
        "f1Std": 0.03352480311341374,
        "accStd": 0.022233049038239607,
        "recStd": 0.02753899261581611,
        "precStd": 0.040185866105801014
    }
}