{
    "Timeout": [
        2,
        60
    ],
    "Mean of all scores": {
        "f1Mean": 0.9052581005711884,
        "accMean": 0.9264206833572143,
        "recMean": 0.9122764236252745,
        "precMean": 0.910830838652191
    },
    "Std of all Scores": {
        "f1Std": 0.03455469670384973,
        "accStd": 0.025679910306377392,
        "recStd": 0.022887738287807165,
        "precStd": 0.041278688081914795
    }
}