{
    "Timeout": [
        1,
        60
    ],
    "Mean of all scores": {
        "f1Mean": 0.903651685605934,
        "accMean": 0.9247560299539778,
        "recMean": 0.9112173834515815,
        "precMean": 0.9089461136233566
    },
    "Std of all Scores": {
        "f1Std": 0.03181383192028123,
        "accStd": 0.024742892645105072,
        "recStd": 0.02253042891227819,
        "precStd": 0.036242728785176224
    }
}