{
    "Timeout": [
        2,
        2
    ],
    "Mean of all scores": {
        "f1Mean": 0.90572807073241,
        "accMean": 0.9248055315471045,
        "recMean": 0.9128060399560111,
        "precMean": 0.9115750867453734
    },
    "Std of all Scores": {
        "f1Std": 0.03363298917839884,
        "accStd": 0.02573067617707791,
        "recStd": 0.02340116137199441,
        "precStd": 0.039096055647767025
    }
}