{
    "Timeout": [
        4,
        30
    ],
    "Mean of all scores": {
        "f1Mean": 0.9058285343689999,
        "accMean": 0.9266489162095031,
        "recMean": 0.9123857327002428,
        "precMean": 0.9119435614786415
    },
    "Std of all Scores": {
        "f1Std": 0.033392696310797124,
        "accStd": 0.025444845777434992,
        "recStd": 0.02324466622913138,
        "precStd": 0.038992264653266315
    }
}