{
    "Timeout": [
        5,
        60
    ],
    "Mean of all scores": {
        "f1Mean": 0.9032302583435003,
        "accMean": 0.9266488632096159,
        "recMean": 0.9124861728346246,
        "precMean": 0.9066062367868171
    },
    "Std of all Scores": {
        "f1Std": 0.03698502618999186,
        "accStd": 0.025305061630236783,
        "recStd": 0.02301476592371397,
        "precStd": 0.046927405555621915
    }
}