{
    "Timeout": [
        2,
        30
    ],
    "Mean of all scores": {
        "f1Mean": 0.9036177923532873,
        "accMean": 0.9231657365612392,
        "recMean": 0.9117080597743057,
        "precMean": 0.9088268904004012
    },
    "Std of all Scores": {
        "f1Std": 0.0343082031955982,
        "accStd": 0.02637583944394897,
        "recStd": 0.023395902454676838,
        "precStd": 0.04076172485911739
    }
}