{
    "Timeout": [
        2,
        5
    ],
    "Mean of all scores": {
        "f1Mean": 0.9061913686146597,
        "accMean": 0.926485535699712,
        "recMean": 0.9125028579305144,
        "precMean": 0.9124352981397881
    },
    "Std of all Scores": {
        "f1Std": 0.033623872664469125,
        "accStd": 0.025667519856082625,
        "recStd": 0.023091590825932113,
        "precStd": 0.039280931855748054
    }
}