{
    "Timeout": [
        1,
        2
    ],
    "Mean of all scores": {
        "f1Mean": 0.903967393612564,
        "accMean": 0.9228661275169079,
        "recMean": 0.9117412873152302,
        "precMean": 0.9095690740134927
    },
    "Std of all Scores": {
        "f1Std": 0.03191659523111685,
        "accStd": 0.025649487083295397,
        "recStd": 0.022887453761127705,
        "precStd": 0.03643506261757293
    }
}