{
    "Timeout": [
        5,
        5
    ],
    "Mean of all scores": {
        "f1Mean": 0.903789100358144,
        "accMean": 0.9267128237397495,
        "recMean": 0.912609206583771,
        "precMean": 0.9075854878121673
    },
    "Std of all Scores": {
        "f1Std": 0.037208213269711486,
        "accStd": 0.025334768733210177,
        "recStd": 0.022854568366197116,
        "precStd": 0.047619106167837516
    }
}