{
    "Timeout": [
        0.5,
        30
    ],
    "Mean of all scores": {
        "f1Mean": 0.8954567179090095,
        "accMean": 0.9174455227511331,
        "recMean": 0.8996661694958414,
        "precMean": 0.9054558764570763
    },
    "Std of all Scores": {
        "f1Std": 0.028841354877632862,
        "accStd": 0.024517983791345614,
        "recStd": 0.021557919051677994,
        "precStd": 0.033103110265571854
    }
}