{
    "Timeout": [
        10,
        60
    ],
    "Mean of all scores": {
        "f1Mean": 0.9160757579150797,
        "accMean": 0.9347626246869485,
        "recMean": 0.9301352283442542,
        "precMean": 0.9143655459540154
    },
    "Std of all Scores": {
        "f1Std": 0.03346078899502208,
        "accStd": 0.022092302103930962,
        "recStd": 0.02800339480089968,
        "precStd": 0.039243054124231236
    }
}