{
    "Timeout": [
        1,
        30
    ],
    "Mean of all scores": {
        "f1Mean": 0.9055414724039803,
        "accMean": 0.9267085922923097,
        "recMean": 0.9117456819100586,
        "precMean": 0.9121421967732217
    },
    "Std of all Scores": {
        "f1Std": 0.03258512975974735,
        "accStd": 0.024734132873506003,
        "recStd": 0.02238332603599766,
        "precStd": 0.03795457889884473
    }
}