{
    "Timeout": [
        3,
        3
    ],
    "Mean of all scores": {
        "f1Mean": 0.9061773453455233,
        "accMean": 0.9266550011991154,
        "recMean": 0.9125100111942208,
        "precMean": 0.9124908390400208
    },
    "Std of all Scores": {
        "f1Std": 0.032897509577278924,
        "accStd": 0.025003424177392878,
        "recStd": 0.022953272086101838,
        "precStd": 0.03827472751230457
    }
}