{
    "Timeout": [
        4,
        60
    ],
    "Mean of all scores": {
        "f1Mean": 0.9031740050619168,
        "accMean": 0.9265425471221306,
        "recMean": 0.9121082985523052,
        "precMean": 0.9068799416630748
    },
    "Std of all Scores": {
        "f1Std": 0.03760224169992552,
        "accStd": 0.025562865202535517,
        "recStd": 0.02327425183420287,
        "precStd": 0.04793923660903595
    }
}