{
    "Timeout": [
        0.5,
        2
    ],
    "Mean of all scores": {
        "f1Mean": 0.8957020396708361,
        "accMean": 0.9178138150843541,
        "recMean": 0.8999583921712112,
        "precMean": 0.9052666568618409
    },
    "Std of all Scores": {
        "f1Std": 0.028255900576263596,
        "accStd": 0.02367135409903653,
        "recStd": 0.021450495785924818,
        "precStd": 0.03196764125484954
    }
}