{
    "Timeout": [
        4,
        4
    ],
    "Mean of all scores": {
        "f1Mean": 0.903826764242632,
        "accMean": 0.9264979481381914,
        "recMean": 0.9128569509498229,
        "precMean": 0.9074502861876127
    },
    "Std of all Scores": {
        "f1Std": 0.03688428185183134,
        "accStd": 0.025101031725265458,
        "recStd": 0.02270542825206236,
        "precStd": 0.04735918384637585
    }
}