{
    "Timeout": [
        1,
        3
    ],
    "Mean of all scores": {
        "f1Mean": 0.9044446251404927,
        "accMean": 0.9262953494434951,
        "recMean": 0.9120160012400357,
        "precMean": 0.909387879704339
    },
    "Std of all Scores": {
        "f1Std": 0.0312177585144535,
        "accStd": 0.02418609137684858,
        "recStd": 0.02266975467836061,
        "precStd": 0.035480599950407504
    }
}