{
    "Timeout": [
        3,
        4
    ],
    "Mean of all scores": {
        "f1Mean": 0.9063252725057482,
        "accMean": 0.9268816713696693,
        "recMean": 0.9126002547072453,
        "precMean": 0.9127075223350509
    },
    "Std of all Scores": {
        "f1Std": 0.033085185872546004,
        "accStd": 0.025121997223531655,
        "recStd": 0.02315115681146469,
        "precStd": 0.0387084789361857
    }
}