{
    "Timeout": [
        3,
        5
    ],
    "Mean of all scores": {
        "f1Mean": 0.9062613869143827,
        "accMean": 0.9267732596279712,
        "recMean": 0.9127607669201401,
        "precMean": 0.9123862750524872
    },
    "Std of all Scores": {
        "f1Std": 0.033112200787465226,
        "accStd": 0.025294298337210024,
        "recStd": 0.022804299944025056,
        "precStd": 0.03868827419185631
    }
}