{
    "Timeout": [
        0.5,
        5
    ],
    "Mean of all scores": {
        "f1Mean": 0.8958900616265361,
        "accMean": 0.9189209940368028,
        "recMean": 0.9001297192416275,
        "precMean": 0.9056304454018642
    },
    "Std of all Scores": {
        "f1Std": 0.02883795296504242,
        "accStd": 0.02398084168112659,
        "recStd": 0.021661500526985657,
        "precStd": 0.03294670578407785
    }
}