{
    "Timeout": [
        2,
        4
    ],
    "Mean of all scores": {
        "f1Mean": 0.9057288823101579,
        "accMean": 0.9265324940154269,
        "recMean": 0.9125797806775534,
        "precMean": 0.911423281439701
    },
    "Std of all Scores": {
        "f1Std": 0.03442816443989937,
        "accStd": 0.025651104796761432,
        "recStd": 0.022867551739195698,
        "precStd": 0.041150923053850964
    }
}