{
    "Timeout": [
        3,
        30
    ],
    "Mean of all scores": {
        "f1Mean": 0.9058435677519313,
        "accMean": 0.9266964873254171,
        "recMean": 0.9124279529241516,
        "precMean": 0.9119148600293883
    },
    "Std of all Scores": {
        "f1Std": 0.03330811550904389,
        "accStd": 0.025340560813704772,
        "recStd": 0.023072030620316823,
        "precStd": 0.03894497460951254
    }
}