{
    "Timeout": [
        0.5,
        4
    ],
    "Mean of all scores": {
        "f1Mean": 0.8954229418113588,
        "accMean": 0.9168294454806526,
        "recMean": 0.8998320044664148,
        "precMean": 0.9050869423760188
    },
    "Std of all Scores": {
        "f1Std": 0.028388293888324426,
        "accStd": 0.024543408770903843,
        "recStd": 0.021418849748262504,
        "precStd": 0.032285254520825805
    }
}