{
    "Timeout": [
        5,
        30
    ],
    "Mean of all scores": {
        "f1Mean": 0.9069431251876339,
        "accMean": 0.9285534739702817,
        "recMean": 0.9129248419737539,
        "precMean": 0.9127490324323222
    },
    "Std of all Scores": {
        "f1Std": 0.03171807525922542,
        "accStd": 0.022537638725430076,
        "recStd": 0.023285539441749988,
        "precStd": 0.037519785735054
    }
}