{
    "Timeout": [
        4,
        5
    ],
    "Mean of all scores": {
        "f1Mean": 0.9026313628635159,
        "accMean": 0.926358078667912,
        "recMean": 0.9126335297664683,
        "precMean": 0.905361103526299
    },
    "Std of all Scores": {
        "f1Std": 0.03672101923667338,
        "accStd": 0.025256252269661612,
        "recStd": 0.02292229097935084,
        "precStd": 0.046859758738120705
    }
}