{
    "Timeout": [
        0.5,
        60
    ],
    "Mean of all scores": {
        "f1Mean": 0.8970438460593755,
        "accMean": 0.9204098711744386,
        "recMean": 0.9002129446629858,
        "precMean": 0.9080959761735681
    },
    "Std of all Scores": {
        "f1Std": 0.029423484531513253,
        "accStd": 0.023993424814501473,
        "recStd": 0.02134740158059942,
        "precStd": 0.034571674464015274
    }
}