{
    "Timeout": [
        3,
        60
    ],
    "Mean of all scores": {
        "f1Mean": 0.9059283669156688,
        "accMean": 0.9267298985262826,
        "recMean": 0.9124364435141707,
        "precMean": 0.9120210571717833
    },
    "Std of all Scores": {
        "f1Std": 0.03313121363613975,
        "accStd": 0.0253122066709628,
        "recStd": 0.023194597426075856,
        "precStd": 0.03849581043348982
    }
}