{
    "Timeout": 4,
    "Mean of all scores": {
        "f1Mean": 0.8673749541956987,
        "accMean": 0.9551440924891519,
        "recMean": 0.8870070928499059,
        "precMean": 0.8771261816198364
    },
    "Std of all Scores": {
        "f1Std": 0.06367460344304826,
        "accStd": 0.020084036660286717,
        "recStd": 0.046373600710398304,
        "precStd": 0.0690194650939297
    }
}