{
    "Timeout": 6,
    "Mean of all scores": {
        "f1Mean": 0.8691343596239592,
        "accMean": 0.9556993073246731,
        "recMean": 0.8873139129477503,
        "precMean": 0.880704456847031
    },
    "Std of all Scores": {
        "f1Std": 0.06259533525477622,
        "accStd": 0.019317045665664008,
        "recStd": 0.044994317904314435,
        "precStd": 0.065871912837177
    }
}