{
    "Timeout": 0.5,
    "Mean of all scores": {
        "f1Mean": 0.8459183649523123,
        "accMean": 0.9344264305384229,
        "recMean": 0.8742888197508385,
        "precMean": 0.8600399674957835
    },
    "Std of all Scores": {
        "f1Std": 0.06772354820400206,
        "accStd": 0.0427722784774913,
        "recStd": 0.04011938987459781,
        "precStd": 0.07313439592380304
    }
}