{
    "Timeout": 5,
    "Mean of all scores": {
        "f1Mean": 0.8627911690171782,
        "accMean": 0.9540138987596167,
        "recMean": 0.8867903887952024,
        "precMean": 0.8733482420159803
    },
    "Std of all Scores": {
        "f1Std": 0.06668038109666541,
        "accStd": 0.02108217916620338,
        "recStd": 0.04668755096780424,
        "precStd": 0.07230594691677272
    }
}