{
    "Timeout": 30,
    "Mean of all scores": {
        "f1Mean": 0.8702412024924845,
        "accMean": 0.9544390848567128,
        "recMean": 0.8892982042002503,
        "precMean": 0.8906997276141666
    },
    "Std of all Scores": {
        "f1Std": 0.0343899690644257,
        "accStd": 0.010243457356614144,
        "recStd": 0.030876107152330932,
        "precStd": 0.04886693630877315
    }
}