{
    "Timeout": 2,
    "Mean of all scores": {
        "f1Mean": 0.8573481272308584,
        "accMean": 0.9434857458708628,
        "recMean": 0.886431779349197,
        "precMean": 0.8696561902954001
    },
    "Std of all Scores": {
        "f1Std": 0.0711070962502442,
        "accStd": 0.03631931161045318,
        "recStd": 0.045843108284549745,
        "precStd": 0.07589303106405826
    }
}