{
    "Timeout": [
        1,
        4
    ],
    "Mean of all scores": {
        "f1Mean": 0.730429667297094,
        "accMean": 0.987630890731037,
        "recMean": 0.7221482941322274,
        "precMean": 0.7669762695220054
    },
    "Std of all Scores": {
        "f1Std": 0.01837645070732508,
        "accStd": 0.0030974801479056063,
        "recStd": 0.006983851407726786,
        "precStd": 0.06521918252605634
    }
}