{
    "Timeout": [
        2,
        30
    ],
    "Mean of all scores": {
        "f1Mean": 0.7313651900375301,
        "accMean": 0.9877335595564636,
        "recMean": 0.7213427830323933,
        "precMean": 0.7693542888324956
    },
    "Std of all Scores": {
        "f1Std": 0.0183825503801123,
        "accStd": 0.0030816431341704796,
        "recStd": 0.008795410227837844,
        "precStd": 0.0647065608397811
    }
}