{
    "Timeout": [
        2,
        3
    ],
    "Mean of all scores": {
        "f1Mean": 0.7300426670462956,
        "accMean": 0.9877552562728746,
        "recMean": 0.7207049574914614,
        "precMean": 0.7775466481146263
    },
    "Std of all Scores": {
        "f1Std": 0.01877869137362174,
        "accStd": 0.0030586598254221625,
        "recStd": 0.008414405582523226,
        "precStd": 0.08360148925075529
    }
}