{
    "Timeout": [
        1,
        5
    ],
    "Mean of all scores": {
        "f1Mean": 0.7311910022420498,
        "accMean": 0.9876191793400709,
        "recMean": 0.7209633818448375,
        "precMean": 0.7692920348668557
    },
    "Std of all Scores": {
        "f1Std": 0.020855097108160605,
        "accStd": 0.003178671176221958,
        "recStd": 0.005467524713031611,
        "precStd": 0.06596856048100053
    }
}