{
    "Timeout": [
        0.5,
        2
    ],
    "Mean of all scores": {
        "f1Mean": 0.7284428335079234,
        "accMean": 0.987530537462938,
        "recMean": 0.7186520282585702,
        "precMean": 0.7630257329758858
    },
    "Std of all Scores": {
        "f1Std": 0.021609413668099747,
        "accStd": 0.0031708164729625198,
        "recStd": 0.00789358772696391,
        "precStd": 0.0618471150818961
    }
}