{
    "Timeout": [
        10,
        60
    ],
    "Mean of all scores": {
        "f1Mean": 0.7314680544959851,
        "accMean": 0.9877742571451605,
        "recMean": 0.721025746354325,
        "precMean": 0.7664951008641883
    },
    "Std of all Scores": {
        "f1Std": 0.018054768127135266,
        "accStd": 0.0031078226382251642,
        "recStd": 0.007873124135909865,
        "precStd": 0.05815309103555756
    }
}