{
    "Timeout": [
        0.5,
        5
    ],
    "Mean of all scores": {
        "f1Mean": 0.7285900348435088,
        "accMean": 0.9874926597008592,
        "recMean": 0.7195394074092668,
        "precMean": 0.7616534420790787
    },
    "Std of all Scores": {
        "f1Std": 0.019635212847935683,
        "accStd": 0.0031359020613642126,
        "recStd": 0.005296985142355793,
        "precStd": 0.059704686728870936
    }
}