{
    "Timeout": [
        3,
        5
    ],
    "Mean of all scores": {
        "f1Mean": 0.7300075957243408,
        "accMean": 0.987778119552958,
        "recMean": 0.7195180382283863,
        "precMean": 0.7686997487516288
    },
    "Std of all Scores": {
        "f1Std": 0.018212287536601385,
        "accStd": 0.003090461607343422,
        "recStd": 0.008195521655328847,
        "precStd": 0.06303246006194126
    }
}