{
    "Timeout": [
        0.5,
        3
    ],
    "Mean of all scores": {
        "f1Mean": 0.7288268221545702,
        "accMean": 0.9875034903184534,
        "recMean": 0.7189610077381383,
        "precMean": 0.7637699341950823
    },
    "Std of all Scores": {
        "f1Std": 0.019316269239852052,
        "accStd": 0.0031727553035546664,
        "recStd": 0.009482686842441157,
        "precStd": 0.0585373024944202
    }
}