{
    "Timeout": [
        3,
        60
    ],
    "Mean of all scores": {
        "f1Mean": 0.7306514448753569,
        "accMean": 0.9877535418232373,
        "recMean": 0.7212516696884663,
        "precMean": 0.7676168443144549
    },
    "Std of all Scores": {
        "f1Std": 0.019013043588147073,
        "accStd": 0.0031033714476664436,
        "recStd": 0.007737085951391765,
        "precStd": 0.0651091884392712
    }
}