{
    "Timeout": [
        4,
        60
    ],
    "Mean of all scores": {
        "f1Mean": 0.7299762274348434,
        "accMean": 0.9877710634431347,
        "recMean": 0.7193174040693304,
        "precMean": 0.7695082712726917
    },
    "Std of all Scores": {
        "f1Std": 0.01913320330034432,
        "accStd": 0.0030890344097920836,
        "recStd": 0.009711646942216224,
        "precStd": 0.06523899012212125
    }
}