{
    "Timeout": [
        3,
        3
    ],
    "Mean of all scores": {
        "f1Mean": 0.728920049713157,
        "accMean": 0.9877534732707419,
        "recMean": 0.7181399743280373,
        "precMean": 0.7685626867298965
    },
    "Std of all Scores": {
        "f1Std": 0.019972552118400176,
        "accStd": 0.0030814012592559063,
        "recStd": 0.007001251891157368,
        "precStd": 0.06561079319796566
    }
}