{
    "Timeout": [
        1,
        30
    ],
    "Mean of all scores": {
        "f1Mean": 0.7272608460925207,
        "accMean": 0.9876468698179968,
        "recMean": 0.7162335544901789,
        "precMean": 0.7672747993108052
    },
    "Std of all Scores": {
        "f1Std": 0.01882637169826683,
        "accStd": 0.0031456995851551544,
        "recStd": 0.0071042466128469674,
        "precStd": 0.06529936964371949
    }
}