{
    "Timeout": [
        2,
        2
    ],
    "Mean of all scores": {
        "f1Mean": 0.730893427877723,
        "accMean": 0.9877361566977818,
        "recMean": 0.7217528073940314,
        "precMean": 0.7682659188778168
    },
    "Std of all Scores": {
        "f1Std": 0.019483860797616714,
        "accStd": 0.0030844425978469666,
        "recStd": 0.009275502157552835,
        "precStd": 0.065401758906327
    }
}