{
    "Timeout": [
        0.5,
        4
    ],
    "Mean of all scores": {
        "f1Mean": 0.729638698218064,
        "accMean": 0.98752539826182,
        "recMean": 0.7191671754113934,
        "precMean": 0.7687442870558183
    },
    "Std of all Scores": {
        "f1Std": 0.02056194892539837,
        "accStd": 0.0031772319488130663,
        "recStd": 0.006583462484378032,
        "precStd": 0.06653385152351733
    }
}