{
    "Timeout": [
        2,
        4
    ],
    "Mean of all scores": {
        "f1Mean": 0.7290037975051449,
        "accMean": 0.9877356129947316,
        "recMean": 0.7192393920564311,
        "precMean": 0.7669279103899166
    },
    "Std of all Scores": {
        "f1Std": 0.019981016585255307,
        "accStd": 0.0030920751100530605,
        "recStd": 0.008458212198392299,
        "precStd": 0.066072912700163
    }
}