{
    "Timeout": [
        5,
        60
    ],
    "Mean of all scores": {
        "f1Mean": 0.7304189254981417,
        "accMean": 0.9877778836265753,
        "recMean": 0.7195191805844279,
        "precMean": 0.7686482137752648
    },
    "Std of all Scores": {
        "f1Std": 0.019539038811974205,
        "accStd": 0.0030919242163216644,
        "recStd": 0.00898160855408068,
        "precStd": 0.06525484244399242
    }
}