{
    "Timeout": [
        4,
        30
    ],
    "Mean of all scores": {
        "f1Mean": 0.7312196834505669,
        "accMean": 0.9877408056042032,
        "recMean": 0.7220588134444367,
        "precMean": 0.7645685530281217
    },
    "Std of all Scores": {
        "f1Std": 0.01855867163865452,
        "accStd": 0.0030768278966625887,
        "recStd": 0.0073862464478951445,
        "precStd": 0.059036669201770454
    }
}