{
    "Timeout": [
        1,
        3
    ],
    "Mean of all scores": {
        "f1Mean": 0.7293426082683917,
        "accMean": 0.9876494723643832,
        "recMean": 0.7192744325324937,
        "precMean": 0.7668038234427457
    },
    "Std of all Scores": {
        "f1Std": 0.01965121904881937,
        "accStd": 0.003161950192155837,
        "recStd": 0.009595784990294592,
        "precStd": 0.06560660148135052
    }
}