{
    "Timeout": [
        2,
        60
    ],
    "Mean of all scores": {
        "f1Mean": 0.7314977701162555,
        "accMean": 0.9877789502128834,
        "recMean": 0.7221376252102373,
        "precMean": 0.7690021144242354
    },
    "Std of all Scores": {
        "f1Std": 0.017292482309190765,
        "accStd": 0.0030696716065319626,
        "recStd": 0.010271826477481587,
        "precStd": 0.06400907415298697
    }
}