{
    "Timeout": [
        1,
        60
    ],
    "Mean of all scores": {
        "f1Mean": 0.7294324371173022,
        "accMean": 0.9876097380071849,
        "recMean": 0.7205303273744246,
        "precMean": 0.7633841339156933
    },
    "Std of all Scores": {
        "f1Std": 0.02097381831531836,
        "accStd": 0.0031586925808060546,
        "recStd": 0.006828246661026871,
        "precStd": 0.06247398086529463
    }
}