{
    "Timeout": [
        10,
        30
    ],
    "Mean of all scores": {
        "f1Mean": 0.7305610828675989,
        "accMean": 0.9877635378444009,
        "recMean": 0.7210313326561544,
        "precMean": 0.7651784307223701
    },
    "Std of all Scores": {
        "f1Std": 0.01820766620595137,
        "accStd": 0.003092150438559394,
        "recStd": 0.0082219079572853,
        "precStd": 0.05991991542298246
    }
}