{
    "Timeout": [
        3,
        30
    ],
    "Mean of all scores": {
        "f1Mean": 0.7303520299102771,
        "accMean": 0.98775991676802,
        "recMean": 0.7207557388991497,
        "precMean": 0.768126840386299
    },
    "Std of all Scores": {
        "f1Std": 0.01948309438532328,
        "accStd": 0.003082328865771739,
        "recStd": 0.007934682834785689,
        "precStd": 0.06514705833034039
    }
}