{
    "Timeout": [
        3,
        4
    ],
    "Mean of all scores": {
        "f1Mean": 0.7279709252319219,
        "accMean": 0.9877590821602658,
        "recMean": 0.71747853802626,
        "precMean": 0.766551931496566
    },
    "Std of all Scores": {
        "f1Std": 0.01788885090209756,
        "accStd": 0.003068812561405287,
        "recStd": 0.008182052120642706,
        "precStd": 0.06484897889299113
    }
}