{
    "Timeout": [
        2,
        5
    ],
    "Mean of all scores": {
        "f1Mean": 0.7303166817925693,
        "accMean": 0.9877536959078423,
        "recMean": 0.7195864058688466,
        "precMean": 0.7692530741431264
    },
    "Std of all Scores": {
        "f1Std": 0.017542559089972477,
        "accStd": 0.003086531096994939,
        "recStd": 0.0076779047961648365,
        "precStd": 0.0641890922161429
    }
}