{
    "Timeout": [
        5,
        30
    ],
    "Mean of all scores": {
        "f1Mean": 0.7295187378973773,
        "accMean": 0.9877256405872151,
        "recMean": 0.7199478257388362,
        "precMean": 0.7673403029035966
    },
    "Std of all Scores": {
        "f1Std": 0.01755338801036813,
        "accStd": 0.0031289497379024746,
        "recStd": 0.00908460123526235,
        "precStd": 0.06414752423989335
    }
}