{
    "Timeout": [
        5,
        5
    ],
    "Mean of all scores": {
        "f1Mean": 0.7302580981999955,
        "accMean": 0.9877748581940409,
        "recMean": 0.7210460359819243,
        "precMean": 0.7674305781633072
    },
    "Std of all Scores": {
        "f1Std": 0.018308850781173083,
        "accStd": 0.0031084155347038834,
        "recStd": 0.0082692066122847,
        "precStd": 0.06397147027144562
    }
}