{
    "Timeout": [
        0.5,
        30
    ],
    "Mean of all scores": {
        "f1Mean": 0.728012209333116,
        "accMean": 0.9875125531343099,
        "recMean": 0.7174283728037855,
        "precMean": 0.7660880821014763
    },
    "Std of all Scores": {
        "f1Std": 0.01760422631832005,
        "accStd": 0.003158105056278734,
        "recStd": 0.008502260542845365,
        "precStd": 0.06458681842945418
    }
}