{
    "Timeout": [
        1,
        2
    ],
    "Mean of all scores": {
        "f1Mean": 0.7274457810467201,
        "accMean": 0.9876443255486071,
        "recMean": 0.7171121286300004,
        "precMean": 0.7659399924931544
    },
    "Std of all Scores": {
        "f1Std": 0.020967324919632404,
        "accStd": 0.0031606340883639198,
        "recStd": 0.0086277271156371,
        "precStd": 0.06631940917845808
    }
}