{
    "Timeout": [
        0.5,
        60
    ],
    "Mean of all scores": {
        "f1Mean": 0.7278125566494676,
        "accMean": 0.9875096017056256,
        "recMean": 0.7176494477009723,
        "precMean": 0.7662147100672122
    },
    "Std of all Scores": {
        "f1Std": 0.018827288338791315,
        "accStd": 0.0031668364982505794,
        "recStd": 0.007899210837280074,
        "precStd": 0.06658130467554928
    }
}