{
    "Timeout": [
        4,
        4
    ],
    "Mean of all scores": {
        "f1Mean": 0.7286421560854178,
        "accMean": 0.9877382383259106,
        "recMean": 0.7187329819929557,
        "precMean": 0.7626684876758125
    },
    "Std of all Scores": {
        "f1Std": 0.0197876526747335,
        "accStd": 0.003087266494196187,
        "recStd": 0.006075064468559104,
        "precStd": 0.06060041981775796
    }
}