{
    "Timeout": [
        4,
        5
    ],
    "Mean of all scores": {
        "f1Mean": 0.7306240719295681,
        "accMean": 0.9877938559120306,
        "recMean": 0.7213143544921097,
        "precMean": 0.7668522424987104
    },
    "Std of all Scores": {
        "f1Std": 0.020568716401179018,
        "accStd": 0.0030869046961061603,
        "recStd": 0.007609738393061941,
        "precStd": 0.06540745749170021
    }
}