{
    "Timeout": 3,
    "Mean of all scores": {
        "f1Mean": 0.7086036445379907,
        "accMean": 0.8562328426604413,
        "recMean": 0.7327954837838415,
        "precMean": 0.7401108643160516
    },
    "Std of all Scores": {
        "f1Std": 0.052831792227853586,
        "accStd": 0.14391134560322522,
        "recStd": 0.03242498342743315,
        "precStd": 0.043848578239363764
    }
}