{
    "Timeout": 30,
    "Mean of all scores": {
        "f1Mean": 0.7157881193184634,
        "accMean": 0.9259830264511283,
        "recMean": 0.7328707953080315,
        "precMean": 0.7459976707355007
    },
    "Std of all Scores": {
        "f1Std": 0.039028548330558424,
        "accStd": 0.018294159764495558,
        "recStd": 0.03221121807770736,
        "precStd": 0.05760907912811254
    }
}