{
    "Timeout": 6,
    "Mean of all scores": {
        "f1Mean": 0.7225617672991114,
        "accMean": 0.9309340287199271,
        "recMean": 0.7298495705756405,
        "precMean": 0.7312847197697083
    },
    "Std of all Scores": {
        "f1Std": 0.03105917530715276,
        "accStd": 0.01329712541636066,
        "recStd": 0.028417678986760203,
        "precStd": 0.035823375490539384
    }
}