{
    "Timeout": 0.5,
    "Mean of all scores": {
        "f1Mean": 0.7136448051338685,
        "accMean": 0.9257935111056466,
        "recMean": 0.7308063478677067,
        "precMean": 0.7333995933053193
    },
    "Std of all Scores": {
        "f1Std": 0.04103594288611955,
        "accStd": 0.018642270631572234,
        "recStd": 0.03448905182399094,
        "precStd": 0.05627352990002832
    }
}