{
    "Timeout": 60,
    "Mean of all scores": {
        "f1Mean": 0.7199877752619511,
        "accMean": 0.9293929292282067,
        "recMean": 0.7323372741964299,
        "precMean": 0.7442079575564567
    },
    "Std of all Scores": {
        "f1Std": 0.027894841423334114,
        "accStd": 0.013446277654704606,
        "recStd": 0.03441628601512097,
        "precStd": 0.04156345652282704
    }
}