{
    "Timeout": "default",
    "Mean of all scores": {
        "f1Mean": 0.7209010730886162,
        "accMean": 0.928025730985401,
        "recMean": 0.7203566910934713,
        "precMean": 0.7508240754379731
    },
    "Std of all Scores": {
        "f1Std": 0.032031555525833935,
        "accStd": 0.015586317505630845,
        "recStd": 0.03960463052859427,
        "precStd": 0.037891509624006656
    }
}