{
    "Timeout": 4,
    "Mean of all scores": {
        "f1Mean": 0.7122680795591254,
        "accMean": 0.9229600859176704,
        "recMean": 0.729068148484222,
        "precMean": 0.7347879029258264
    },
    "Std of all Scores": {
        "f1Std": 0.03851653967219457,
        "accStd": 0.0243994503018567,
        "recStd": 0.02821360983446223,
        "precStd": 0.054949050441360996
    }
}