{
    "Timeout": 2,
    "Mean of all scores": {
        "f1Mean": 0.6986302935559576,
        "accMean": 0.8062745124016214,
        "recMean": 0.7279987748752236,
        "precMean": 0.7364886049625763
    },
    "Std of all Scores": {
        "f1Std": 0.08106114657140062,
        "accStd": 0.25193251516057563,
        "recStd": 0.04120365225618327,
        "precStd": 0.07091031714623094
    }
}