{
    "Timeout": 5,
    "Mean of all scores": {
        "f1Mean": 0.6905388064283138,
        "accMean": 0.8075857942541047,
        "recMean": 0.7214773642998407,
        "precMean": 0.7266761702704979
    },
    "Std of all Scores": {
        "f1Std": 0.07697959244503493,
        "accStd": 0.2530385828593639,
        "recStd": 0.04324746877435058,
        "precStd": 0.06595969630969066
    }
}