{
    "Timeout": 1,
    "Mean of all scores": {
        "f1Mean": 0.7159932751843037,
        "accMean": 0.9307714307709573,
        "recMean": 0.7229817230616231,
        "precMean": 0.7243092053232932
    },
    "Std of all Scores": {
        "f1Std": 0.02403365468114733,
        "accStd": 0.013294523942841087,
        "recStd": 0.02795750794284388,
        "precStd": 0.031489683319934146
    }
}