{
    "Timeout": 10,
    "Mean of all scores": {
        "f1Mean": 0.7010741222918287,
        "accMean": 0.9113157856865313,
        "recMean": 0.7215022160742436,
        "precMean": 0.7346120763858076
    },
    "Std of all Scores": {
        "f1Std": 0.03969116225762278,
        "accStd": 0.0328408607238805,
        "recStd": 0.03955279231555787,
        "precStd": 0.03661164329563876
    }
}