{
    "Timeout": 30,
    "Mean of all scores": {
        "f1Mean": 0.6506924088871406,
        "accMean": 0.8387338525078561,
        "recMean": 0.6752725786549034,
        "precMean": 0.6745931674204468
    },
    "Std of all Scores": {
        "f1Std": 0.07222134976308854,
        "accStd": 0.10111904220290037,
        "recStd": 0.06030526439481869,
        "precStd": 0.051114646894098524
    }
}