{
    "Timeout": 10,
    "Mean of all scores": {
        "f1Mean": 0.6475200701661843,
        "accMean": 0.7944960709176063,
        "recMean": 0.6731999547984555,
        "precMean": 0.674996514932148
    },
    "Std of all Scores": {
        "f1Std": 0.09112950902596853,
        "accStd": 0.1908457066484696,
        "recStd": 0.06723655064746921,
        "precStd": 0.06854869568100191
    }
}