{
    "Timeout": 4,
    "Mean of all scores": {
        "f1Mean": 0.6531332584229008,
        "accMean": 0.7831745263423889,
        "recMean": 0.6819394645296237,
        "precMean": 0.6752761384783011
    },
    "Std of all Scores": {
        "f1Std": 0.09311516583087504,
        "accStd": 0.21765734296168204,
        "recStd": 0.08203213914224736,
        "precStd": 0.06156456683378181
    }
}