{
    "Timeout": 5,
    "Mean of all scores": {
        "f1Mean": 0.6526743616725935,
        "accMean": 0.7804405082256357,
        "recMean": 0.6817475609693322,
        "precMean": 0.6743748957282935
    },
    "Std of all Scores": {
        "f1Std": 0.09191542152630737,
        "accStd": 0.2200010312179244,
        "recStd": 0.08033761962555348,
        "precStd": 0.06071631373990685
    }
}