{
    "Timeout": 6,
    "Mean of all scores": {
        "f1Mean": 0.6511268634707228,
        "accMean": 0.7871230569474302,
        "recMean": 0.6808225172508541,
        "precMean": 0.6734301572738757
    },
    "Std of all Scores": {
        "f1Std": 0.08663591825706632,
        "accStd": 0.20592711279971426,
        "recStd": 0.06353903052981938,
        "precStd": 0.06154152157862259
    }
}