{
    "Timeout": 3,
    "Mean of all scores": {
        "f1Mean": 0.643224668072998,
        "accMean": 0.781459843335642,
        "recMean": 0.6731939119386023,
        "precMean": 0.6722481703596177
    },
    "Std of all Scores": {
        "f1Std": 0.10180783680007752,
        "accStd": 0.21702395118883355,
        "recStd": 0.07665696849930125,
        "precStd": 0.07853209618548683
    }
}