{
    "Timeout": 1,
    "Mean of all scores": {
        "f1Mean": 0.3399000918179266,
        "accMean": 0.9787097262312259,
        "recMean": 0.31874632584843493,
        "precMean": 0.4750716933468159
    },
    "Std of all Scores": {
        "f1Std": 0.031084708388453928,
        "accStd": 0.009089333706795594,
        "recStd": 0.041766912561910625,
        "precStd": 0.11819026192876525
    }
}