{
    "Timeout": 6,
    "Mean of all scores": {
        "f1Mean": 0.3596058155501517,
        "accMean": 0.9785611606457101,
        "recMean": 0.3413112753551431,
        "precMean": 0.486920218151546
    },
    "Std of all Scores": {
        "f1Std": 0.04240191066096916,
        "accStd": 0.009004806069635373,
        "recStd": 0.05423420585918743,
        "precStd": 0.10067163418531995
    }
}