{
    "Timeout": 60,
    "Mean of all scores": {
        "f1Mean": 0.3694947042216158,
        "accMean": 0.9789027697852448,
        "recMean": 0.3465245829341715,
        "precMean": 0.5127260674502065
    },
    "Std of all Scores": {
        "f1Std": 0.035618416487255146,
        "accStd": 0.009283396093112297,
        "recStd": 0.04774541666421144,
        "precStd": 0.11456130615044352
    }
}