{
    "Timeout": "default",
    "Mean of all scores": {
        "f1Mean": 0.35964751794906036,
        "accMean": 0.9785519899305548,
        "recMean": 0.3439174664658097,
        "precMean": 0.4999107257784914
    },
    "Std of all Scores": {
        "f1Std": 0.04417278265049189,
        "accStd": 0.009828849003240372,
        "recStd": 0.0533358850608904,
        "precStd": 0.12014357415025285
    }
}