{
    "Timeout": 2,
    "Mean of all scores": {
        "f1Mean": 0.3623367744387661,
        "accMean": 0.978551531394797,
        "recMean": 0.34125824108255254,
        "precMean": 0.49730078464815775
    },
    "Std of all Scores": {
        "f1Std": 0.038730430734795714,
        "accStd": 0.009517761721943635,
        "recStd": 0.05722136781798229,
        "precStd": 0.10388349188235846
    }
}