{
    "Timeout": 0.5,
    "Mean of all scores": {
        "f1Mean": 0.35710893086032514,
        "accMean": 0.9784868778529521,
        "recMean": 0.3427330823984974,
        "precMean": 0.48846590314188043
    },
    "Std of all Scores": {
        "f1Std": 0.04295372290545012,
        "accStd": 0.009914029772063291,
        "recStd": 0.05330153409134394,
        "precStd": 0.1193181725220414
    }
}