{
    "Timeout": 3,
    "Mean of all scores": {
        "f1Mean": 0.36793050208930145,
        "accMean": 0.9783204293728834,
        "recMean": 0.3459575254476185,
        "precMean": 0.4981751863907914
    },
    "Std of all Scores": {
        "f1Std": 0.046048298039932906,
        "accStd": 0.010414178588613165,
        "recStd": 0.05889879623126593,
        "precStd": 0.10936481078771841
    }
}