{
    "Timeout": 5,
    "Mean of all scores": {
        "f1Mean": 0.36906391098722324,
        "accMean": 0.9776330842719941,
        "recMean": 0.34880354879426384,
        "precMean": 0.5046331141456493
    },
    "Std of all Scores": {
        "f1Std": 0.04477573461030373,
        "accStd": 0.011408908198831788,
        "recStd": 0.05263106442596116,
        "precStd": 0.11752942045740786
    }
}