{
    "Timeout": 4,
    "Mean of all scores": {
        "f1Mean": 0.3619163729187581,
        "accMean": 0.97872118962517,
        "recMean": 0.3411755940120778,
        "precMean": 0.49429769078860775
    },
    "Std of all Scores": {
        "f1Std": 0.04296202614501117,
        "accStd": 0.009335651930261729,
        "recStd": 0.05832846691835362,
        "precStd": 0.10196417895011795
    }
}