{
    "Timeout": 10,
    "Mean of all scores": {
        "f1Mean": 0.3636170062149306,
        "accMean": 0.9780187128442744,
        "recMean": 0.34342934477087617,
        "precMean": 0.496307617873687
    },
    "Std of all Scores": {
        "f1Std": 0.04345158820453943,
        "accStd": 0.011094135836661884,
        "recStd": 0.05662685054646151,
        "precStd": 0.1060968033080947
    }
}