{
    "Timeout": 30,
    "Mean of all scores": {
        "f1Mean": 0.3667496592194108,
        "accMean": 0.9788949746773629,
        "recMean": 0.3483258629512588,
        "precMean": 0.4977791342735312
    },
    "Std of all Scores": {
        "f1Std": 0.03906003246341502,
        "accStd": 0.009253068175571318,
        "recStd": 0.05279016133673975,
        "precStd": 0.11142439702786403
    }
}