{
    "Timeout": 60,
    "Mean of all scores": {
        "f1Mean": 0.7741585475353988,
        "accMean": 0.9292758550699002,
        "recMean": 0.7964777652169939,
        "precMean": 0.7849664715900773
    },
    "Std of all Scores": {
        "f1Std": 0.06315152698667863,
        "accStd": 0.021340510160580257,
        "recStd": 0.05212614888561606,
        "precStd": 0.055254339162881465
    }
}