{
    "Timeout": 1,
    "Mean of all scores": {
        "f1Mean": 0.7903169707473382,
        "accMean": 0.9349243000708457,
        "recMean": 0.8050924205654736,
        "precMean": 0.816314399587673
    },
    "Std of all Scores": {
        "f1Std": 0.07891566721178088,
        "accStd": 0.02325914843747681,
        "recStd": 0.05728739726918668,
        "precStd": 0.07589165024759349
    }
}