{
    "Timeout": 30,
    "Mean of all scores": {
        "f1Mean": 0.7816138175376997,
        "accMean": 0.9340107729489804,
        "recMean": 0.7920650276861844,
        "precMean": 0.7987031357171335
    },
    "Std of all Scores": {
        "f1Std": 0.051871612896226243,
        "accStd": 0.01732636672565179,
        "recStd": 0.05625883036795641,
        "precStd": 0.039792067931409957
    }
}