{
    "Timeout": 10,
    "Mean of all scores": {
        "f1Mean": 0.7866961269925176,
        "accMean": 0.9335230838884419,
        "recMean": 0.8014924315788787,
        "precMean": 0.8003683498504539
    },
    "Std of all Scores": {
        "f1Std": 0.059911320161472714,
        "accStd": 0.018604075680495262,
        "recStd": 0.05518562450065612,
        "precStd": 0.05815827243791531
    }
}