{
    "Timeout": 30,
    "Mean of all scores": {
        "f1Mean": 0.4460935451548275,
        "accMean": 0.9710347980613017,
        "recMean": 0.45268530332558293,
        "precMean": 0.5571854681724542
    },
    "Std of all Scores": {
        "f1Std": 0.08776051019629769,
        "accStd": 0.009399459688251805,
        "recStd": 0.12827043200551852,
        "precStd": 0.09597982181569698
    }
}