{
    "Timeout": 6,
    "Mean of all scores": {
        "f1Mean": 0.4498963859585623,
        "accMean": 0.9675035103026428,
        "recMean": 0.45703912069582353,
        "precMean": 0.5560704228738266
    },
    "Std of all Scores": {
        "f1Std": 0.07559795790580785,
        "accStd": 0.016848996036138923,
        "recStd": 0.12097728025589903,
        "precStd": 0.09729424733827084
    }
}