{
    "Timeout": 1,
    "Mean of all scores": {
        "f1Mean": 0.4471349937285118,
        "accMean": 0.9659802104311872,
        "recMean": 0.45477832318057876,
        "precMean": 0.552979276385278
    },
    "Std of all Scores": {
        "f1Std": 0.09723175818902868,
        "accStd": 0.019596893762320378,
        "recStd": 0.13474664967742242,
        "precStd": 0.08267515410584747
    }
}