{
    "Timeout": "default",
    "Mean of all scores": {
        "f1Mean": 0.45709872311529576,
        "accMean": 0.9721313506514331,
        "recMean": 0.46088931841555025,
        "precMean": 0.563145976732896
    },
    "Std of all Scores": {
        "f1Std": 0.09458164082617261,
        "accStd": 0.007988089252538525,
        "recStd": 0.13359655805536133,
        "precStd": 0.08698361908514503
    }
}