{
    "Timeout": 5,
    "Mean of all scores": {
        "f1Mean": 0.4510431218950579,
        "accMean": 0.9675499203428135,
        "recMean": 0.4575012384121132,
        "precMean": 0.5594926496601084
    },
    "Std of all Scores": {
        "f1Std": 0.07316984475897043,
        "accStd": 0.016675981116106086,
        "recStd": 0.11737051418237258,
        "precStd": 0.10178133701443083
    }
}