{
    "Timeout": 2,
    "Mean of all scores": {
        "f1Mean": 0.4463271857584791,
        "accMean": 0.9659997546563386,
        "recMean": 0.4545905266379286,
        "precMean": 0.5584926851102946
    },
    "Std of all Scores": {
        "f1Std": 0.07979967493986825,
        "accStd": 0.01946984722819687,
        "recStd": 0.1239057942332832,
        "precStd": 0.09724648823268997
    }
}