{
    "Timeout": 0.5,
    "Mean of all scores": {
        "f1Mean": 0.44089404167461616,
        "accMean": 0.9723172546054464,
        "recMean": 0.45139189543512404,
        "precMean": 0.5363973338866368
    },
    "Std of all Scores": {
        "f1Std": 0.10123122879850557,
        "accStd": 0.007854635512958638,
        "recStd": 0.12760667806131457,
        "precStd": 0.09976752676545028
    }
}