{
    "Timeout": 60,
    "Mean of all scores": {
        "f1Mean": 0.44626861443880295,
        "accMean": 0.9686002033176125,
        "recMean": 0.4533869527884019,
        "precMean": 0.5591354912524238
    },
    "Std of all Scores": {
        "f1Std": 0.0855919909535003,
        "accStd": 0.013818323477706286,
        "recStd": 0.12725919728662688,
        "precStd": 0.10100100112698258
    }
}