{
    "Timeout": "default",
    "Mean of all scores": {
        "f1Mean": 0.7112697802949434,
        "accMean": 0.9716216473538573,
        "recMean": 0.7349712846929402,
        "precMean": 0.7087351964723049
    },
    "Std of all Scores": {
        "f1Std": 0.092278018665579,
        "accStd": 0.0378290338890747,
        "recStd": 0.043224980905580905,
        "precStd": 0.11142286750049499
    }
}