{
    "Timeout": 1,
    "Mean of all scores": {
        "f1Mean": 0.7096938140175387,
        "accMean": 0.9764959459537744,
        "recMean": 0.7319761644336455,
        "precMean": 0.7071192041161316
    },
    "Std of all Scores": {
        "f1Std": 0.09329335292945047,
        "accStd": 0.031156696458514325,
        "recStd": 0.043046127485221033,
        "precStd": 0.11475318329134947
    }
}