{
    "Timeout": 3,
    "Mean of all scores": {
        "f1Mean": 0.6992125605365657,
        "accMean": 0.9700855162272001,
        "recMean": 0.7230925655345641,
        "precMean": 0.7025349539117322
    },
    "Std of all Scores": {
        "f1Std": 0.05741080104007396,
        "accStd": 0.04204186435471359,
        "recStd": 0.015229682216262608,
        "precStd": 0.08688783003712809
    }
}