{
    "Timeout": 10,
    "Mean of all scores": {
        "f1Mean": 0.7107740784272163,
        "accMean": 0.9707756262225452,
        "recMean": 0.7341816170302369,
        "precMean": 0.7089877053209831
    },
    "Std of all Scores": {
        "f1Std": 0.057774787713057156,
        "accStd": 0.03947877224417403,
        "recStd": 0.026817802310757966,
        "precStd": 0.07403801007315784
    }
}