{
    "Timeout": [
        3,
        3
    ],
    "Mean of all scores": {
        "f1Mean": 0.9252017677174171,
        "accMean": 0.9521739516623292,
        "recMean": 0.9411619747245735,
        "precMean": 0.9315250230634959
    },
    "Std of all Scores": {
        "f1Std": 0.04306413866795839,
        "accStd": 0.03482218027463106,
        "recStd": 0.025237911133535466,
        "precStd": 0.049185227685977606
    }
}