{
    "Timeout": [
        0.5,
        3
    ],
    "Mean of all scores": {
        "f1Mean": 0.917538317863122,
        "accMean": 0.9429326479361183,
        "recMean": 0.9275655827216752,
        "precMean": 0.9271888374877802
    },
    "Std of all Scores": {
        "f1Std": 0.04014952797915566,
        "accStd": 0.04159086809085452,
        "recStd": 0.02196087503669817,
        "precStd": 0.05041516186826061
    }
}