{
    "Timeout": [
        10,
        60
    ],
    "Mean of all scores": {
        "f1Mean": 0.9487245698426591,
        "accMean": 0.9690498440095625,
        "recMean": 0.9618423865483304,
        "precMean": 0.9490668327017694
    },
    "Std of all Scores": {
        "f1Std": 0.025824316132493846,
        "accStd": 0.017669355480566955,
        "recStd": 0.02763623260265778,
        "precStd": 0.025433348738131356
    }
}