{
    "Timeout": [
        2,
        2
    ],
    "Mean of all scores": {
        "f1Mean": 0.937744307042043,
        "accMean": 0.9627202652884836,
        "recMean": 0.9454618741176593,
        "precMean": 0.9428432979664603
    },
    "Std of all Scores": {
        "f1Std": 0.0276919887343423,
        "accStd": 0.01913335902827669,
        "recStd": 0.022089885527464517,
        "precStd": 0.035426695454449264
    }
}