{
    "Timeout": [
        2,
        60
    ],
    "Mean of all scores": {
        "f1Mean": 0.9337449872118704,
        "accMean": 0.9621080632757731,
        "recMean": 0.9443481426930939,
        "precMean": 0.939460010952548
    },
    "Std of all Scores": {
        "f1Std": 0.030042774331287724,
        "accStd": 0.019648690744986225,
        "recStd": 0.023458421664773726,
        "precStd": 0.03565512601972676
    }
}