{
    "Timeout": [
        3,
        5
    ],
    "Mean of all scores": {
        "f1Mean": 0.9305769057628313,
        "accMean": 0.9498768388903187,
        "recMean": 0.944703228092765,
        "precMean": 0.9340217837892011
    },
    "Std of all Scores": {
        "f1Std": 0.04173620839490366,
        "accStd": 0.0444521198880644,
        "recStd": 0.019841762956350987,
        "precStd": 0.053287527321128396
    }
}