{
    "Timeout": [
        0.5,
        30
    ],
    "Mean of all scores": {
        "f1Mean": 0.9364508570727285,
        "accMean": 0.964571223721609,
        "recMean": 0.9323571402766984,
        "precMean": 0.9491975680996511
    },
    "Std of all Scores": {
        "f1Std": 0.01958078015881277,
        "accStd": 0.014260644659603828,
        "recStd": 0.022914928393062837,
        "precStd": 0.016792683332193442
    }
}