{
    "Timeout": [
        0.5,
        4
    ],
    "Mean of all scores": {
        "f1Mean": 0.9177435734407415,
        "accMean": 0.9424199213441259,
        "recMean": 0.9289220089480594,
        "precMean": 0.9254081626999773
    },
    "Std of all Scores": {
        "f1Std": 0.04061888496133426,
        "accStd": 0.041844231257731526,
        "recStd": 0.02207903702023718,
        "precStd": 0.051651573840388064
    }
}