{
    "Timeout": [
        0.5,
        5
    ],
    "Mean of all scores": {
        "f1Mean": 0.9253188411117078,
        "accMean": 0.9562971873160494,
        "recMean": 0.9310270758732473,
        "precMean": 0.9358254763168583
    },
    "Std of all Scores": {
        "f1Std": 0.030035516613971795,
        "accStd": 0.01971812181719864,
        "recStd": 0.022304272924126685,
        "precStd": 0.0374292899606772
    }
}