{
    "Timeout": [
        2,
        3
    ],
    "Mean of all scores": {
        "f1Mean": 0.9342031826491788,
        "accMean": 0.9622535640451304,
        "recMean": 0.9432903068574181,
        "precMean": 0.9386727236103848
    },
    "Std of all Scores": {
        "f1Std": 0.03267862578462949,
        "accStd": 0.02126246746976989,
        "recStd": 0.026550793085454022,
        "precStd": 0.038218453803964325
    }
}