{
    "Timeout": [
        1,
        5
    ],
    "Mean of all scores": {
        "f1Mean": 0.9380477113520318,
        "accMean": 0.9617823521097852,
        "recMean": 0.9448955278759008,
        "precMean": 0.9452274712674991
    },
    "Std of all Scores": {
        "f1Std": 0.02411570111624632,
        "accStd": 0.019183442161969096,
        "recStd": 0.02136181968875072,
        "precStd": 0.023064295438759964
    }
}