{
    "Timeout": [
        3,
        60
    ],
    "Mean of all scores": {
        "f1Mean": 0.9335762083391792,
        "accMean": 0.9613935082213928,
        "recMean": 0.9433286007340138,
        "precMean": 0.9373323858833114
    },
    "Std of all Scores": {
        "f1Std": 0.030421522392470295,
        "accStd": 0.02037274651468892,
        "recStd": 0.025264059262999895,
        "precStd": 0.03614442212861691
    }
}