{
    "Timeout": [
        1,
        60
    ],
    "Mean of all scores": {
        "f1Mean": 0.937284021811533,
        "accMean": 0.9637190802615253,
        "recMean": 0.9437841772012845,
        "precMean": 0.9433963389371822
    },
    "Std of all Scores": {
        "f1Std": 0.025466687563000346,
        "accStd": 0.01739324489527521,
        "recStd": 0.025086046493456783,
        "precStd": 0.02784939686321228
    }
}