{
    "Timeout": [
        2,
        4
    ],
    "Mean of all scores": {
        "f1Mean": 0.9353011277181785,
        "accMean": 0.9623388598279989,
        "recMean": 0.9457739477040507,
        "precMean": 0.9404293882152952
    },
    "Std of all Scores": {
        "f1Std": 0.033335503301379917,
        "accStd": 0.022700528231879912,
        "recStd": 0.02268420627024285,
        "precStd": 0.041922274919038535
    }
}