{
    "Timeout": [
        10,
        30
    ],
    "Mean of all scores": {
        "f1Mean": 0.9420298444580861,
        "accMean": 0.9630686098130831,
        "recMean": 0.959609971759163,
        "precMean": 0.9405434668654706
    },
    "Std of all Scores": {
        "f1Std": 0.03821104259184858,
        "accStd": 0.027909585400790277,
        "recStd": 0.026766391781168918,
        "precStd": 0.048161993603078025
    }
}