{
    "Timeout": [
        1,
        3
    ],
    "Mean of all scores": {
        "f1Mean": 0.9315115437250995,
        "accMean": 0.9510156750859282,
        "recMean": 0.9421850422170607,
        "precMean": 0.9379405044661049
    },
    "Std of all Scores": {
        "f1Std": 0.036876291844852624,
        "accStd": 0.04024621766464504,
        "recStd": 0.02335271584580166,
        "precStd": 0.042374755099508984
    }
}