{
    "Timeout": [
        1,
        30
    ],
    "Mean of all scores": {
        "f1Mean": 0.9368125137970189,
        "accMean": 0.9628299136677884,
        "recMean": 0.9446549104883892,
        "precMean": 0.9425462122791354
    },
    "Std of all Scores": {
        "f1Std": 0.027759542315718592,
        "accStd": 0.019315300475770642,
        "recStd": 0.024156629354109553,
        "precStd": 0.030123998033890133
    }
}