{
    "Timeout": [
        5,
        30
    ],
    "Mean of all scores": {
        "f1Mean": 0.9346487770385477,
        "accMean": 0.9625677701532679,
        "recMean": 0.9447588908238569,
        "precMean": 0.9388732270352425
    },
    "Std of all Scores": {
        "f1Std": 0.031051915975819355,
        "accStd": 0.02073713803693072,
        "recStd": 0.022559094775868982,
        "precStd": 0.037942742501931276
    }
}