{
    "Timeout": [
        5,
        60
    ],
    "Mean of all scores": {
        "f1Mean": 0.938064373940767,
        "accMean": 0.9646891458296143,
        "recMean": 0.943933716451987,
        "precMean": 0.94560960776397
    },
    "Std of all Scores": {
        "f1Std": 0.026919618858402473,
        "accStd": 0.017839121831188447,
        "recStd": 0.02170196827164489,
        "precStd": 0.03044239015932086
    }
}