{
    "Timeout": [
        0.5,
        60
    ],
    "Mean of all scores": {
        "f1Mean": 0.924441410171956,
        "accMean": 0.9550767092574635,
        "recMean": 0.9305108990704818,
        "precMean": 0.9336101908540588
    },
    "Std of all Scores": {
        "f1Std": 0.028833787603759705,
        "accStd": 0.019631533508289705,
        "recStd": 0.023861186639652636,
        "precStd": 0.03492116832676299
    }
}