{
    "Timeout": [
        4,
        4
    ],
    "Mean of all scores": {
        "f1Mean": 0.937866655466418,
        "accMean": 0.9624148766657468,
        "recMean": 0.944438639457309,
        "precMean": 0.9408582801840677
    },
    "Std of all Scores": {
        "f1Std": 0.024110828186640357,
        "accStd": 0.018885579793159035,
        "recStd": 0.020488052535377888,
        "precStd": 0.03257857290584863
    }
}