{
    "Timeout": [
        4,
        5
    ],
    "Mean of all scores": {
        "f1Mean": 0.9357317782445866,
        "accMean": 0.9627013822431522,
        "recMean": 0.9461285585873439,
        "precMean": 0.9400474112329004
    },
    "Std of all Scores": {
        "f1Std": 0.031095098832537693,
        "accStd": 0.021274511955891223,
        "recStd": 0.022176322775069705,
        "precStd": 0.03904827393284386
    }
}