{
    "Timeout": [
        4,
        60
    ],
    "Mean of all scores": {
        "f1Mean": 0.9359634943048791,
        "accMean": 0.9627771026668585,
        "recMean": 0.9453418181266547,
        "precMean": 0.9415169827205763
    },
    "Std of all Scores": {
        "f1Std": 0.02939036847707735,
        "accStd": 0.019276923505319857,
        "recStd": 0.020987127554776018,
        "precStd": 0.036326705972453285
    }
}