{
    "Timeout": [
        2,
        30
    ],
    "Mean of all scores": {
        "f1Mean": 0.9412193046494028,
        "accMean": 0.9633791384641904,
        "recMean": 0.9455412562088504,
        "precMean": 0.948302698784292
    },
    "Std of all Scores": {
        "f1Std": 0.024514171817467807,
        "accStd": 0.020334694288557036,
        "recStd": 0.022682843124490697,
        "precStd": 0.02700060645462092
    }
}