{
    "Timeout": [
        4,
        30
    ],
    "Mean of all scores": {
        "f1Mean": 0.9353794214096096,
        "accMean": 0.9626614963992781,
        "recMean": 0.9446354505409358,
        "precMean": 0.9404041262054312
    },
    "Std of all Scores": {
        "f1Std": 0.0294687586429977,
        "accStd": 0.020275332258362092,
        "recStd": 0.022392203488714,
        "precStd": 0.035768618874969835
    }
}