{
    "Timeout": [
        2,
        5
    ],
    "Mean of all scores": {
        "f1Mean": 0.9339455483536743,
        "accMean": 0.9597765194580712,
        "recMean": 0.9430601351448548,
        "precMean": 0.9396304642780174
    },
    "Std of all Scores": {
        "f1Std": 0.030918715654800713,
        "accStd": 0.022611061456241508,
        "recStd": 0.02502659664367105,
        "precStd": 0.03584904325881117
    }
}