{
    "Timeout": [
        3,
        30
    ],
    "Mean of all scores": {
        "f1Mean": 0.9344117257958006,
        "accMean": 0.9616189064142204,
        "recMean": 0.9445503301749378,
        "precMean": 0.9383320318811329
    },
    "Std of all Scores": {
        "f1Std": 0.030572392803068213,
        "accStd": 0.02099600540093703,
        "recStd": 0.021362563155083208,
        "precStd": 0.03596594893636073
    }
}