{
    "Timeout": [
        0.5,
        2
    ],
    "Mean of all scores": {
        "f1Mean": 0.9201507168194208,
        "accMean": 0.9508559802851737,
        "recMean": 0.9283970426740682,
        "precMean": 0.9310572781336919
    },
    "Std of all Scores": {
        "f1Std": 0.03541885457203838,
        "accStd": 0.027081387133590037,
        "recStd": 0.028744226352077913,
        "precStd": 0.03933232375674388
    }
}