{
    "Timeout": [
        5,
        5
    ],
    "Mean of all scores": {
        "f1Mean": 0.9401923046260467,
        "accMean": 0.9640886604519874,
        "recMean": 0.9466785063099831,
        "precMean": 0.9474031046518446
    },
    "Std of all Scores": {
        "f1Std": 0.02636061674022002,
        "accStd": 0.01979606315172582,
        "recStd": 0.02266465810833041,
        "precStd": 0.029983964628589096
    }
}