{
    "Timeout": [
        1,
        2
    ],
    "Mean of all scores": {
        "f1Mean": 0.934945086186038,
        "accMean": 0.9610756998002555,
        "recMean": 0.9456010364109464,
        "precMean": 0.938728235902348
    },
    "Std of all Scores": {
        "f1Std": 0.032659655139912966,
        "accStd": 0.023603629316611936,
        "recStd": 0.022872018870115408,
        "precStd": 0.04283650313745627
    }
}