{
    "Timeout": [
        3,
        5
    ],
    "Mean of all scores": {
        "f1Mean": 0.9416814263423424,
        "accMean": 0.9641942018558286,
        "recMean": 0.9489796860563124,
        "precMean": 0.946254928511698
    },
    "Std of all Scores": {
        "f1Std": 0.03199862438572087,
        "accStd": 0.024067011149544824,
        "recStd": 0.019922985794984718,
        "precStd": 0.0362953756999854
    }
}