{
    "Timeout": [
        4,
        4
    ],
    "Mean of all scores": {
        "f1Mean": 0.9416000009709691,
        "accMean": 0.964173869695648,
        "recMean": 0.9490361798981427,
        "precMean": 0.9460186729542542
    },
    "Std of all Scores": {
        "f1Std": 0.032026611929750995,
        "accStd": 0.024081498737030017,
        "recStd": 0.019748719618171418,
        "precStd": 0.03642725013032423
    }
}