{
    "Timeout": [
        0.5,
        4
    ],
    "Mean of all scores": {
        "f1Mean": 0.9293498232177925,
        "accMean": 0.9572103134327259,
        "recMean": 0.934223718151468,
        "precMean": 0.9381029547756619
    },
    "Std of all Scores": {
        "f1Std": 0.02968360094471839,
        "accStd": 0.02238331110747884,
        "recStd": 0.020086097904770926,
        "precStd": 0.03362397680605856
    }
}