{
    "Timeout": [
        5,
        30
    ],
    "Mean of all scores": {
        "f1Mean": 0.9422019775510817,
        "accMean": 0.9659623857540964,
        "recMean": 0.9491254167979715,
        "precMean": 0.9461260689626119
    },
    "Std of all Scores": {
        "f1Std": 0.030569558335428636,
        "accStd": 0.021218718571907005,
        "recStd": 0.02014757584377962,
        "precStd": 0.035380019265206654
    }
}