{
    "Timeout": [
        0.5,
        60
    ],
    "Mean of all scores": {
        "f1Mean": 0.9290281996162033,
        "accMean": 0.9571662336311879,
        "recMean": 0.9341847199333083,
        "precMean": 0.9374455516137049
    },
    "Std of all Scores": {
        "f1Std": 0.02948715777330556,
        "accStd": 0.02236083127032596,
        "recStd": 0.01950115155102714,
        "precStd": 0.03373277145099803
    }
}