{
    "Timeout": [
        1,
        30
    ],
    "Mean of all scores": {
        "f1Mean": 0.9381545840534189,
        "accMean": 0.9630938496452057,
        "recMean": 0.9467748001626365,
        "precMean": 0.9418716459799248
    },
    "Std of all Scores": {
        "f1Std": 0.03284394779548383,
        "accStd": 0.02390733839210019,
        "recStd": 0.02235042194467513,
        "precStd": 0.03625733220515707
    }
}