{
    "Timeout": [
        1,
        4
    ],
    "Mean of all scores": {
        "f1Mean": 0.9386077228017419,
        "accMean": 0.9632692721736508,
        "recMean": 0.9470196393936636,
        "precMean": 0.9424345254780487
    },
    "Std of all Scores": {
        "f1Std": 0.032798045864676474,
        "accStd": 0.023927465500625994,
        "recStd": 0.02253167165218206,
        "precStd": 0.03608085152627389
    }
}