{
    "Timeout": [
        10,
        60
    ],
    "Mean of all scores": {
        "f1Mean": 0.9551120489795816,
        "accMean": 0.9719375252003214,
        "recMean": 0.9670699533052913,
        "precMean": 0.9541163767328932
    },
    "Std of all Scores": {
        "f1Std": 0.029241348209320395,
        "accStd": 0.0207598870971605,
        "recStd": 0.026926322231483033,
        "precStd": 0.030361704916562614
    }
}