{
    "Timeout": [
        3,
        60
    ],
    "Mean of all scores": {
        "f1Mean": 0.9415242252534606,
        "accMean": 0.9641994066365829,
        "recMean": 0.948770835589238,
        "precMean": 0.9461507628784884
    },
    "Std of all Scores": {
        "f1Std": 0.03156915330677949,
        "accStd": 0.024013836353230962,
        "recStd": 0.02018193384514347,
        "precStd": 0.03525678146139467
    }
}