{
    "Timeout": [
        3,
        30
    ],
    "Mean of all scores": {
        "f1Mean": 0.9414537415331428,
        "accMean": 0.9642316310073472,
        "recMean": 0.94891529338461,
        "precMean": 0.94582141673206
    },
    "Std of all Scores": {
        "f1Std": 0.03170258328030722,
        "accStd": 0.024035745946285516,
        "recStd": 0.01980212250346756,
        "precStd": 0.03572062500258584
    }
}