{
    "Timeout": [
        0.5,
        3
    ],
    "Mean of all scores": {
        "f1Mean": 0.9295667006513915,
        "accMean": 0.9572306350242308,
        "recMean": 0.9345003653226346,
        "precMean": 0.9381627289621512
    },
    "Std of all Scores": {
        "f1Std": 0.029325246444828916,
        "accStd": 0.022263845970719832,
        "recStd": 0.01965742918250916,
        "precStd": 0.03331005501129302
    }
}