{
    "Timeout": [
        5,
        5
    ],
    "Mean of all scores": {
        "f1Mean": 0.9419349422208552,
        "accMean": 0.9644525300429165,
        "recMean": 0.9492180454958369,
        "precMean": 0.9465466917466285
    },
    "Std of all Scores": {
        "f1Std": 0.031737568201058185,
        "accStd": 0.02410475117294487,
        "recStd": 0.019970315184513716,
        "precStd": 0.03570253249083752
    }
}