{
    "Timeout": [
        2,
        4
    ],
    "Mean of all scores": {
        "f1Mean": 0.9412120934476251,
        "accMean": 0.9640375919851051,
        "recMean": 0.949210890868574,
        "precMean": 0.9450712910953758
    },
    "Std of all Scores": {
        "f1Std": 0.03295012413369903,
        "accStd": 0.024290851393027803,
        "recStd": 0.019813118205655136,
        "precStd": 0.038113677141844396
    }
}