{
    "Timeout": [
        2,
        5
    ],
    "Mean of all scores": {
        "f1Mean": 0.9411289734763253,
        "accMean": 0.9639906692817005,
        "recMean": 0.9490394582329337,
        "precMean": 0.9450551824725482
    },
    "Std of all Scores": {
        "f1Std": 0.033009418884184474,
        "accStd": 0.024384722261981625,
        "recStd": 0.01966737903587414,
        "precStd": 0.03813241757300219
    }
}