{
    "Timeout": [
        4,
        5
    ],
    "Mean of all scores": {
        "f1Mean": 0.9421078312328947,
        "accMean": 0.964362402136482,
        "recMean": 0.9492290843701822,
        "precMean": 0.9468534395973537
    },
    "Std of all Scores": {
        "f1Std": 0.03146493352583065,
        "accStd": 0.023985050745479696,
        "recStd": 0.0196989203709609,
        "precStd": 0.03535483811256564
    }
}