{
    "Timeout": [
        3,
        3
    ],
    "Mean of all scores": {
        "f1Mean": 0.9417851729898123,
        "accMean": 0.9641366813817361,
        "recMean": 0.9489305096990032,
        "precMean": 0.9464747761734886
    },
    "Std of all Scores": {
        "f1Std": 0.03191138852305183,
        "accStd": 0.023991846486937647,
        "recStd": 0.020170566064406256,
        "precStd": 0.035872295138245025
    }
}