{
    "Timeout": [
        5,
        60
    ],
    "Mean of all scores": {
        "f1Mean": 0.9410266778193666,
        "accMean": 0.9641682788928853,
        "recMean": 0.9486463569891688,
        "precMean": 0.9452334684907495
    },
    "Std of all Scores": {
        "f1Std": 0.03229354069894808,
        "accStd": 0.02417240133202922,
        "recStd": 0.0203640754598708,
        "precStd": 0.03673975995259915
    }
}