{
    "Timeout": [
        0.5,
        2
    ],
    "Mean of all scores": {
        "f1Mean": 0.929428190528356,
        "accMean": 0.9571644878256851,
        "recMean": 0.9343634245705082,
        "precMean": 0.9379654868027769
    },
    "Std of all Scores": {
        "f1Std": 0.029481914795932228,
        "accStd": 0.02231292919114625,
        "recStd": 0.01971513404438304,
        "precStd": 0.03358178560431174
    }
}