{
    "Timeout": [
        2,
        60
    ],
    "Mean of all scores": {
        "f1Mean": 0.9406362454143331,
        "accMean": 0.9639161349422519,
        "recMean": 0.9486390833647965,
        "precMean": 0.9444057871128262
    },
    "Std of all Scores": {
        "f1Std": 0.033228521891744245,
        "accStd": 0.024436413191226428,
        "recStd": 0.020069722408759937,
        "precStd": 0.0385916380919637
    }
}