{
    "Timeout": [
        4,
        60
    ],
    "Mean of all scores": {
        "f1Mean": 0.9389347810635243,
        "accMean": 0.9642497880506946,
        "recMean": 0.9488445021030121,
        "precMean": 0.940930577303017
    },
    "Std of all Scores": {
        "f1Std": 0.035909116301598897,
        "accStd": 0.0241194775354331,
        "recStd": 0.019855509706830667,
        "precStd": 0.04472614346169813
    }
}