{
    "Timeout": [
        1,
        5
    ],
    "Mean of all scores": {
        "f1Mean": 0.9387708185081157,
        "accMean": 0.9634030713345195,
        "recMean": 0.9471887656148548,
        "precMean": 0.9426190422153212
    },
    "Std of all Scores": {
        "f1Std": 0.032658381038068125,
        "accStd": 0.023951164219660967,
        "recStd": 0.022383750471829326,
        "precStd": 0.03588634031648876
    }
}