{
    "Timeout": [
        4,
        30
    ],
    "Mean of all scores": {
        "f1Mean": 0.9412184240028003,
        "accMean": 0.9641500330587374,
        "recMean": 0.9487254596483462,
        "precMean": 0.9455971208277255
    },
    "Std of all Scores": {
        "f1Std": 0.03200452134652286,
        "accStd": 0.024142912578352296,
        "recStd": 0.0202303551582502,
        "precStd": 0.0360164553829795
    }
}