{
    "Timeout": [
        10,
        30
    ],
    "Mean of all scores": {
        "f1Mean": 0.9512701816842007,
        "accMean": 0.9714341876761567,
        "recMean": 0.9655692273630594,
        "precMean": 0.9478937972432766
    },
    "Std of all Scores": {
        "f1Std": 0.03297701986308377,
        "accStd": 0.020937896722599807,
        "recStd": 0.02573151120347781,
        "precStd": 0.040056731113992904
    }
}