{
    "Timeout": [
        2,
        30
    ],
    "Mean of all scores": {
        "f1Mean": 0.9408732013058143,
        "accMean": 0.9639070674403326,
        "recMean": 0.9486741122124215,
        "precMean": 0.9450055655902861
    },
    "Std of all Scores": {
        "f1Std": 0.03313229434900189,
        "accStd": 0.024446012705250795,
        "recStd": 0.020157207848558747,
        "precStd": 0.03813823469281723
    }
}