{
    "Timeout": [
        1,
        2
    ],
    "Mean of all scores": {
        "f1Mean": 0.9383849927302366,
        "accMean": 0.9630112229934813,
        "recMean": 0.9469379302292624,
        "precMean": 0.9420799315566711
    },
    "Std of all Scores": {
        "f1Std": 0.03238230968269512,
        "accStd": 0.02376289947770139,
        "recStd": 0.022383441584726306,
        "precStd": 0.03545263305895332
    }
}