{
    "Timeout": [
        0.5,
        30
    ],
    "Mean of all scores": {
        "f1Mean": 0.9291783179556706,
        "accMean": 0.9571385894382847,
        "recMean": 0.934110428013032,
        "precMean": 0.9377996845197071
    },
    "Std of all Scores": {
        "f1Std": 0.029419157455258062,
        "accStd": 0.022368911138287026,
        "recStd": 0.01955827636607563,
        "precStd": 0.03368360052840513
    }
}