{
    "Timeout": [
        2,
        3
    ],
    "Mean of all scores": {
        "f1Mean": 0.9415592305550918,
        "accMean": 0.9639625174242366,
        "recMean": 0.9491567786592331,
        "precMean": 0.9458337497542448
    },
    "Std of all Scores": {
        "f1Std": 0.032353561574018516,
        "accStd": 0.024197877934858485,
        "recStd": 0.019759516923392537,
        "precStd": 0.03694571448351175
    }
}