{
    "Timeout": [
        3,
        4
    ],
    "Mean of all scores": {
        "f1Mean": 0.9396854187222825,
        "accMean": 0.96427526004688,
        "recMean": 0.9491081682569839,
        "precMean": 0.942103618399851
    },
    "Std of all Scores": {
        "f1Std": 0.035556619103568735,
        "accStd": 0.023966716209036495,
        "recStd": 0.019714716459243473,
        "precStd": 0.044354077721227486
    }
}