{
    "Timeout": [
        2,
        2
    ],
    "Mean of all scores": {
        "f1Mean": 0.9414385386781114,
        "accMean": 0.9637785970049212,
        "recMean": 0.9489668787246069,
        "precMean": 0.9458156402239732
    },
    "Std of all Scores": {
        "f1Std": 0.03214924642532277,
        "accStd": 0.02422820360252108,
        "recStd": 0.02019167296774858,
        "precStd": 0.03596735653593623
    }
}