{
    "Timeout": [
        0.5,
        5
    ],
    "Mean of all scores": {
        "f1Mean": 0.9292599545991665,
        "accMean": 0.9571775906636297,
        "recMean": 0.9342489816122761,
        "precMean": 0.9377891950844679
    },
    "Std of all Scores": {
        "f1Std": 0.029390278533511935,
        "accStd": 0.022337842577819657,
        "recStd": 0.019482856421363288,
        "precStd": 0.03348226455047685
    }
}