{
    "Timeout": [
        1,
        3
    ],
    "Mean of all scores": {
        "f1Mean": 0.9384953485088381,
        "accMean": 0.9631397352688671,
        "recMean": 0.9467963051990669,
        "precMean": 0.9424803993132913
    },
    "Std of all Scores": {
        "f1Std": 0.032651073813809633,
        "accStd": 0.023880156472396902,
        "recStd": 0.022647910494064255,
        "precStd": 0.03581471781432294
    }
}