{
    "Timeout": [
        1,
        60
    ],
    "Mean of all scores": {
        "f1Mean": 0.9383433817188527,
        "accMean": 0.9631928617312415,
        "recMean": 0.9468831744209261,
        "precMean": 0.942128903150857
    },
    "Std of all Scores": {
        "f1Std": 0.032895754514878243,
        "accStd": 0.023947708007529333,
        "recStd": 0.02223238817542819,
        "precStd": 0.03635486444357747
    }
}