{
    "Timeout": 1,
    "Mean of all scores": {
        "f1Mean": 0.859720033543522,
        "accMean": 0.939095799113117,
        "recMean": 0.8875412486149683,
        "precMean": 0.8719866860463131
    },
    "Std of all Scores": {
        "f1Std": 0.06903018906834466,
        "accStd": 0.04456060359423657,
        "recStd": 0.045525534393489754,
        "precStd": 0.07421153248252589
    }
}