{
    "Timeout": 3,
    "Mean of all scores": {
        "f1Mean": 0.8686409864276395,
        "accMean": 0.9552568645867041,
        "recMean": 0.8865593862326542,
        "precMean": 0.8790524053497141
    },
    "Std of all Scores": {
        "f1Std": 0.064558252657321,
        "accStd": 0.020042198602933433,
        "recStd": 0.046858584267076585,
        "precStd": 0.06883938809260688
    }
}