{
    "Timeout": 60,
    "Mean of all scores": {
        "f1Mean": 0.8607880255908403,
        "accMean": 0.9525021820493267,
        "recMean": 0.8888092775592735,
        "precMean": 0.8803675646520182
    },
    "Std of all Scores": {
        "f1Std": 0.04116907515497636,
        "accStd": 0.012863233109185997,
        "recStd": 0.03166658079142237,
        "precStd": 0.05947386746695912
    }
}