{
    "Timeout": "default",
    "Mean of all scores": {
        "f1Mean": 0.8687253656209446,
        "accMean": 0.9551700733959436,
        "recMean": 0.8869927823326021,
        "precMean": 0.8793137460070477
    },
    "Std of all Scores": {
        "f1Std": 0.06333489908081746,
        "accStd": 0.02023164481899493,
        "recStd": 0.04608145188508916,
        "precStd": 0.06783179796073265
    }
}