{
    "Timeout": 10,
    "Mean of all scores": {
        "f1Mean": 0.8650240515184546,
        "accMean": 0.9518644750334435,
        "recMean": 0.8870466255204998,
        "precMean": 0.8825800776054041
    },
    "Std of all Scores": {
        "f1Std": 0.049359268581400884,
        "accStd": 0.013976218217541359,
        "recStd": 0.035936057012978646,
        "precStd": 0.06480527843053673
    }
}