{
    "Best score": {
        "Best Timeout": [
            10,
            60
        ],
        "Mean Scores (Best)": {
            "f1Mean": 0.9160757579150797,
            "accMean": 0.9347626246869485,
            "recMean": 0.9301352283442542,
            "precMean": 0.9143655459540154
        },
        "Std Scores (Best)": {
            "f1Std": 0.03346078899502208,
            "accStd": 0.022092302103930962,
            "recStd": 0.02800339480089968,
            "precStd": 0.039243054124231236
        }
    },
    "Worst score": {
        "Worst Timeout": [
            0.5,
            4
        ],
        "Mean Scores (Worst)": {
            "f1Mean": 0.8954229418113588,
            "accMean": 0.9168294454806526,
            "recMean": 0.8998320044664148,
            "precMean": 0.9050869423760188
        },
        "Std Scores (Worst)": {
            "f1Std": 0.028388293888324426,
            "accStd": 0.024543408770903843,
            "recStd": 0.021418849748262504,
            "precStd": 0.032285254520825805
        }
    },
    "Difference": {
        "Accuracy": 1.793317920629589,
        "F1 Score": 2.065281610372083,
        "Precision": 0.9278603577996591,
        "Recall": 3.030322387783946
    }
}