{
    "Best score": {
        "Best Timeout": [
            3,
            60
        ],
        "Mean Scores (Best)": {
            "f1Mean": 0.853779246850021,
            "accMean": 0.8929195246283255,
            "recMean": 0.8745433464524867,
            "precMean": 0.8752493142805775
        },
        "Std Scores (Best)": {
            "f1Std": 0.037717008491527634,
            "accStd": 0.02286373604008065,
            "recStd": 0.026394154595500662,
            "precStd": 0.04658298105505603
        }
    },
    "Worst score": {
        "Worst Timeout": [
            0.5,
            30
        ],
        "Mean Scores (Worst)": {
            "f1Mean": 0.8139309258514817,
            "accMean": 0.8586007050247954,
            "recMean": 0.8462015661104377,
            "precMean": 0.8382821594530334
        },
        "Std Scores (Worst)": {
            "f1Std": 0.05117229545957356,
            "accStd": 0.040119210657467624,
            "recStd": 0.03250423647636127,
            "precStd": 0.05569300092361911
        }
    },
    "Difference": {
        "Accuracy": 3.4318819603530115,
        "F1 Score": 3.98483209985393,
        "Precision": 3.696715482754409,
        "Recall": 2.834178034204893
    }
}