{
    "Best score": {
        "Best Timeout": [
            10,
            60
        ],
        "Mean Scores (Best)": {
            "f1Mean": 0.9181529841759467,
            "accMean": 0.9346493846961967,
            "recMean": 0.9306672739037671,
            "precMean": 0.9171719240059453
        },
        "Std Scores (Best)": {
            "f1Std": 0.030429832882067756,
            "accStd": 0.021771433661166757,
            "recStd": 0.028490404575127175,
            "precStd": 0.03363844188245009
        }
    },
    "Worst score": {
        "Worst Timeout": [
            0.5,
            60
        ],
        "Mean Scores (Worst)": {
            "f1Mean": 0.8983646807837811,
            "accMean": 0.9210124908185083,
            "recMean": 0.9005597426158868,
            "precMean": 0.9095299000966494
        },
        "Std Scores (Worst)": {
            "f1Std": 0.03006262657470211,
            "accStd": 0.02392741887654086,
            "recStd": 0.02154107063178525,
            "precStd": 0.03792229957969101
        }
    },
    "Difference": {
        "Accuracy": 1.3636893877688405,
        "F1 Score": 1.978830339216564,
        "Precision": 0.7642023909295914,
        "Recall": 3.010753128788035
    }
}