{
    "Timeout": [
        0.5,
        2
    ],
    "Mean of all scores": {
        "f1Mean": 0.9612970960551974,
        "accMean": 0.9761578604091253,
        "recMean": 0.9680975901005405,
        "precMean": 0.9755128334660303
    },
    "Std of all Scores": {
        "f1Std": 0.044834654918208906,
        "accStd": 0.030509430761072636,
        "recStd": 0.047468659245820895,
        "precStd": 0.04020431723324119
    }
}