{
    "Timeout": [
        1,
        5
    ],
    "Mean of all scores": {
        "f1Mean": 0.9625248549681678,
        "accMean": 0.9724221178561632,
        "recMean": 0.9692368174392254,
        "precMean": 0.9752978413098253
    },
    "Std of all Scores": {
        "f1Std": 0.04258327593170627,
        "accStd": 0.03511127880730215,
        "recStd": 0.04491726421263334,
        "precStd": 0.03982107625764927
    }
}