{
    "Timeout": [
        5,
        30
    ],
    "Mean of all scores": {
        "f1Mean": 0.9610486560402001,
        "accMean": 0.9685434375908342,
        "recMean": 0.9681875355591671,
        "precMean": 0.972263760546964
    },
    "Std of all Scores": {
        "f1Std": 0.039837486939179066,
        "accStd": 0.038935882092484886,
        "recStd": 0.04176107935563631,
        "precStd": 0.03888586357196082
    }
}