{
    "Timeout": [
        2,
        3
    ],
    "Mean of all scores": {
        "f1Mean": 0.9584399699609838,
        "accMean": 0.9709470594810561,
        "recMean": 0.9661597251334456,
        "precMean": 0.9716084759452679
    },
    "Std of all Scores": {
        "f1Std": 0.04298219395044988,
        "accStd": 0.03626848167184136,
        "recStd": 0.0452220540654149,
        "precStd": 0.04113351563807423
    }
}