{
    "Timeout": [
        2,
        5
    ],
    "Mean of all scores": {
        "f1Mean": 0.9615440769716537,
        "accMean": 0.9709898716715385,
        "recMean": 0.9705646335370155,
        "precMean": 0.9703739850793067
    },
    "Std of all Scores": {
        "f1Std": 0.040698351249150104,
        "accStd": 0.03639682114516192,
        "recStd": 0.041830614255807634,
        "precStd": 0.04276823604094106
    }
}