{
    "Timeout": [
        5,
        5
    ],
    "Mean of all scores": {
        "f1Mean": 0.9607310836176017,
        "accMean": 0.9701897526457003,
        "recMean": 0.9685550135153654,
        "precMean": 0.9715656623879321
    },
    "Std of all Scores": {
        "f1Std": 0.04014995383681952,
        "accStd": 0.03673788444322154,
        "recStd": 0.04217008011568542,
        "precStd": 0.040484896385442115
    }
}