{
    "Timeout": [
        10,
        60
    ],
    "Mean of all scores": {
        "f1Mean": 0.9627729723797227,
        "accMean": 0.9677468987216955,
        "recMean": 0.9694911045280881,
        "precMean": 0.9743455894632133
    },
    "Std of all Scores": {
        "f1Std": 0.04108906003974862,
        "accStd": 0.04018426663335548,
        "recStd": 0.04342244962592318,
        "precStd": 0.038623916450151397
    }
}