{
    "Timeout": [
        3,
        60
    ],
    "Mean of all scores": {
        "f1Mean": 0.9619483136430723,
        "accMean": 0.9687269758079828,
        "recMean": 0.9704651963749299,
        "precMean": 0.9713631847081565
    },
    "Std of all Scores": {
        "f1Std": 0.03925707225236128,
        "accStd": 0.03856206310811561,
        "recStd": 0.041617028665441425,
        "precStd": 0.03885102809196365
    }
}