{
    "Timeout": [
        2,
        4
    ],
    "Mean of all scores": {
        "f1Mean": 0.9622674486706962,
        "accMean": 0.9711884083223078,
        "recMean": 0.9702222662113685,
        "precMean": 0.9726687867082919
    },
    "Std of all Scores": {
        "f1Std": 0.040132607015069995,
        "accStd": 0.036296434524328264,
        "recStd": 0.04273127247200359,
        "precStd": 0.03902948682291839
    }
}