{
    "Timeout": [
        1,
        60
    ],
    "Mean of all scores": {
        "f1Mean": 0.9623449606673645,
        "accMean": 0.972351191504021,
        "recMean": 0.9696568134077236,
        "precMean": 0.9736704685445401
    },
    "Std of all Scores": {
        "f1Std": 0.041104547787750134,
        "accStd": 0.03531708430749606,
        "recStd": 0.04370161669217211,
        "precStd": 0.039240603164263546
    }
}