{
    "Timeout": [
        2,
        60
    ],
    "Mean of all scores": {
        "f1Mean": 0.961941539860095,
        "accMean": 0.9698932020215706,
        "recMean": 0.9698577634421814,
        "precMean": 0.9723615204488478
    },
    "Std of all Scores": {
        "f1Std": 0.0403379695948191,
        "accStd": 0.037733514640061756,
        "recStd": 0.04268614419576002,
        "precStd": 0.03890333661621924
    }
}