{
    "Timeout": [
        1,
        4
    ],
    "Mean of all scores": {
        "f1Mean": 0.961139445525229,
        "accMean": 0.9721763100658514,
        "recMean": 0.9679381642317517,
        "precMean": 0.9752412683989101
    },
    "Std of all Scores": {
        "f1Std": 0.04447365598540361,
        "accStd": 0.035152775639706674,
        "recStd": 0.04698005308324504,
        "precStd": 0.03969589837115895
    }
}