{
    "Timeout": [
        2,
        2
    ],
    "Mean of all scores": {
        "f1Mean": 0.9618804247490933,
        "accMean": 0.9739174567317109,
        "recMean": 0.9698797186978568,
        "precMean": 0.9728307752274521
    },
    "Std of all Scores": {
        "f1Std": 0.04092310967757897,
        "accStd": 0.03284603817171067,
        "recStd": 0.04387366247200965,
        "precStd": 0.03924726593814545
    }
}