{
    "Timeout": [
        0.5,
        30
    ],
    "Mean of all scores": {
        "f1Mean": 0.9617522956575302,
        "accMean": 0.9751512964521705,
        "recMean": 0.9692675402376414,
        "precMean": 0.9740818520698887
    },
    "Std of all Scores": {
        "f1Std": 0.04261364736583499,
        "accStd": 0.03197223244266562,
        "recStd": 0.04578497246656436,
        "precStd": 0.03965278003107071
    }
}