{
    "Timeout": [
        0.5,
        3
    ],
    "Mean of all scores": {
        "f1Mean": 0.9612369005660278,
        "accMean": 0.9751371950094334,
        "recMean": 0.9687923197723137,
        "precMean": 0.9740398622954555
    },
    "Std of all Scores": {
        "f1Std": 0.04329134026852582,
        "accStd": 0.03189616692606921,
        "recStd": 0.04648623763484295,
        "precStd": 0.03958376304130984
    }
}