{
    "Timeout": [
        0.5,
        60
    ],
    "Mean of all scores": {
        "f1Mean": 0.963341837049937,
        "accMean": 0.9756223082697855,
        "recMean": 0.9707575185100126,
        "precMean": 0.9744580016396263
    },
    "Std of all Scores": {
        "f1Std": 0.04057237564431317,
        "accStd": 0.03164400032124802,
        "recStd": 0.0434964161340351,
        "precStd": 0.03918335374264696
    }
}