{
    "Timeout": [
        4,
        4
    ],
    "Mean of all scores": {
        "f1Mean": 0.9623256547282851,
        "accMean": 0.9710117111833803,
        "recMean": 0.9702155061690189,
        "precMean": 0.9728931746582195
    },
    "Std of all Scores": {
        "f1Std": 0.04043532133702762,
        "accStd": 0.03680692323480924,
        "recStd": 0.04302346966971786,
        "precStd": 0.03895955583649256
    }
}