{
    "Timeout": [
        0.5,
        5
    ],
    "Mean of all scores": {
        "f1Mean": 0.960765406160118,
        "accMean": 0.9749741106484807,
        "recMean": 0.9684855271724839,
        "precMean": 0.9740271648555993
    },
    "Std of all Scores": {
        "f1Std": 0.04391365745743829,
        "accStd": 0.03193406527722104,
        "recStd": 0.04735522129503767,
        "precStd": 0.039602971363179536
    }
}