{
    "Timeout": [
        2,
        30
    ],
    "Mean of all scores": {
        "f1Mean": 0.9616076566695255,
        "accMean": 0.9698919677783813,
        "recMean": 0.9695042995793841,
        "precMean": 0.9728107623358703
    },
    "Std of all Scores": {
        "f1Std": 0.04099153889399929,
        "accStd": 0.03764027837865566,
        "recStd": 0.043895332871465985,
        "precStd": 0.038305241435876096
    }
}