{
    "Timeout": [
        1,
        30
    ],
    "Mean of all scores": {
        "f1Mean": 0.9614106795931244,
        "accMean": 0.971970379908977,
        "recMean": 0.9690685274619476,
        "precMean": 0.9729516611238592
    },
    "Std of all Scores": {
        "f1Std": 0.041621109581905645,
        "accStd": 0.035155509478191405,
        "recStd": 0.044594510910553456,
        "precStd": 0.03914145832517603
    }
}