{
    "Timeout": [
        3,
        30
    ],
    "Mean of all scores": {
        "f1Mean": 0.9624959599459044,
        "accMean": 0.9689587723359823,
        "recMean": 0.9696074641556749,
        "precMean": 0.9743305665978298
    },
    "Std of all Scores": {
        "f1Std": 0.041760871284473276,
        "accStd": 0.038937867314453055,
        "recStd": 0.04361857988903993,
        "precStd": 0.03934022542173912
    }
}