{
    "Timeout": [
        4,
        5
    ],
    "Mean of all scores": {
        "f1Mean": 0.9610676398339809,
        "accMean": 0.969948284954538,
        "recMean": 0.969637369460998,
        "precMean": 0.9715955870957782
    },
    "Std of all Scores": {
        "f1Std": 0.04057908281907227,
        "accStd": 0.036904003373335846,
        "recStd": 0.0436490402215262,
        "precStd": 0.03879835371852257
    }
}