{
    "Timeout": [
        1,
        3
    ],
    "Mean of all scores": {
        "f1Mean": 0.9626639623561785,
        "accMean": 0.9730233055737221,
        "recMean": 0.9698085825713967,
        "precMean": 0.9739545558432227
    },
    "Std of all Scores": {
        "f1Std": 0.040841366144462515,
        "accStd": 0.03474823407460355,
        "recStd": 0.04334675468731204,
        "precStd": 0.03901149047005801
    }
}