{
    "Timeout": [
        4,
        60
    ],
    "Mean of all scores": {
        "f1Mean": 0.9596749073647505,
        "accMean": 0.9688222640888234,
        "recMean": 0.9696208639194224,
        "precMean": 0.9685721523207651
    },
    "Std of all Scores": {
        "f1Std": 0.04331306701221517,
        "accStd": 0.039266856839256216,
        "recStd": 0.04298738747652724,
        "precStd": 0.04642098583122739
    }
}