{
    "Timeout": [
        3,
        4
    ],
    "Mean of all scores": {
        "f1Mean": 0.9617923026222808,
        "accMean": 0.9706117181067759,
        "recMean": 0.9683003870126647,
        "precMean": 0.9747224019443756
    },
    "Std of all Scores": {
        "f1Std": 0.04177593385146025,
        "accStd": 0.03698585806861104,
        "recStd": 0.04382211282396964,
        "precStd": 0.03930218684975635
    }
}