{
    "Timeout": [
        10,
        30
    ],
    "Mean of all scores": {
        "f1Mean": 0.9634845344810568,
        "accMean": 0.9681983778752825,
        "recMean": 0.97005655900848,
        "precMean": 0.9745359189332217
    },
    "Std of all Scores": {
        "f1Std": 0.040164884581143104,
        "accStd": 0.03981774240892622,
        "recStd": 0.04233278809024461,
        "precStd": 0.0383803857218121
    }
}