{
    "Timeout": [
        4,
        30
    ],
    "Mean of all scores": {
        "f1Mean": 0.9622228715265042,
        "accMean": 0.9688989643074116,
        "recMean": 0.9695564403534765,
        "precMean": 0.973506309823535
    },
    "Std of all Scores": {
        "f1Std": 0.04217561006618664,
        "accStd": 0.03924774199810824,
        "recStd": 0.043032496442744574,
        "precStd": 0.04139809074697722
    }
}