{
    "Timeout": [
        1,
        2
    ],
    "Mean of all scores": {
        "f1Mean": 0.9620056642257658,
        "accMean": 0.974755676133442,
        "recMean": 0.9693180291499045,
        "precMean": 0.9738612250260799
    },
    "Std of all Scores": {
        "f1Std": 0.04168949673695539,
        "accStd": 0.032324985859616316,
        "recStd": 0.04447089976181248,
        "precStd": 0.039262757527335226
    }
}