{
    "Timeout": [
        3,
        5
    ],
    "Mean of all scores": {
        "f1Mean": 0.9604236208453841,
        "accMean": 0.9697279432161352,
        "recMean": 0.969202383572376,
        "precMean": 0.9714269099681498
    },
    "Std of all Scores": {
        "f1Std": 0.041190800239365596,
        "accStd": 0.03682719829288423,
        "recStd": 0.04457640152396946,
        "precStd": 0.038741259552632815
    }
}