{
    "Timeout": [
        0.5,
        4
    ],
    "Mean of all scores": {
        "f1Mean": 0.9605413956012402,
        "accMean": 0.9750173570004053,
        "recMean": 0.9685570278419909,
        "precMean": 0.9733559460682546
    },
    "Std of all Scores": {
        "f1Std": 0.04421041777858826,
        "accStd": 0.03194766279618877,
        "recStd": 0.047196706798546206,
        "precStd": 0.04092161614555822
    }
}