{
    "Timeout": [
        3,
        3
    ],
    "Mean of all scores": {
        "f1Mean": 0.9609835129395687,
        "accMean": 0.9705802788606386,
        "recMean": 0.9677493917974767,
        "precMean": 0.972941145844089
    },
    "Std of all Scores": {
        "f1Std": 0.03942657535680265,
        "accStd": 0.03571101831435838,
        "recStd": 0.041763425410809726,
        "precStd": 0.03902508631786546
    }
}