{
    "Timeout": [
        5,
        60
    ],
    "Mean of all scores": {
        "f1Mean": 0.9601120457023494,
        "accMean": 0.9671959676383718,
        "recMean": 0.9686168209489672,
        "precMean": 0.9698813935684794
    },
    "Std of all Scores": {
        "f1Std": 0.0382412261981745,
        "accStd": 0.03836815872775525,
        "recStd": 0.040721110656695245,
        "precStd": 0.03893854475003133
    }
}