{
    "Best score": {
        "Best Timeout": [
            10,
            30
        ],
        "Mean Scores (Best)": {
            "f1Mean": 0.953901521409672,
            "accMean": 0.9714031975801214,
            "recMean": 0.9654569445292223,
            "precMean": 0.9532823808964148
        },
        "Std Scores (Best)": {
            "f1Std": 0.02957330985390796,
            "accStd": 0.020997847026236433,
            "recStd": 0.025878310022150457,
            "precStd": 0.03149579769106662
        }
    },
    "Worst score": {
        "Worst Timeout": [
            0.5,
            60
        ],
        "Mean Scores (Worst)": {
            "f1Mean": 0.9287913286882681,
            "accMean": 0.9568691923151551,
            "recMean": 0.9335728393820883,
            "precMean": 0.9376704969788691
        },
        "Std Scores (Worst)": {
            "f1Std": 0.02980685036221633,
            "accStd": 0.022536679516198,
            "recStd": 0.020058991017860676,
            "precStd": 0.03390810702971566
        }
    },
    "Difference": {
        "Accuracy": 1.4534005264966288,
        "F1 Score": 2.5110192721403912,
        "Precision": 1.5611883917545755,
        "Recall": 3.188410514713391
    }
}