{
    "Best score": {
        "Best Timeout": [
            10,
            60
        ],
        "Mean Scores (Best)": {
            "f1Mean": 0.9487245698426591,
            "accMean": 0.9690498440095625,
            "recMean": 0.9618423865483304,
            "precMean": 0.9490668327017694
        },
        "Std Scores (Best)": {
            "f1Std": 0.025824316132493846,
            "accStd": 0.017669355480566955,
            "recStd": 0.02763623260265778,
            "precStd": 0.025433348738131356
        }
    },
    "Worst score": {
        "Worst Timeout": [
            0.5,
            3
        ],
        "Mean Scores (Worst)": {
            "f1Mean": 0.917538317863122,
            "accMean": 0.9429326479361183,
            "recMean": 0.9275655827216752,
            "precMean": 0.9271888374877802
        },
        "Std Scores (Worst)": {
            "f1Std": 0.04014952797915566,
            "accStd": 0.04159086809085452,
            "recStd": 0.02196087503669817,
            "precStd": 0.05041516186826061
        }
    },
    "Difference": {
        "Accuracy": 2.6117196073444204,
        "F1 Score": 3.118625197953706,
        "Precision": 2.1877995213989143,
        "Recall": 3.427680382665521
    }
}