{
    "Best score": {
        "Best Timeout": [
            10,
            60
        ],
        "Mean Scores (Best)": {
            "f1Mean": 0.9680865179295217,
            "accMean": 0.9831450345553729,
            "recMean": 0.9682805724006384,
            "precMean": 0.9690853069845259
        },
        "Std Scores (Best)": {
            "f1Std": 0.026789891741770013,
            "accStd": 0.014522154617189621,
            "recStd": 0.0299019141616551,
            "precStd": 0.022152433861450743
        }
    },
    "Worst score": {
        "Worst Timeout": [
            0.5,
            60
        ],
        "Mean Scores (Worst)": {
            "f1Mean": 0.9288073623463065,
            "accMean": 0.9572737839392002,
            "recMean": 0.9339258206057363,
            "precMean": 0.936420852429863
        },
        "Std Scores (Worst)": {
            "f1Std": 0.030765869127377124,
            "accStd": 0.022551786538194424,
            "recStd": 0.020517979834907853,
            "precStd": 0.037387060212849516
        }
    },
    "Difference": {
        "Accuracy": 2.587125061617279,
        "F1 Score": 3.9279155583215264,
        "Precision": 3.2664454554662936,
        "Recall": 3.4354751794902105
    }
}