{
    "Timeout": 30,
    "Mean of all scores": {
        "f1Mean": 0.7042960076861771,
        "accMean": 0.971506050251157,
        "recMean": 0.731559288139507,
        "precMean": 0.7027736740133591
    },
    "Std of all Scores": {
        "f1Std": 0.06849656739230195,
        "accStd": 0.037917598455744196,
        "recStd": 0.03966268324552377,
        "precStd": 0.08633148036811768
    }
}