{
    "Timeout": 2,
    "Mean of all scores": {
        "f1Mean": 0.7173432494309102,
        "accMean": 0.9762772130360805,
        "recMean": 0.735365783672217,
        "precMean": 0.7181294799895046
    },
    "Std of all Scores": {
        "f1Std": 0.0815430685788226,
        "accStd": 0.03141273608026161,
        "recStd": 0.04293426509365782,
        "precStd": 0.0944293660751434
    }
}