{
    "Timeout": 0.5,
    "Mean of all scores": {
        "f1Mean": 0.7054355327927612,
        "accMean": 0.9773270286786786,
        "recMean": 0.734007313793714,
        "precMean": 0.7023035719638262
    },
    "Std of all Scores": {
        "f1Std": 0.06329019710817642,
        "accStd": 0.030951025547823578,
        "recStd": 0.009489154235409589,
        "precStd": 0.08812862656386879
    }
}