{
    "Timeout": 6,
    "Mean of all scores": {
        "f1Mean": 0.705889620687878,
        "accMean": 0.9683647074481936,
        "recMean": 0.7337938841664073,
        "precMean": 0.7018749702032242
    },
    "Std of all Scores": {
        "f1Std": 0.0659423675220486,
        "accStd": 0.0419145954290781,
        "recStd": 0.02669729283126214,
        "precStd": 0.08648837104074202
    }
}