{
    "Timeout": 60,
    "Mean of all scores": {
        "f1Mean": 0.7060775794231138,
        "accMean": 0.968578287597975,
        "recMean": 0.7318079687172647,
        "precMean": 0.7027894500741997
    },
    "Std of all Scores": {
        "f1Std": 0.10314876577680963,
        "accStd": 0.04333324005205713,
        "recStd": 0.05148108039279642,
        "precStd": 0.12202342398408988
    }
}