{
    "Timeout": 5,
    "Mean of all scores": {
        "f1Mean": 0.713366441991346,
        "accMean": 0.9708169275403602,
        "recMean": 0.7348349522734148,
        "precMean": 0.7118633367524183
    },
    "Std of all Scores": {
        "f1Std": 0.08783010177064351,
        "accStd": 0.03750539541323154,
        "recStd": 0.043275268607983156,
        "precStd": 0.10470801931830502
    }
}