{
    "Timeout": 4,
    "Mean of all scores": {
        "f1Mean": 0.7047267215840008,
        "accMean": 0.9725071259803991,
        "recMean": 0.7351206120310212,
        "precMean": 0.7015331954770249
    },
    "Std of all Scores": {
        "f1Std": 0.10477148464055346,
        "accStd": 0.03662253977788949,
        "recStd": 0.043054729530427695,
        "precStd": 0.12540512029428982
    }
}