{
    "Timeout": 5,
    "Mean of all scores": {
        "f1Mean": 0.4104581379095569,
        "accMean": 0.9761495157163844,
        "recMean": 0.3920440828539621,
        "precMean": 0.5434053528226344
    },
    "Std of all Scores": {
        "f1Std": 0.08144141138178668,
        "accStd": 0.005689038521809963,
        "recStd": 0.10988788424225503,
        "precStd": 0.08942608050847096
    }
}