{
    "Timeout": 10,
    "Mean of all scores": {
        "f1Mean": 0.41358516190534356,
        "accMean": 0.975987086930334,
        "recMean": 0.39294156309738293,
        "precMean": 0.5437891107200299
    },
    "Std of all Scores": {
        "f1Std": 0.08591233709669191,
        "accStd": 0.00585223852075057,
        "recStd": 0.10309492727575213,
        "precStd": 0.09590005233243633
    }
}