{
    "Timeout": 1,
    "Mean of all scores": {
        "f1Mean": 0.4236659044202046,
        "accMean": 0.9762238509733233,
        "recMean": 0.4036928573311133,
        "precMean": 0.5557332864731055
    },
    "Std of all Scores": {
        "f1Std": 0.09768790245043936,
        "accStd": 0.005814151767705034,
        "recStd": 0.11861743341123004,
        "precStd": 0.08465004359550043
    }
}