{"accuracy": {"all_test_sets": 0.9854729970929381, "(0.5, 2)": 0.9844989586014837, "(1, 2)": 0.9856079847374705, "(2, 2)": 0.9860827382346055, "(0.5, 3)": 0.9844229215929576, "(1, 3)": 0.9855385871856119, "(2, 3)": 0.9860816682673162, "(3, 3)": 0.9859450776655811, "(0.5, 4)": 0.9843512176560122, "(1, 4)": 0.9855135795095215, "(2, 4)": 0.9860736083126377, "(3, 4)": 0.985973602193373, "(4, 4)": 0.985785867450962, "(0.5, 5)": 0.9843087660132556, "(1, 5)": 0.9854833325524738, "(2, 5)": 0.9860631897743515, "(3, 5)": 0.9859785500011718, "(4, 5)": 0.9858003152393006, "(5, 5)": 0.9856839196981061, "(0.5, 30)": 0.9838727390937632, "(1, 30)": 0.9853340090459562, "(2, 30)": 0.9860122187060478, "(3, 30)": 0.9860107324564489, "(4, 30)": 0.9859365473901421, "(5, 30)": 0.9858135083481849, "(10, 30)": 0.9849935796707162, "(0.5, 60)": 0.9838705426174968, "(1, 60)": 0.9853325443509644, "(2, 60)": 0.9860144163150493, "(3, 60)": 0.9860129305291787, "(4, 60)": 0.9859372801669559, "(5, 60)": 0.9858135083481849, "(10, 60)": 0.9849935796707162}, "f1Score": {"all_test_sets": 0.48200263400106014, "(0.5, 2)": 0.44474766787049436, "(1, 2)": 0.470555571355571, "(2, 2)": 0.49026602200088815, "(0.5, 3)": 0.446603169737969, "(1, 3)": 0.47078552642916066, "(2, 3)": 0.4916771897540898, "(3, 3)": 0.4961427668000577, "(0.5, 4)": 0.4466909792063266, "(1, 4)": 0.47074608862449707, "(2, 4)": 0.4911678839376926, "(3, 4)": 0.4967424888188616, "(4, 4)": 0.49398919583409606, "(0.5, 5)": 0.4467020817478238, "(1, 5)": 0.4711433880738471, "(2, 5)": 0.49031845979715005, "(3, 5)": 0.4967273535734991, "(4, 5)": 0.4945044624278564, "(5, 5)": 0.49281979686325783, "(0.5, 30)": 0.4429302583206026, "(1, 30)": 0.47064658538207116, "(2, 30)": 0.48751985192848285, "(3, 30)": 0.4972045630913473, "(4, 30)": 0.495942598595214, "(5, 30)": 0.49531455873389624, "(10, 30)": 0.4852871004344682, "(0.5, 60)": 0.4429128176311156, "(1, 60)": 0.47069605522293234, "(2, 60)": 0.4875618270927619, "(3, 60)": 0.4972899042064106, "(4, 60)": 0.4959300229702034, "(5, 60)": 0.49536631004884646, "(10, 60)": 0.4852766757899299}, "precision": {"all_test_sets": 0.5418075713007247, "(0.5, 2)": 0.5593021274817104, "(1, 2)": 0.5660841134809467, "(2, 2)": 0.5564424667181945, "(0.5, 3)": 0.5638378940454075, "(1, 3)": 0.5652057330464674, "(2, 3)": 0.5572942216671806, "(3, 3)": 0.5439525774146495, "(0.5, 4)": 0.5633480620091653, "(1, 4)": 0.5664702217719536, "(2, 4)": 0.5559737576666404, "(3, 4)": 0.5447205642725579, "(4, 4)": 0.5393732383788217, "(0.5, 5)": 0.5630844444972583, "(1, 5)": 0.5664333354225229, "(2, 5)": 0.5559026056189835, "(3, 5)": 0.5445490341431674, "(4, 5)": 0.5394641549452732, "(5, 5)": 0.5366852487990045, "(0.5, 30)": 0.5674913639665541, "(1, 30)": 0.5739033556550437, "(2, 30)": 0.5549854848515059, "(3, 30)": 0.5447674822949191, "(4, 30)": 0.5418806515070506, "(5, 30)": 0.5391312887675147, "(10, 30)": 0.5189337069834316, "(0.5, 60)": 0.5675982946296195, "(1, 60)": 0.5740232556382849, "(2, 60)": 0.5550004934838795, "(3, 60)": 0.5448160637238256, "(4, 60)": 0.5418877507166975, "(5, 60)": 0.5392130802969388, "(10, 60)": 0.5189160463352551}, "recall": {"all_test_sets": 0.47679738388871246, "(0.5, 2)": 0.4254812185784441, "(1, 2)": 0.45836641769238173, "(2, 2)": 0.48880471949605464, "(0.5, 3)": 0.42617949123921195, "(1, 3)": 0.45847730538815873, "(2, 3)": 0.49055135403772104, "(3, 3)": 0.501913096534724, "(0.5, 4)": 0.4260252516546913, "(1, 4)": 0.45816941696111374, "(2, 4)": 0.4901422208641182, "(3, 4)": 0.5022710019791367, "(4, 4)": 0.5027215797109381, "(0.5, 5)": 0.4255494833962282, "(1, 5)": 0.45810641658519363, "(2, 5)": 0.48916740431161465, "(3, 5)": 0.5023214283312779, "(4, 5)": 0.5033212383754193, "(5, 5)": 0.502501270318876, "(0.5, 30)": 0.4173767606551312, "(1, 30)": 0.45432126099813813, "(2, 30)": 0.48548271823932587, "(3, 30)": 0.5033898177407752, "(4, 30)": 0.5026594313834659, "(5, 30)": 0.5039413912453818, "(10, 30)": 0.5068478092678526, "(0.5, 60)": 0.41729236077554444, "(1, 60)": 0.4543009600407957, "(2, 60)": 0.4855191554919309, "(3, 60)": 0.5034805690814858, "(4, 60)": 0.5026229460725975, "(5, 60)": 0.5039503290141767, "(10, 60)": 0.506847246216646}}