{
    "Best score": {
        "Best Timeout": 10,
        "Accuracy": 0.9653539021147924,
        "F1 Score": 0.9180008062135198,
        "Precision": 0.9245599824880071,
        "Recall": 0.9218296474858245
    },
    "Worst score": {
        "Worst Timeout": 0.5,
        "Accuracy": 0.9586405712864338,
        "F1 Score": 0.8893367002026118,
        "Precision": 0.8965099382742359,
        "Recall": 0.8979306528949744
    },
    "Difference": {
        "Accuracy": 0.006713330828358677,
        "F1 Score": 2.8664106010907964,
        "Precision": 2.805004421377122,
        "Recall": 2.38989945908501
    }
}