{
    "Timeout": [
        0.5,
        30
    ],
    "Mean of all scores": {
        "f1Mean": 0.9301698264116431,
        "accMean": 0.957649006905146,
        "recMean": 0.9351394416638092,
        "precMean": 0.9386043380104594
    },
    "Std of all Scores": {
        "f1Std": 0.02907963673196715,
        "accStd": 0.022356921115876626,
        "recStd": 0.018816800268457032,
        "precStd": 0.033318283095982504
    }
}