{
    "Timeout": [
        5,
        5
    ],
    "Mean of all scores": {
        "f1Mean": 0.9420492023737344,
        "accMean": 0.9645631248467446,
        "recMean": 0.9494248597835696,
        "precMean": 0.9465431804868347
    },
    "Std of all Scores": {
        "f1Std": 0.03155026611403662,
        "accStd": 0.023964081923089846,
        "recStd": 0.019610083856781587,
        "precStd": 0.03554098945660033
    }
}