{
    "Timeout": [
        2,
        5
    ],
    "Mean of all scores": {
        "f1Mean": 0.9410131777113253,
        "accMean": 0.964058095851412,
        "recMean": 0.9490403218749327,
        "precMean": 0.9448382454242408
    },
    "Std of all Scores": {
        "f1Std": 0.03320694949223461,
        "accStd": 0.024387524593977538,
        "recStd": 0.019655610859688744,
        "precStd": 0.03849623888016596
    }
}