{
    "Timeout": [
        1,
        30
    ],
    "Mean of all scores": {
        "f1Mean": 0.93865746973831,
        "accMean": 0.9633947718155987,
        "recMean": 0.9471706266262127,
        "precMean": 0.9423847960792042
    },
    "Std of all Scores": {
        "f1Std": 0.03253060035035246,
        "accStd": 0.023856088016811057,
        "recStd": 0.02181684756190519,
        "precStd": 0.035957521185096694
    }
}