{
    "Timeout": [
        2,
        4
    ],
    "Mean of all scores": {
        "f1Mean": 0.9410072237704862,
        "accMean": 0.9640358187782605,
        "recMean": 0.9490414525758248,
        "precMean": 0.944715801107915
    },
    "Std of all Scores": {
        "f1Std": 0.03321014716208373,
        "accStd": 0.024363711437609126,
        "recStd": 0.019562627310219308,
        "precStd": 0.03888825843259384
    }
}