{
    "Timeout": [
        3,
        3
    ],
    "Mean of all scores": {
        "f1Mean": 0.9423858601160073,
        "accMean": 0.9644848689411368,
        "recMean": 0.9496717308017274,
        "precMean": 0.9468238752116698
    },
    "Std of all Scores": {
        "f1Std": 0.03161117241048707,
        "accStd": 0.023965832615692743,
        "recStd": 0.0191752566601208,
        "precStd": 0.035758298736333585
    }
}