{
    "Timeout": [
        3,
        30
    ],
    "Mean of all scores": {
        "f1Mean": 0.9412959208387985,
        "accMean": 0.9657718125323222,
        "recMean": 0.9481225342925939,
        "precMean": 0.9455306324152314
    },
    "Std of all Scores": {
        "f1Std": 0.030728812994697784,
        "accStd": 0.020774499887517048,
        "recStd": 0.021594002232445498,
        "precStd": 0.03483732238580159
    }
}