{
    "Timeout": [
        4,
        60
    ],
    "Mean of all scores": {
        "f1Mean": 0.940995630432121,
        "accMean": 0.9640013625682105,
        "recMean": 0.9482886284519134,
        "precMean": 0.9456969291790456
    },
    "Std of all Scores": {
        "f1Std": 0.03174357312029798,
        "accStd": 0.024061399309787145,
        "recStd": 0.020642994679837847,
        "precStd": 0.03537125736231822
    }
}