{
    "Timeout": [
        5,
        60
    ],
    "Mean of all scores": {
        "f1Mean": 0.9395676396700725,
        "accMean": 0.9636367110044413,
        "recMean": 0.947244534633889,
        "precMean": 0.9439952809622685
    },
    "Std of all Scores": {
        "f1Std": 0.03269647062174465,
        "accStd": 0.02428954122822247,
        "recStd": 0.021459046682676446,
        "precStd": 0.036634656741253026
    }
}