{
    "Timeout": [
        10,
        60
    ],
    "Mean of all scores": {
        "f1Mean": 0.9540058457091607,
        "accMean": 0.9716489376896007,
        "recMean": 0.9657472595306889,
        "precMean": 0.9534703660514678
    },
    "Std of all Scores": {
        "f1Std": 0.030168629918365195,
        "accStd": 0.020819348386219558,
        "recStd": 0.028369442983467746,
        "precStd": 0.030859605341132797
    }
}