{
    "Timeout": [
        3,
        5
    ],
    "Mean of all scores": {
        "f1Mean": 0.9409622792427619,
        "accMean": 0.9639359932158861,
        "recMean": 0.9484208332655809,
        "precMean": 0.9453982003048207
    },
    "Std of all Scores": {
        "f1Std": 0.03202033783661626,
        "accStd": 0.024079450765125212,
        "recStd": 0.020286474747362872,
        "precStd": 0.036244541126891856
    }
}