{
    "Timeout": [
        0.5,
        3
    ],
    "Mean of all scores": {
        "f1Mean": 0.9299222314778053,
        "accMean": 0.9575205505775534,
        "recMean": 0.9349171577321505,
        "precMean": 0.9383682081298559
    },
    "Std of all Scores": {
        "f1Std": 0.02921181247499915,
        "accStd": 0.02239201224373366,
        "recStd": 0.019207566670535123,
        "precStd": 0.033325402425328415
    }
}