{
    "Timeout": [
        10,
        30
    ],
    "Mean of all scores": {
        "f1Mean": 0.9496887425302027,
        "accMean": 0.9709346981865371,
        "recMean": 0.9640954890283755,
        "precMean": 0.946307562078354
    },
    "Std of all Scores": {
        "f1Std": 0.03383191547091171,
        "accStd": 0.021127884717104892,
        "recStd": 0.027176611251245934,
        "precStd": 0.04061562870551572
    }
}