{
    "Timeout": [
        2,
        60
    ],
    "Mean of all scores": {
        "f1Mean": 0.9411865559801516,
        "accMean": 0.9642414868603568,
        "recMean": 0.9491782969496656,
        "precMean": 0.9450504070010535
    },
    "Std of all Scores": {
        "f1Std": 0.03317405849212424,
        "accStd": 0.02450806810116185,
        "recStd": 0.01960612456101168,
        "precStd": 0.0383505418273452
    }
}