{
    "Timeout": [
        1,
        4
    ],
    "Mean of all scores": {
        "f1Mean": 0.9389792682913113,
        "accMean": 0.9635082502529425,
        "recMean": 0.9474561354032034,
        "precMean": 0.9426905988790912
    },
    "Std of all Scores": {
        "f1Std": 0.032291644073416476,
        "accStd": 0.023741023954108584,
        "recStd": 0.02188547151346569,
        "precStd": 0.035596672378715825
    }
}