{
    "Timeout": [
        0.5,
        5
    ],
    "Mean of all scores": {
        "f1Mean": 0.9295443292934973,
        "accMean": 0.957356742507614,
        "recMean": 0.9344017410824049,
        "precMean": 0.9382556787255026
    },
    "Std of all Scores": {
        "f1Std": 0.02918908292986397,
        "accStd": 0.022236043647134867,
        "recStd": 0.019533540172615983,
        "precStd": 0.033226740084178696
    }
}