{
    "Timeout": [
        2,
        30
    ],
    "Mean of all scores": {
        "f1Mean": 0.9407176477732986,
        "accMean": 0.9639621737479125,
        "recMean": 0.9487097322430402,
        "precMean": 0.9446306772032648
    },
    "Std of all Scores": {
        "f1Std": 0.03319614619479341,
        "accStd": 0.024494678430306446,
        "recStd": 0.01997493523885056,
        "precStd": 0.03836922800167089
    }
}