{
    "Timeout": [
        1,
        5
    ],
    "Mean of all scores": {
        "f1Mean": 0.9388306134020098,
        "accMean": 0.9634821752917697,
        "recMean": 0.947452586897555,
        "precMean": 0.9424445672935494
    },
    "Std of all Scores": {
        "f1Std": 0.032437765674862645,
        "accStd": 0.02379854699134981,
        "recStd": 0.02186305293902547,
        "precStd": 0.03574399737395818
    }
}