{
    "Timeout": [
        1,
        60
    ],
    "Mean of all scores": {
        "f1Mean": 0.9385402701047292,
        "accMean": 0.9633758942635142,
        "recMean": 0.9471129791684241,
        "precMean": 0.9422590310046702
    },
    "Std of all Scores": {
        "f1Std": 0.032600367392210665,
        "accStd": 0.023816067276753887,
        "recStd": 0.022219490168102807,
        "precStd": 0.035807090806853153
    }
}