{
    "Timeout": [
        3,
        60
    ],
    "Mean of all scores": {
        "f1Mean": 0.9407693147366343,
        "accMean": 0.9640512579946259,
        "recMean": 0.9483335000299071,
        "precMean": 0.9449900255959207
    },
    "Std of all Scores": {
        "f1Std": 0.03242359233469913,
        "accStd": 0.02417591393364511,
        "recStd": 0.0209398696975109,
        "precStd": 0.03700726186509516
    }
}