{
    "Timeout": [
        0.5,
        4
    ],
    "Mean of all scores": {
        "f1Mean": 0.9295756947914411,
        "accMean": 0.9574798496967976,
        "recMean": 0.9345958767097644,
        "precMean": 0.9381196234424387
    },
    "Std of all Scores": {
        "f1Std": 0.02934699403490127,
        "accStd": 0.022385710330399187,
        "recStd": 0.019556783496810243,
        "precStd": 0.033382275749190324
    }
}