{
    "Timeout": [
        5,
        30
    ],
    "Mean of all scores": {
        "f1Mean": 0.9411966241653509,
        "accMean": 0.9655633342366977,
        "recMean": 0.9481627324978424,
        "precMean": 0.9451961904920079
    },
    "Std of all Scores": {
        "f1Std": 0.030879766625341924,
        "accStd": 0.021186446349579644,
        "recStd": 0.020930082381101403,
        "precStd": 0.03556823686408425
    }
}