{
    "Timeout": [
        2,
        2
    ],
    "Mean of all scores": {
        "f1Mean": 0.94127454142331,
        "accMean": 0.9638632635422363,
        "recMean": 0.9489662369142107,
        "precMean": 0.9455380030722115
    },
    "Std of all Scores": {
        "f1Std": 0.03202996423327771,
        "accStd": 0.02412467321725529,
        "recStd": 0.02007669495196759,
        "precStd": 0.035863068129418675
    }
}