{
    "Timeout": [
        2,
        3
    ],
    "Mean of all scores": {
        "f1Mean": 0.9422391430284204,
        "accMean": 0.9643432759438137,
        "recMean": 0.9497338240281714,
        "precMean": 0.9466114308897053
    },
    "Std of all Scores": {
        "f1Std": 0.032209189484465224,
        "accStd": 0.02429786367088502,
        "recStd": 0.019431123193230287,
        "precStd": 0.036525264587373596
    }
}