{
    "Timeout": [
        4,
        30
    ],
    "Mean of all scores": {
        "f1Mean": 0.940935578194358,
        "accMean": 0.9653633780668681,
        "recMean": 0.9479497602842931,
        "precMean": 0.944982121784404
    },
    "Std of all Scores": {
        "f1Std": 0.03103734056759369,
        "accStd": 0.021368366506019972,
        "recStd": 0.020987415137325438,
        "precStd": 0.03548873011952917
    }
}