{
    "Timeout": [
        0.5,
        2
    ],
    "Mean of all scores": {
        "f1Mean": 0.9302028897221787,
        "accMean": 0.9576092530930376,
        "recMean": 0.9350876291294868,
        "precMean": 0.9387448058485737
    },
    "Std of all Scores": {
        "f1Std": 0.029478807871953883,
        "accStd": 0.022412852642033618,
        "recStd": 0.019570385074932885,
        "precStd": 0.03341726461605338
    }
}