{
    "Timeout": [
        1,
        3
    ],
    "Mean of all scores": {
        "f1Mean": 0.9392019681774357,
        "accMean": 0.9635910486791103,
        "recMean": 0.9476164919741482,
        "precMean": 0.9429749301221555
    },
    "Std of all Scores": {
        "f1Std": 0.03235421137572772,
        "accStd": 0.023815941140320106,
        "recStd": 0.02221312734062937,
        "precStd": 0.03549155662951414
    }
}