{
    "Timeout": [
        1,
        2
    ],
    "Mean of all scores": {
        "f1Mean": 0.9386816008437572,
        "accMean": 0.9633142507346092,
        "recMean": 0.9472201545911323,
        "precMean": 0.9424031111208709
    },
    "Std of all Scores": {
        "f1Std": 0.03260431784965657,
        "accStd": 0.023885444232464453,
        "recStd": 0.022384617726913445,
        "precStd": 0.03581792099900598
    }
}