{
    "Timeout": [
        4,
        5
    ],
    "Mean of all scores": {
        "f1Mean": 0.942015567042324,
        "accMean": 0.9644033934601145,
        "recMean": 0.949277162318759,
        "precMean": 0.9465600897786743
    },
    "Std of all Scores": {
        "f1Std": 0.03160373218868149,
        "accStd": 0.023984037765075517,
        "recStd": 0.019406843223832636,
        "precStd": 0.03581335169088275
    }
}