{
    "Timeout": [
        4,
        4
    ],
    "Mean of all scores": {
        "f1Mean": 0.9390156756158412,
        "accMean": 0.9641827714822366,
        "recMean": 0.9489801334590373,
        "precMean": 0.9407837106964703
    },
    "Std of all Scores": {
        "f1Std": 0.036235744243917484,
        "accStd": 0.024116124181144963,
        "recStd": 0.020312689017434316,
        "precStd": 0.04571970733619212
    }
}