{
    "Timeout": [
        0.5,
        60
    ],
    "Mean of all scores": {
        "f1Mean": 0.9294727599161898,
        "accMean": 0.9573642613160678,
        "recMean": 0.93436557265288,
        "precMean": 0.9381633333973352
    },
    "Std of all Scores": {
        "f1Std": 0.029134928270786835,
        "accStd": 0.02227066363828742,
        "recStd": 0.019276695326425404,
        "precStd": 0.033225371991282754
    }
}