{
    "Timeout": [
        3,
        4
    ],
    "Mean of all scores": {
        "f1Mean": 0.9424958816317505,
        "accMean": 0.9645439199727994,
        "recMean": 0.949683333398551,
        "precMean": 0.9470651416687366
    },
    "Std of all Scores": {
        "f1Std": 0.03137220817792952,
        "accStd": 0.023924416509403527,
        "recStd": 0.019091092250667917,
        "precStd": 0.03550404334647763
    }
}