{
    "Timeout": 10,
    "Mean of all scores": {
        "f1Mean": 0.6951423615064378,
        "accMean": 0.8606331639971027,
        "recMean": 0.7244307845903356,
        "precMean": 0.7234462336365146
    },
    "Std of all Scores": {
        "f1Std": 0.06465684658496251,
        "accStd": 0.1341187738188365,
        "recStd": 0.038205350170463025,
        "precStd": 0.07190320709032065
    }
}