{
    "Timeout": 3,
    "Mean of all scores": {
        "f1Mean": 0.706384906712561,
        "accMean": 0.8686360830709446,
        "recMean": 0.7357335307786764,
        "precMean": 0.7301844808739447
    },
    "Std of all Scores": {
        "f1Std": 0.05184766479763407,
        "accStd": 0.12042033588462847,
        "recStd": 0.0323714733315666,
        "precStd": 0.05068855566414801
    }
}