{
    "Timeout": 6,
    "Mean of all scores": {
        "f1Mean": 0.7296482902409627,
        "accMean": 0.9314328168324633,
        "recMean": 0.7403101025639103,
        "precMean": 0.7472686015305035
    },
    "Std of all Scores": {
        "f1Std": 0.02408375313930622,
        "accStd": 0.013060669761193484,
        "recStd": 0.017893129741083917,
        "precStd": 0.04407637563080992
    }
}