{
    "Timeout": 0.5,
    "Mean of all scores": {
        "f1Mean": 0.7240960527423905,
        "accMean": 0.9074031174162505,
        "recMean": 0.7434369954855957,
        "precMean": 0.745031265262327
    },
    "Std of all Scores": {
        "f1Std": 0.04274675519871018,
        "accStd": 0.052459329713154486,
        "recStd": 0.024399675724951823,
        "precStd": 0.05777342158931095
    }
}