{
    "Timeout": 4,
    "Mean of all scores": {
        "f1Mean": 0.713754405755468,
        "accMean": 0.9271346275453745,
        "recMean": 0.7338707788302571,
        "precMean": 0.7339535350627975
    },
    "Std of all Scores": {
        "f1Std": 0.038779947688862365,
        "accStd": 0.018073341256114768,
        "recStd": 0.028432237422086164,
        "precStd": 0.05276639082392734
    }
}