{
    "Timeout": 60,
    "Mean of all scores": {
        "f1Mean": 0.7374421308423391,
        "accMean": 0.9302939236743153,
        "recMean": 0.7534504862763042,
        "precMean": 0.7575933430675039
    },
    "Std of all Scores": {
        "f1Std": 0.02608738144787576,
        "accStd": 0.013567467037712456,
        "recStd": 0.026344092405562427,
        "precStd": 0.0394928840812096
    }
}