{
    "Timeout": 30,
    "Mean of all scores": {
        "f1Mean": 0.7207239393226298,
        "accMean": 0.9281692643848919,
        "recMean": 0.7406838312596861,
        "precMean": 0.7428747876612635
    },
    "Std of all Scores": {
        "f1Std": 0.036737059060008674,
        "accStd": 0.015659328024501016,
        "recStd": 0.01804130744697554,
        "precStd": 0.05712195345801224
    }
}