{
    "Timeout": "default",
    "Mean of all scores": {
        "f1Mean": 0.7320885266267163,
        "accMean": 0.9287703640829141,
        "recMean": 0.7372224034619704,
        "precMean": 0.7580518988976799
    },
    "Std of all Scores": {
        "f1Std": 0.0288975400103571,
        "accStd": 0.015057692770265951,
        "recStd": 0.031202221464852516,
        "precStd": 0.038208942581265774
    }
}