{
    "Timeout": 1,
    "Mean of all scores": {
        "f1Mean": 0.7291073269368177,
        "accMean": 0.9312608303899577,
        "recMean": 0.7332337655554978,
        "precMean": 0.7464108129043451
    },
    "Std of all Scores": {
        "f1Std": 0.024985036719104212,
        "accStd": 0.012998270814233085,
        "recStd": 0.028718499835145832,
        "precStd": 0.039841684297358015
    }
}