{
    "Timeout": 5,
    "Mean of all scores": {
        "f1Mean": 0.6979662233337967,
        "accMean": 0.7925685336534556,
        "recMean": 0.7290997657192834,
        "precMean": 0.7320630056842422
    },
    "Std of all Scores": {
        "f1Std": 0.08391847794129675,
        "accStd": 0.2834275680616238,
        "recStd": 0.048422879669504294,
        "precStd": 0.0828991233781279
    }
}