{
    "Timeout": 2,
    "Mean of all scores": {
        "f1Mean": 0.6948634354615117,
        "accMean": 0.8011268126721214,
        "recMean": 0.7254118760083714,
        "precMean": 0.7316749289122335
    },
    "Std of all Scores": {
        "f1Std": 0.08297667646452608,
        "accStd": 0.26278286905341725,
        "recStd": 0.050115068299183385,
        "precStd": 0.07974239232168276
    }
}