{
    "Timeout": 1,
    "Mean of all scores": {
        "f1Mean": 0.8348938906777219,
        "accMean": 0.8518438960985882,
        "recMean": 0.8216866873315298,
        "precMean": 0.8674683441385946
    },
    "Std of all Scores": {
        "f1Std": 0.02437269560085562,
        "accStd": 0.028437426966430198,
        "recStd": 0.02454684566985587,
        "precStd": 0.023767250440236077
    }
}