{
    "Timeout": 10,
    "Mean of all scores": {
        "f1Mean": 0.8252852824141999,
        "accMean": 0.8338116293677871,
        "recMean": 0.8099784739913997,
        "precMean": 0.8635416145547911
    },
    "Std of all Scores": {
        "f1Std": 0.014648157847959928,
        "accStd": 0.014301344654513118,
        "recStd": 0.013600698072670149,
        "precStd": 0.01825612229961626
    }
}