{
    "Timeout": 2,
    "Mean of all scores": {
        "f1Mean": 0.835244284839866,
        "accMean": 0.8512225767112994,
        "recMean": 0.8224650269329421,
        "precMean": 0.8674685219946902
    },
    "Std of all Scores": {
        "f1Std": 0.023729731748337944,
        "accStd": 0.027006963879671667,
        "recStd": 0.02435031226220971,
        "precStd": 0.022912044107604435
    }
}