{
    "Timeout": 60,
    "Mean of all scores": {
        "f1Mean": 0.8260631864747998,
        "accMean": 0.8344331547509082,
        "recMean": 0.8125770538658224,
        "precMean": 0.8637594333636885
    },
    "Std of all Scores": {
        "f1Std": 0.0138963331416856,
        "accStd": 0.013748589117757806,
        "recStd": 0.012197177117093892,
        "precStd": 0.01890126744436683
    }
}