{
    "Timeout": 30,
    "Mean of all scores": {
        "f1Mean": 0.8280912777920788,
        "accMean": 0.8347570868273155,
        "recMean": 0.8145927180170751,
        "precMean": 0.8635145553800921
    },
    "Std of all Scores": {
        "f1Std": 0.0135635042434894,
        "accStd": 0.01384230762447223,
        "recStd": 0.01308016592374696,
        "precStd": 0.015805870823614985
    }
}