{
    "Timeout": 5,
    "Mean of all scores": {
        "f1Mean": 0.8251809561464715,
        "accMean": 0.8338636284146912,
        "recMean": 0.8096930200989059,
        "precMean": 0.8632631115330327
    },
    "Std of all Scores": {
        "f1Std": 0.015557204667309798,
        "accStd": 0.014641758116376876,
        "recStd": 0.014712269377250238,
        "precStd": 0.018836664816854535
    }
}