{
    "Timeout": 3,
    "Mean of all scores": {
        "f1Mean": 0.8347482503646017,
        "accMean": 0.8504158825578239,
        "recMean": 0.8215515230732121,
        "precMean": 0.8680816356382997
    },
    "Std of all Scores": {
        "f1Std": 0.022220666939043288,
        "accStd": 0.02612093388362696,
        "recStd": 0.022520891239684235,
        "precStd": 0.02188081525927793
    }
}