{
    "Timeout": 6,
    "Mean of all scores": {
        "f1Mean": 0.8255233206801144,
        "accMean": 0.8340093674142979,
        "recMean": 0.8102895292575389,
        "precMean": 0.8635184689501167
    },
    "Std of all Scores": {
        "f1Std": 0.015061954509272332,
        "accStd": 0.014243387663935526,
        "recStd": 0.014232075861724166,
        "precStd": 0.01840621822151226
    }
}