{
    "Timeout": 4,
    "Mean of all scores": {
        "f1Mean": 0.8258041094616907,
        "accMean": 0.8351528685540895,
        "recMean": 0.8103025972577322,
        "precMean": 0.8637546844084694
    },
    "Std of all Scores": {
        "f1Std": 0.01561181823160184,
        "accStd": 0.01446424129867053,
        "recStd": 0.014445557616298992,
        "precStd": 0.01895120945292116
    }
}