{
    "Timeout": "default",
    "Mean of all scores": {
        "f1Mean": 0.8275742769991676,
        "accMean": 0.8359566475768212,
        "recMean": 0.8131556284299961,
        "precMean": 0.8670304581699891
    },
    "Std of all Scores": {
        "f1Std": 0.0149376432703667,
        "accStd": 0.01410905418100656,
        "recStd": 0.012861033404104414,
        "precStd": 0.021556175425099612
    }
}