{
    "Best score": {
        "Best Timeout": 1,
        "Accuracy": 0.7829608448430806,
        "F1 Score": 0.6783183577278329,
        "Precision": 0.7120361801271653,
        "Recall": 0.7054322930257093
    },
    "Worst score": {
        "Worst Timeout": 3,
        "Accuracy": 0.781459843335642,
        "F1 Score": 0.643224668072998,
        "Precision": 0.6722481703596177,
        "Recall": 0.6731939119386023
    },
    "Difference": {
        "Accuracy": 0.001501001507438593,
        "F1 Score": 3.5093689654834836,
        "Precision": 3.9788009767547594,
        "Recall": 3.223838108710697
    }
}