{
    "Timeout": 1,
    "accuracy": 0.9459802590183927,
    "f1_score": 0.21929904683922413,
    "precision": 0.4101743449576728,
    "recall": 0.21159782137231273
}