{
    "Timeout": 60,
    "Mean of all scores": {
        "f1Mean": 0.655674016346668,
        "accMean": 0.922667722947234,
        "recMean": 0.7135371069057931,
        "precMean": 0.666927966571539
    },
    "Std of all Scores": {
        "f1Std": 0.14710038134331557,
        "accStd": 0.10030593133719538,
        "recStd": 0.04309766320918355,
        "precStd": 0.16384093204911088
    }
}