{
    "Timeout": "default",
    "Mean of all scores": {
        "f1Mean": 0.6644151423845852,
        "accMean": 0.9501149978326129,
        "recMean": 0.7224726395814363,
        "precMean": 0.6751630908937832
    },
    "Std of all Scores": {
        "f1Std": 0.12337155555382359,
        "accStd": 0.05111668692392077,
        "recStd": 0.051471043945408544,
        "precStd": 0.14703870470985256
    }
}