{
    "Timeout": 30,
    "Mean of all scores": {
        "f1Mean": 0.6370182584844076,
        "accMean": 0.9217286465178309,
        "recMean": 0.6972776805355565,
        "precMean": 0.6578628256143078
    },
    "Std of all Scores": {
        "f1Std": 0.1562548293544175,
        "accStd": 0.09859705975191302,
        "recStd": 0.053452645662119755,
        "precStd": 0.1764691716081214
    }
}