{
    "Timeout": 3,
    "Mean of all scores": {
        "f1Mean": 0.6577824469023402,
        "accMean": 0.9521789331181649,
        "recMean": 0.7118397256041678,
        "precMean": 0.6781479091170235
    },
    "Std of all Scores": {
        "f1Std": 0.11795759606052578,
        "accStd": 0.04964197336452029,
        "recStd": 0.05826925463415749,
        "precStd": 0.1416831743980536
    }
}