{
    "Timeout": 4,
    "Mean of all scores": {
        "f1Mean": 0.6606408347777979,
        "accMean": 0.9517870214969302,
        "recMean": 0.7049486174093134,
        "precMean": 0.6813826981970883
    },
    "Std of all Scores": {
        "f1Std": 0.11651998426976863,
        "accStd": 0.05033941872515668,
        "recStd": 0.05339548987701022,
        "precStd": 0.13958688846562892
    }
}