{
    "Timeout": 6,
    "Mean of all scores": {
        "f1Mean": 0.6456849196493665,
        "accMean": 0.9535394641163041,
        "recMean": 0.7069335412592685,
        "precMean": 0.6628440459450312
    },
    "Std of all Scores": {
        "f1Std": 0.14638191661134606,
        "accStd": 0.047761372838743536,
        "recStd": 0.05151850241268427,
        "precStd": 0.17088629890649887
    }
}