{
    "Timeout": 1,
    "Mean of all scores": {
        "f1Mean": 0.6606732518417079,
        "accMean": 0.9528797146309295,
        "recMean": 0.7057941751579998,
        "precMean": 0.6788816590042359
    },
    "Std of all Scores": {
        "f1Std": 0.11696989977171562,
        "accStd": 0.047680309571098915,
        "recStd": 0.05299274157007281,
        "precStd": 0.1404822516609213
    }
}