{
    "Timeout": 10,
    "Mean of all scores": {
        "f1Mean": 0.6890520785267132,
        "accMean": 0.9686057440372592,
        "recMean": 0.6969571119180856,
        "precMean": 0.7083554063955615
    },
    "Std of all Scores": {
        "f1Std": 0.06623852364774632,
        "accStd": 0.03763573149540279,
        "recStd": 0.05320449840230878,
        "precStd": 0.08131723841525808
    }
}