{
    "Timeout": 2,
    "Mean of all scores": {
        "f1Mean": 0.6540072967619269,
        "accMean": 0.95442996483554,
        "recMean": 0.6934264287266904,
        "precMean": 0.6718983083693442
    },
    "Std of all Scores": {
        "f1Std": 0.12792571988044737,
        "accStd": 0.04584331718358552,
        "recStd": 0.05208213738849545,
        "precStd": 0.15030556384389773
    }
}