{
    "Timeout": 0.5,
    "Mean of all scores": {
        "f1Mean": 0.6539875905307123,
        "accMean": 0.8929228099415607,
        "recMean": 0.7107207377697218,
        "precMean": 0.6692001197035828
    },
    "Std of all Scores": {
        "f1Std": 0.15524034083504823,
        "accStd": 0.15754754378500943,
        "recStd": 0.045458046864152564,
        "precStd": 0.16341065077867223
    }
}