{
    "Timeout": 5,
    "Mean of all scores": {
        "f1Mean": 0.6960705747813611,
        "accMean": 0.9694493059342969,
        "recMean": 0.6899831515676954,
        "precMean": 0.7282300154404844
    },
    "Std of all Scores": {
        "f1Std": 0.05382840849179157,
        "accStd": 0.03769747429076733,
        "recStd": 0.05452271118716465,
        "precStd": 0.051404657052299435
    }
}