{
    "Best score": {
        "Best Timeout": 30,
        "Accuracy": 0.9544390848567128,
        "F1 Score": 0.8702412024924845,
        "Precision": 0.8906997276141666,
        "Recall": 0.8892982042002503
    },
    "Worst score": {
        "Worst Timeout": 0.5,
        "Accuracy": 0.9344264305384229,
        "F1 Score": 0.8459183649523123,
        "Precision": 0.8600399674957835,
        "Recall": 0.8742888197508385
    },
    "Difference": {
        "Accuracy": 0.020012654318289913,
        "F1 Score": 2.432283754017217,
        "Precision": 3.0659760118383117,
        "Recall": 1.50093844494118
    }
}