{
    "Best score": {
        "Best Timeout": 10,
        "Accuracy": 0.967011182716784,
        "F1 Score": 0.7131225005639936,
        "Precision": 0.7496671713560149,
        "Recall": 0.7072839192550942
    },
    "Worst score": {
        "Worst Timeout": 0.5,
        "Accuracy": 0.916610462589605,
        "F1 Score": 0.6595102376479014,
        "Precision": 0.6870421558889948,
        "Recall": 0.714546860392695
    },
    "Difference": {
        "Accuracy": 5.0400720127179,
        "F1 Score": 5.361226291609222,
        "Precision": 6.2625015467020155,
        "Recall": -0.7262941137600842
    }
}