{
    "Best score": {
        "Best Timeout": 5,
        "Accuracy": 0.9694493059342969,
        "F1 Score": 0.6960705747813611,
        "Precision": 0.7282300154404844,
        "Recall": 0.6899831515676954
    },
    "Worst score": {
        "Worst Timeout": 30,
        "Accuracy": 0.9217286465178309,
        "F1 Score": 0.6370182584844076,
        "Precision": 0.6578628256143078,
        "Recall": 0.6972776805355565
    },
    "Difference": {
        "Accuracy": 4.772065941646597,
        "F1 Score": 5.905231629695351,
        "Precision": 7.036718982617662,
        "Recall": -0.7294528967861091
    }
}