{
    "Timeout": [
        0.5,
        2
    ],
    "accuracy": 0.9618036439782278,
    "f1_score": 0.9425175094477062,
    "precision": 0.9527428480515805,
    "recall": 0.9630148319865924
}