{
    "Timeout": 1,
    "Mean of all scores": {
        "f1Mean": 0.6783183577278329,
        "accMean": 0.7829608448430806,
        "recMean": 0.7054322930257093,
        "precMean": 0.7120361801271653
    },
    "Std of all Scores": {
        "f1Std": 0.11530032656479855,
        "accStd": 0.2052762992329806,
        "recStd": 0.08387104738299167,
        "precStd": 0.09127242324708848
    }
}