{
    "Timeout": "default",
    "Mean of all scores": {
        "f1Mean": 0.6590343210465873,
        "accMean": 0.8187658487831531,
        "recMean": 0.683501868832247,
        "precMean": 0.6775764633657022
    },
    "Std of all Scores": {
        "f1Std": 0.10395798511930597,
        "accStd": 0.14515929218592918,
        "recStd": 0.08367181767017669,
        "precStd": 0.08563848455374505
    }
}