{
    "Timeout": 0.5,
    "Mean of all scores": {
        "f1Mean": 0.6743694128059385,
        "accMean": 0.7848233333394801,
        "recMean": 0.70475798258115,
        "precMean": 0.7076979081779315
    },
    "Std of all Scores": {
        "f1Std": 0.13212919461767828,
        "accStd": 0.20069090698762893,
        "recStd": 0.10671906087162725,
        "precStd": 0.0852124673534959
    }
}