{
    "Timeout": 2,
    "Mean of all scores": {
        "f1Mean": 0.6470026374560666,
        "accMean": 0.7919955082814056,
        "recMean": 0.6809610844912447,
        "precMean": 0.6709722826716535
    },
    "Std of all Scores": {
        "f1Std": 0.11046357526811945,
        "accStd": 0.1986289841207111,
        "recStd": 0.07827300638942988,
        "precStd": 0.08611010125120593
    }
}