{
    "Timeout": 60,
    "Mean of all scores": {
        "f1Mean": 0.6533118096030426,
        "accMean": 0.7866078075626104,
        "recMean": 0.6792855290416301,
        "precMean": 0.6762866689134984
    },
    "Std of all Scores": {
        "f1Std": 0.09076767675497444,
        "accStd": 0.2055697758801049,
        "recStd": 0.055674626289381385,
        "precStd": 0.0764442557611624
    }
}