{
    "Best score": {
        "Best Timeout": [
            10,
            60
        ],
        "Accuracy": 0.9347626246869485,
        "F1 Score": 0.9160757579150797,
        "Precision": 0.9143655459540154,
        "Recall": 0.9301352283442542
    },
    "Worst score": {
        "Worst Timeout": [
            0.5,
            4
        ],
        "Accuracy": 0.9168294454806526,
        "F1 Score": 0.8954229418113588,
        "Precision": 0.9050869423760188,
        "Recall": 0.8998320044664148
    },
    "Difference": {
        "Accuracy": 1.793317920629589,
        "F1 Score": 2.065281610372083,
        "Precision": 0.9278603577996591,
        "Recall": 3.030322387783946
    }
}