{
    "Best score": {
        "Best Timeout": [
            3,
            60
        ],
        "Accuracy": 0.8929195246283255,
        "F1 Score": 0.853779246850021,
        "Precision": 0.8752493142805775,
        "Recall": 0.8745433464524867
    },
    "Worst score": {
        "Worst Timeout": [
            2,
            60
        ],
        "Accuracy": 0.869549888157261,
        "F1 Score": 0.8270960646561948,
        "Precision": 0.847411611948584,
        "Recall": 0.8656220147504297
    },
    "Difference": {
        "Accuracy": 2.336963647106449,
        "F1 Score": 2.668318219382626,
        "Precision": 2.7837702331993452,
        "Recall": 0.8921331702057
    }
}