{
    "Best score": {
        "Best Timeout": [
            10,
            60
        ],
        "Accuracy": 0.9346493846961967,
        "F1 Score": 0.9181529841759467,
        "Precision": 0.9171719240059453,
        "Recall": 0.9306672739037671
    },
    "Worst score": {
        "Worst Timeout": [
            0.5,
            60
        ],
        "Accuracy": 0.9210124908185083,
        "F1 Score": 0.8983646807837811,
        "Precision": 0.9095299000966494,
        "Recall": 0.9005597426158868
    },
    "Difference": {
        "Accuracy": 1.3636893877688405,
        "F1 Score": 1.978830339216564,
        "Precision": 0.7642023909295914,
        "Recall": 3.010753128788035
    }
}