{
    "Timeout": 6,
    "Mean of all scores": {
        "f1Mean": 0.8167037835695105,
        "accMean": 0.8308340145452805,
        "recMean": 0.8010324564043259,
        "precMean": 0.8564520432849714
    },
    "Std of all Scores": {
        "f1Std": 0.01809433371883474,
        "accStd": 0.01483280972009326,
        "recStd": 0.017799781156984107,
        "precStd": 0.01984858462393763
    }
}