{
    "Timeout": 0.5,
    "Mean of all scores": {
        "f1Mean": 0.8193903212215894,
        "accMean": 0.8322975552681816,
        "recMean": 0.804560246775701,
        "precMean": 0.8604645448796363
    },
    "Std of all Scores": {
        "f1Std": 0.017628942440036533,
        "accStd": 0.014675014529068374,
        "recStd": 0.01619915975476157,
        "precStd": 0.021721737744440386
    }
}