{
    "Timeout": 1,
    "Mean of all scores": {
        "f1Mean": 0.8261411504968652,
        "accMean": 0.848174239981691,
        "recMean": 0.812207442499631,
        "precMean": 0.8605779666348846
    },
    "Std of all Scores": {
        "f1Std": 0.027252168179719243,
        "accStd": 0.029579745063166983,
        "recStd": 0.027840954199207464,
        "precStd": 0.02460470761581754
    }
}