{
    "Timeout": 5,
    "Mean of all scores": {
        "f1Mean": 0.8164037116129205,
        "accMean": 0.8307177583022758,
        "recMean": 0.8007781591320248,
        "precMean": 0.8557875079486902
    },
    "Std of all Scores": {
        "f1Std": 0.01789441197774053,
        "accStd": 0.014740703262423563,
        "recStd": 0.01751727703221992,
        "precStd": 0.019967027515519455
    }
}