{
    "Timeout": 10,
    "Mean of all scores": {
        "f1Mean": 0.8174667431065428,
        "accMean": 0.8313088889162593,
        "recMean": 0.8017241155369877,
        "precMean": 0.8575333569866279
    },
    "Std of all Scores": {
        "f1Std": 0.017416369408825908,
        "accStd": 0.014591685989815955,
        "recStd": 0.017016761213089013,
        "precStd": 0.01928775177263628
    }
}