{
    "Timeout": 2,
    "Mean of all scores": {
        "f1Mean": 0.8269448608766666,
        "accMean": 0.8484226604747416,
        "recMean": 0.8132663775200243,
        "precMean": 0.8611005120453135
    },
    "Std of all Scores": {
        "f1Std": 0.02645405879383127,
        "accStd": 0.029150324128506978,
        "recStd": 0.027163404823584265,
        "precStd": 0.02401393886792438
    }
}