{
    "Timeout": 30,
    "Mean of all scores": {
        "f1Mean": 0.8198622701491297,
        "accMean": 0.832130055120723,
        "recMean": 0.8054977668893084,
        "precMean": 0.8572114545194885
    },
    "Std of all Scores": {
        "f1Std": 0.01655304942186332,
        "accStd": 0.014032024589755738,
        "recStd": 0.01648916522420987,
        "precStd": 0.017717037083344777
    }
}