{
    "Timeout": 3,
    "Mean of all scores": {
        "f1Mean": 0.8260236941436847,
        "accMean": 0.8474965278412709,
        "recMean": 0.8121953039364905,
        "precMean": 0.8609001391403304
    },
    "Std of all Scores": {
        "f1Std": 0.026416453558898614,
        "accStd": 0.028874822373625347,
        "recStd": 0.02715435608999328,
        "precStd": 0.02405760142497847
    }
}