{
    "Timeout": 60,
    "Mean of all scores": {
        "f1Mean": 0.8183326592731746,
        "accMean": 0.8315770675534209,
        "recMean": 0.8040428985935775,
        "precMean": 0.8579459871691977
    },
    "Std of all Scores": {
        "f1Std": 0.01771870249543424,
        "accStd": 0.014590664518805627,
        "recStd": 0.016699032400705072,
        "precStd": 0.020626384308902183
    }
}