{
    "Timeout": 4,
    "Mean of all scores": {
        "f1Mean": 0.8176382577684734,
        "accMean": 0.8323727800917986,
        "recMean": 0.8016800713516359,
        "precMean": 0.8572705854787172
    },
    "Std of all Scores": {
        "f1Std": 0.018863789688431,
        "accStd": 0.01538188752322225,
        "recStd": 0.01838083365464946,
        "precStd": 0.02030754720847818
    }
}