{
    "Timeout": "default",
    "Mean of all scores": {
        "f1Mean": 0.8193573728334534,
        "accMean": 0.8322778496212822,
        "recMean": 0.8045492023607785,
        "precMean": 0.8603970683007383
    },
    "Std of all Scores": {
        "f1Std": 0.0176588033100933,
        "accStd": 0.014704597130053752,
        "recStd": 0.01626025614866184,
        "precStd": 0.021719070481965155
    }
}