{
    "Best score": {
        "Best Timeout": [
            3,
            3
        ],
        "Mean Scores (Best)": {
            "f1Mean": 0.9493421442336946,
            "accMean": 0.9610040927819231,
            "recMean": 0.9651925788321283,
            "precMean": 0.9597920970625115
        },
        "Std Scores (Best)": {
            "f1Std": 0.043241569291982335,
            "accStd": 0.036251266361256446,
            "recStd": 0.04717512757348045,
            "precStd": 0.04548065385215287
        }
    },
    "Worst score": {
        "Worst Timeout": [
            1,
            2
        ],
        "Mean Scores (Worst)": {
            "f1Mean": 0.9196850939215391,
            "accMean": 0.9620594324193366,
            "recMean": 0.9592932876900745,
            "precMean": 0.9304926230172356
        },
        "Std Scores (Worst)": {
            "f1Std": 0.06993108929314028,
            "accStd": 0.03370234990997769,
            "recStd": 0.04539495138568235,
            "precStd": 0.09025108371167569
        }
    },
    "Difference": {
        "Accuracy": -0.10553396374134438,
        "F1 Score": 2.9657050312155486,
        "Precision": 2.9299474045275886,
        "Recall": 0.5899291142053786
    }
}