{
    "Best score": {
        "Best Timeout": [
            4,
            60
        ],
        "Mean Scores (Best)": {
            "f1Mean": 0.9510199154858345,
            "accMean": 0.9714736114358681,
            "recMean": 0.9654319347153985,
            "precMean": 0.959465916361076
        },
        "Std Scores (Best)": {
            "f1Std": 0.054373703644797135,
            "accStd": 0.03135356614789998,
            "recStd": 0.04975793477542626,
            "precStd": 0.0436046227662219
        }
    },
    "Worst score": {
        "Worst Timeout": [
            10,
            60
        ],
        "Mean Scores (Worst)": {
            "f1Mean": 0.9199146297715866,
            "accMean": 0.9696197416373735,
            "recMean": 0.9231220468085601,
            "precMean": 0.9557024883868032
        },
        "Std Scores (Worst)": {
            "f1Std": 0.06712192748318532,
            "accStd": 0.03640463422007,
            "recStd": 0.09315478030247387,
            "precStd": 0.045597252910526985
        }
    },
    "Difference": {
        "Accuracy": 0.18538697984945562,
        "F1 Score": 3.1105285714247977,
        "Precision": 0.37634279742728705,
        "Recall": 4.230988790683831
    }
}