{
    "Timeout": 10,
    "Mean of all scores": {
        "f1Mean": 0.7312128619698307,
        "accMean": 0.9626769841049697,
        "recMean": 0.7597212006856917,
        "precMean": 0.7286187940217124
    },
    "Std of all Scores": {
        "f1Std": 0.028464805516493344,
        "accStd": 0.039597310709596135,
        "recStd": 0.047440952555240515,
        "precStd": 0.03665357042745111
    }
}