{
    "Timeout": 6,
    "Mean of all scores": {
        "f1Mean": 0.7423764462672573,
        "accMean": 0.9630211739107791,
        "recMean": 0.7798065906455894,
        "precMean": 0.7349036269713201
    },
    "Std of all Scores": {
        "f1Std": 0.056302204894753835,
        "accStd": 0.03999458349985963,
        "recStd": 0.06767144363607806,
        "precStd": 0.059533497720207176
    }
}