{
    "Timeout": 5,
    "Mean of all scores": {
        "f1Mean": 0.7781845519616928,
        "accMean": 0.9611703674470713,
        "recMean": 0.8184170813025403,
        "precMean": 0.7686564067381125
    },
    "Std of all Scores": {
        "f1Std": 0.11090665308025613,
        "accStd": 0.043323876785198966,
        "recStd": 0.055640346447191534,
        "precStd": 0.12420782381793535
    }
}