{
    "Timeout": 0.5,
    "Mean of all scores": {
        "f1Mean": 0.7079620561730767,
        "accMean": 0.9643754252428364,
        "recMean": 0.7591513396815561,
        "precMean": 0.7040100450527869
    },
    "Std of all Scores": {
        "f1Std": 0.09686507529272413,
        "accStd": 0.049830747081581105,
        "recStd": 0.04628837776320015,
        "precStd": 0.11157918472681805
    }
}