{
    "Timeout": 3,
    "Mean of all scores": {
        "f1Mean": 0.7197531757360982,
        "accMean": 0.963655509160195,
        "recMean": 0.7507743984127436,
        "precMean": 0.7121045391818213
    },
    "Std of all Scores": {
        "f1Std": 0.04481152825900074,
        "accStd": 0.03925189556026042,
        "recStd": 0.032058311095238476,
        "precStd": 0.0625419703886975
    }
}