{
    "Best score": {
        "Best Timeout": 6,
        "Mean Scores (Best)": {
            "f1Mean": 0.7225617672991114,
            "accMean": 0.9309340287199271,
            "recMean": 0.7298495705756405,
            "precMean": 0.7312847197697083
        },
        "Std Scores (Best)": {
            "f1Std": 0.03105917530715276,
            "accStd": 0.01329712541636066,
            "recStd": 0.028417678986760203,
            "precStd": 0.035823375490539384
        }
    },
    "Worst score": {
        "Worst Timeout": 5,
        "Mean Scores (Worst)": {
            "f1Mean": 0.6905388064283138,
            "accMean": 0.8075857942541047,
            "recMean": 0.7214773642998407,
            "precMean": 0.7266761702704979
        },
        "Std Scores (Worst)": {
            "f1Std": 0.07697959244503493,
            "accStd": 0.2530385828593639,
            "recStd": 0.04324746877435058,
            "precStd": 0.06595969630969066
        }
    },
    "Difference": {
        "Accuracy": 12.334823446582243,
        "F1 Score": 3.202296087079759,
        "Precision": 0.46085494992104126,
        "Recall": 0.8372206275799821
    }
}