{
    "Best score": {
        "Best Timeout": 6,
        "Mean Scores (Best)": {
            "f1Mean": 0.7058858757605757,
            "accMean": 0.9396982448994795,
            "recMean": 0.7068976294594156,
            "precMean": 0.7529652554141195
        },
        "Std Scores (Best)": {
            "f1Std": 0.017176103209796314,
            "accStd": 0.0025940373557517818,
            "recStd": 0.02541991044042555,
            "precStd": 0.01629369710967945
        }
    },
    "Worst score": {
        "Worst Timeout": 5,
        "Mean Scores (Worst)": {
            "f1Mean": 0.6492088099486735,
            "accMean": 0.8632980506112204,
            "recMean": 0.6938922911019576,
            "precMean": 0.6976737003211599
        },
        "Std Scores (Worst)": {
            "f1Std": 0.1176403418665107,
            "accStd": 0.16082203372713053,
            "recStd": 0.05655736636073002,
            "precStd": 0.0868637402078548
        }
    },
    "Difference": {
        "Accuracy": 7.640019428825906,
        "F1 Score": 5.667706581190224,
        "Precision": 5.529155509295958,
        "Recall": 1.3005338357457985
    }
}