{
    "Best score": {
        "Best Timeout": 60,
        "Mean Scores (Best)": {
            "f1Mean": 0.7374421308423391,
            "accMean": 0.9302939236743153,
            "recMean": 0.7534504862763042,
            "precMean": 0.7575933430675039
        },
        "Std Scores (Best)": {
            "f1Std": 0.02608738144787576,
            "accStd": 0.013567467037712456,
            "recStd": 0.026344092405562427,
            "precStd": 0.0394928840812096
        }
    },
    "Worst score": {
        "Worst Timeout": 2,
        "Mean Scores (Worst)": {
            "f1Mean": 0.6948634354615117,
            "accMean": 0.8011268126721214,
            "recMean": 0.7254118760083714,
            "precMean": 0.7316749289122335
        },
        "Std Scores (Worst)": {
            "f1Std": 0.08297667646452608,
            "accStd": 0.26278286905341725,
            "recStd": 0.050115068299183385,
            "precStd": 0.07974239232168276
        }
    },
    "Difference": {
        "Accuracy": 12.916711100219391,
        "F1 Score": 4.257869538082737,
        "Precision": 2.591841415527041,
        "Recall": 2.803861026793275
    }
}