{"accuracy": {"all_test_sets": 0.9951348279073138, "(0.5, 2)": 0.9949410846727712, "(1, 2)": 0.9953534157752493, "(2, 2)": 0.9958873190693608, "(0.5, 3)": 0.9950684159866996, "(1, 3)": 0.9954246822397801, "(2, 3)": 0.9959425861729851, "(3, 3)": 0.9962134141800307, "(0.5, 4)": 0.9951338699080158, "(1, 4)": 0.9953013247724317, "(2, 4)": 0.9949916011663286, "(3, 4)": 0.9955178612627855, "(4, 4)": 0.9956395724134369, "(0.5, 5)": 0.9951394214966582, "(1, 5)": 0.9953567028522281, "(2, 5)": 0.9958694873173104, "(3, 5)": 0.995796944646004, "(4, 5)": 0.995699339063194, "(5, 5)": 0.9953271104965099, "(0.5, 30)": 0.9951787007174356, "(1, 30)": 0.995333038128088, "(2, 30)": 0.9949791361926653, "(3, 30)": 0.9948863485796057, "(4, 30)": 0.9946774506653814, "(5, 30)": 0.9946088536863235, "(10, 30)": 0.9928258754863813, "(0.5, 60)": 0.9951780150946707, "(1, 60)": 0.995333038128088, "(2, 60)": 0.9949783491822979, "(3, 60)": 0.9948488191793893, "(4, 60)": 0.9946771472187257, "(5, 60)": 0.9945885573556948, "(10, 60)": 0.992813950822491}, "f1Score": {"all_test_sets": 0.8230689316432395, "(0.5, 2)": 0.7276375629686231, "(1, 2)": 0.7374494057418296, "(2, 2)": 0.8023821727385936, "(0.5, 3)": 0.8030815348482733, "(1, 3)": 0.8678205699167062, "(2, 3)": 0.8706727335268633, "(3, 3)": 0.8555932594748046, "(0.5, 4)": 0.7983817597266146, "(1, 4)": 0.8205969255699903, "(2, 4)": 0.797518474790785, "(3, 4)": 0.8517721130397669, "(4, 4)": 0.8461036672525144, "(0.5, 5)": 0.796853360304807, "(1, 5)": 0.8117577591170874, "(2, 5)": 0.8384042831906839, "(3, 5)": 0.8469204631732996, "(4, 5)": 0.8464459778377379, "(5, 5)": 0.8379284173312412, "(0.5, 30)": 0.7739597252021605, "(1, 30)": 0.7619781364017207, "(2, 30)": 0.7751531003761373, "(3, 30)": 0.7625798580633294, "(4, 30)": 0.7471168019752628, "(5, 30)": 0.7922288443646006, "(10, 30)": 0.7265658486143354, "(0.5, 60)": 0.7705635865473591, "(1, 60)": 0.7619781435747527, "(2, 60)": 0.7749187154759515, "(3, 60)": 0.7664789576703678, "(4, 60)": 0.7547268597217567, "(5, 60)": 0.7920834520320007, "(10, 60)": 0.7532200055618566}, "precision": {"all_test_sets": 0.9100903378482292, "(0.5, 2)": 0.7641841373183624, "(1, 2)": 0.7715115735997328, "(2, 2)": 0.8508922046896022, "(0.5, 3)": 0.8998530164790424, "(1, 3)": 0.9046825325158472, "(2, 3)": 0.917591446769949, "(3, 3)": 0.8556017621020664, "(0.5, 4)": 0.8348669605873684, "(1, 4)": 0.8379606765350155, "(2, 4)": 0.9122299122799024, "(3, 4)": 0.9193027717140768, "(4, 4)": 0.8560514836647788, "(0.5, 5)": 0.8348875810467186, "(1, 5)": 0.8377839604497478, "(2, 5)": 0.8581132734700759, "(3, 5)": 0.8587708859103043, "(4, 5)": 0.8587967308717449, "(5, 5)": 0.8588842353013749, "(0.5, 30)": 0.8257486835026288, "(1, 30)": 0.7659291488667542, "(2, 30)": 0.8476317146540386, "(3, 30)": 0.8505819079003568, "(4, 30)": 0.8446681112509644, "(5, 30)": 0.8462001364663096, "(10, 30)": 0.8376499160482092, "(0.5, 60)": 0.8256310716934574, "(1, 60)": 0.7659291511459102, "(2, 60)": 0.8473604084007703, "(3, 60)": 0.8490854086504672, "(4, 60)": 0.8446793888108151, "(5, 60)": 0.844993667755366, "(10, 60)": 0.9043145300441544}, "recall": {"all_test_sets": 0.7910301424991458, "(0.5, 2)": 0.722704300925424, "(1, 2)": 0.7283396901414304, "(2, 2)": 0.8020311587992829, "(0.5, 3)": 0.7918153747436597, "(1, 3)": 0.8558295819081102, "(2, 3)": 0.8661478977837919, "(3, 3)": 0.8562127991906814, "(0.5, 4)": 0.7900857018267191, "(1, 4)": 0.8152754560729537, "(2, 4)": 0.7898588398775844, "(3, 4)": 0.83985609070468, "(4, 4)": 0.8392318586565467, "(0.5, 5)": 0.7885714972230304, "(1, 5)": 0.8031584887397654, "(2, 5)": 0.8252058104837411, "(3, 5)": 0.8384720170682889, "(4, 5)": 0.8375866339350833, "(5, 5)": 0.8260376505616551, "(0.5, 30)": 0.7753728977322797, "(1, 30)": 0.7675987405267338, "(2, 30)": 0.7574966681083147, "(3, 30)": 0.7421662428542835, "(4, 30)": 0.731305902578009, "(5, 30)": 0.780721436716856, "(10, 30)": 0.7137622210043947, "(0.5, 60)": 0.7732615768261478, "(1, 60)": 0.7675987524666495, "(2, 60)": 0.7573607802863287, "(3, 60)": 0.7458930562287786, "(4, 60)": 0.7368328033954263, "(5, 60)": 0.7805045599989753, "(10, 60)": 0.7304109017948027}}