{
    "Timeout": [
        3,
        5
    ],
    "Mean of all scores": {
        "f1Mean": 0.7413495389264034,
        "accMean": 0.9875227646682584,
        "recMean": 0.7392429053104664,
        "precMean": 0.7795045104792557
    },
    "Std of all Scores": {
        "f1Std": 0.018454993220654352,
        "accStd": 0.0032737501990601054,
        "recStd": 0.0047179243675005145,
        "precStd": 0.07710476738267157
    }
}