{
    "Timeout": [
        1,
        30
    ],
    "Mean of all scores": {
        "f1Mean": 0.7416213449579232,
        "accMean": 0.9873466098844667,
        "recMean": 0.7429123271720564,
        "precMean": 0.7775379874079554
    },
    "Std of all Scores": {
        "f1Std": 0.01769355874109055,
        "accStd": 0.0033304965968781477,
        "recStd": 0.007693093291083948,
        "precStd": 0.07672321913970583
    }
}