{
    "Timeout": [
        5,
        5
    ],
    "Mean of all scores": {
        "f1Mean": 0.7418248489963056,
        "accMean": 0.9875238706387709,
        "recMean": 0.7390773804904621,
        "precMean": 0.7848614308515496
    },
    "Std of all Scores": {
        "f1Std": 0.01855636695305926,
        "accStd": 0.0032633925730326204,
        "recStd": 0.003511428855219524,
        "precStd": 0.07286008388939659
    }
}