{
    "Timeout": [
        5,
        60
    ],
    "Mean of all scores": {
        "f1Mean": 0.7437952860394632,
        "accMean": 0.9876772458468596,
        "recMean": 0.7404704080423968,
        "precMean": 0.7877852192665469
    },
    "Std of all Scores": {
        "f1Std": 0.019247319175120053,
        "accStd": 0.0032517182879844135,
        "recStd": 0.004378637396252383,
        "precStd": 0.07692296648781116
    }
}