{
    "Timeout": [
        3,
        30
    ],
    "Mean of all scores": {
        "f1Mean": 0.7438960846495586,
        "accMean": 0.9875406024549527,
        "recMean": 0.7428067785501812,
        "precMean": 0.7957613268713166
    },
    "Std of all Scores": {
        "f1Std": 0.01770003593224762,
        "accStd": 0.0032396238305775166,
        "recStd": 0.004706991233041669,
        "precStd": 0.07222723174978109
    }
}