{
    "Timeout": [
        10,
        60
    ],
    "Mean of all scores": {
        "f1Mean": 0.745260209346517,
        "accMean": 0.987657481805767,
        "recMean": 0.7438807798912962,
        "precMean": 0.7815383997228367
    },
    "Std of all Scores": {
        "f1Std": 0.018634900418275792,
        "accStd": 0.003226811050467782,
        "recStd": 0.006471345644757557,
        "precStd": 0.07671282089960255
    }
}