{
    "Timeout": [
        2,
        3
    ],
    "Mean of all scores": {
        "f1Mean": 0.7424979088916365,
        "accMean": 0.9875293149717754,
        "recMean": 0.7409877039349658,
        "precMean": 0.7937145722855415
    },
    "Std of all Scores": {
        "f1Std": 0.019603898675729578,
        "accStd": 0.0032660774399710254,
        "recStd": 0.0030449161937112787,
        "precStd": 0.07482760011880235
    }
}