{
    "Timeout": [
        4,
        60
    ],
    "Mean of all scores": {
        "f1Mean": 0.7432672263808966,
        "accMean": 0.9875175253904438,
        "recMean": 0.7413901082042227,
        "precMean": 0.7853057878080355
    },
    "Std of all Scores": {
        "f1Std": 0.0188076679725188,
        "accStd": 0.0032583420797804054,
        "recStd": 0.004986148522088236,
        "precStd": 0.07521757082131668
    }
}