{
    "Timeout": [
        4,
        5
    ],
    "Mean of all scores": {
        "f1Mean": 0.7446207800342358,
        "accMean": 0.9875458072202677,
        "recMean": 0.743066310989627,
        "precMean": 0.7807886809098011
    },
    "Std of all Scores": {
        "f1Std": 0.01782041550958141,
        "accStd": 0.003286678281427937,
        "recStd": 0.006764040313001139,
        "precStd": 0.0756088664695334
    }
}