{
    "Timeout": [
        0.5,
        5
    ],
    "Mean of all scores": {
        "f1Mean": 0.7434723142709474,
        "accMean": 0.9873326280015405,
        "recMean": 0.7426583366301249,
        "precMean": 0.785162382153078
    },
    "Std of all Scores": {
        "f1Std": 0.01697533536724589,
        "accStd": 0.0033448623213420624,
        "recStd": 0.00685393643120639,
        "precStd": 0.07358444976645533
    }
}