{
    "Timeout": [
        3,
        4
    ],
    "Mean of all scores": {
        "f1Mean": 0.7460529543525857,
        "accMean": 0.9876560736016664,
        "recMean": 0.7463814263986734,
        "precMean": 0.7827006060289012
    },
    "Std of all Scores": {
        "f1Std": 0.019356242880489455,
        "accStd": 0.003266739874609759,
        "recStd": 0.005205915294956188,
        "precStd": 0.07691849500790578
    }
}