{
    "Timeout": [
        2,
        2
    ],
    "Mean of all scores": {
        "f1Mean": 0.7452543463443689,
        "accMean": 0.9876283564560598,
        "recMean": 0.7443326262929582,
        "precMean": 0.787219848734128
    },
    "Std of all Scores": {
        "f1Std": 0.018990407559789636,
        "accStd": 0.0032444043242609694,
        "recStd": 0.005239086027614788,
        "precStd": 0.07619056651798813
    }
}