{
    "Timeout": [
        4,
        4
    ],
    "Mean of all scores": {
        "f1Mean": 0.7435026510911582,
        "accMean": 0.9876108115258926,
        "recMean": 0.7424339145830933,
        "precMean": 0.7779414035395655
    },
    "Std of all Scores": {
        "f1Std": 0.01996530519055581,
        "accStd": 0.0032842696989871974,
        "recStd": 0.0029920463336516228,
        "precStd": 0.07944337206978247
    }
}