{
    "Timeout": [
        1,
        3
    ],
    "Mean of all scores": {
        "f1Mean": 0.7423071005886257,
        "accMean": 0.9875177464129072,
        "recMean": 0.7416433112179067,
        "precMean": 0.7836198096022032
    },
    "Std of all Scores": {
        "f1Std": 0.01645357083343023,
        "accStd": 0.003289184503394493,
        "recStd": 0.008023768853868017,
        "precStd": 0.07333343120945156
    }
}