{
    "Timeout": [
        10,
        30
    ],
    "Mean of all scores": {
        "f1Mean": 0.7415345660253904,
        "accMean": 0.9875290105390707,
        "recMean": 0.7392997869464353,
        "precMean": 0.7777242424379481
    },
    "Std of all Scores": {
        "f1Std": 0.019023738735367713,
        "accStd": 0.0032629130824270167,
        "recStd": 0.004895068870948768,
        "precStd": 0.07861472436883919
    }
}