{
    "Timeout": [
        2,
        60
    ],
    "Mean of all scores": {
        "f1Mean": 0.7415350121126665,
        "accMean": 0.9875171924672916,
        "recMean": 0.7393856231622562,
        "precMean": 0.7711955170097602
    },
    "Std of all Scores": {
        "f1Std": 0.017599220198900742,
        "accStd": 0.0032898465703298176,
        "recStd": 0.005738543019877479,
        "precStd": 0.056820070450091714
    }
}