{
    "Timeout": [
        5,
        30
    ],
    "Mean of all scores": {
        "f1Mean": 0.7432914716690269,
        "accMean": 0.9875409755978408,
        "recMean": 0.743234512393955,
        "precMean": 0.7839373652522641
    },
    "Std of all Scores": {
        "f1Std": 0.0156576568360905,
        "accStd": 0.003251898674386961,
        "recStd": 0.009179941383359685,
        "precStd": 0.07355444972941892
    }
}