{
    "Timeout": [
        0.5,
        2
    ],
    "Mean of all scores": {
        "f1Mean": 0.7410001240863215,
        "accMean": 0.9872935902942082,
        "recMean": 0.7384576065545603,
        "precMean": 0.7811014178997778
    },
    "Std of all Scores": {
        "f1Std": 0.016608026159945243,
        "accStd": 0.0033323255773812246,
        "recStd": 0.0066640661633588765,
        "precStd": 0.07545780445983455
    }
}