{
    "Timeout": [
        3,
        3
    ],
    "Mean of all scores": {
        "f1Mean": 0.7430032991147684,
        "accMean": 0.9876558563165709,
        "recMean": 0.7422494982510143,
        "precMean": 0.7795608436282583
    },
    "Std of all Scores": {
        "f1Std": 0.021173957507441322,
        "accStd": 0.003246503138139287,
        "recStd": 0.0025521682072873098,
        "precStd": 0.08011211762168942
    }
}