{
    "Timeout": [
        0.5,
        60
    ],
    "Mean of all scores": {
        "f1Mean": 0.7420558390710951,
        "accMean": 0.9872333388119149,
        "recMean": 0.7444211562231036,
        "precMean": 0.7726993489278546
    },
    "Std of all Scores": {
        "f1Std": 0.01656986165827706,
        "accStd": 0.0034404899640301883,
        "recStd": 0.007203046759617352,
        "precStd": 0.07725757520752928
    }
}