{
    "Timeout": [
        1,
        2
    ],
    "Mean of all scores": {
        "f1Mean": 0.7433922777366785,
        "accMean": 0.9874599851686703,
        "recMean": 0.7413940597113707,
        "precMean": 0.7834223000857949
    },
    "Std of all Scores": {
        "f1Std": 0.017867636794028464,
        "accStd": 0.0033059274329184617,
        "recStd": 0.007100177710250156,
        "precStd": 0.07678269270374984
    }
}