{
    "Timeout": [
        1,
        5
    ],
    "Mean of all scores": {
        "f1Mean": 0.7435378633418929,
        "accMean": 0.9875503670481557,
        "recMean": 0.7398213212708308,
        "precMean": 0.7912950850435132
    },
    "Std of all Scores": {
        "f1Std": 0.017680194091673356,
        "accStd": 0.0032846811474560654,
        "recStd": 0.007157350147619091,
        "precStd": 0.07471753452092486
    }
}