{
    "Timeout": [
        1,
        4
    ],
    "Mean of all scores": {
        "f1Mean": 0.74475820123837,
        "accMean": 0.9874879149081804,
        "recMean": 0.7450484095985578,
        "precMean": 0.7718451235173249
    },
    "Std of all Scores": {
        "f1Std": 0.018488481717505532,
        "accStd": 0.003319833024460623,
        "recStd": 0.006347665216338324,
        "precStd": 0.05874275929996856
    }
}