{
    "Timeout": [
        2,
        4
    ],
    "Mean of all scores": {
        "f1Mean": 0.7429931614581746,
        "accMean": 0.987671184231667,
        "recMean": 0.7405765539708773,
        "precMean": 0.7870004041338358
    },
    "Std of all Scores": {
        "f1Std": 0.01835925328293895,
        "accStd": 0.003231308476000105,
        "recStd": 0.005613077958912324,
        "precStd": 0.07372884843649644
    }
}