{
    "Timeout": [
        0.5,
        4
    ],
    "Mean of all scores": {
        "f1Mean": 0.7426609990633507,
        "accMean": 0.9873287980310707,
        "recMean": 0.7418818764730414,
        "precMean": 0.7949244308891565
    },
    "Std of all Scores": {
        "f1Std": 0.016553370167440958,
        "accStd": 0.0033365585690875704,
        "recStd": 0.00891502987251868,
        "precStd": 0.0741921926835369
    }
}