{
    "Timeout": [
        3,
        60
    ],
    "Mean of all scores": {
        "f1Mean": 0.7421353337330832,
        "accMean": 0.987558649555138,
        "recMean": 0.7407513422261257,
        "precMean": 0.7945686972592684
    },
    "Std of all Scores": {
        "f1Std": 0.018485050302634053,
        "accStd": 0.0032497140794464905,
        "recStd": 0.006602148884951665,
        "precStd": 0.07539783515919812
    }
}