{
    "Timeout": [
        2,
        30
    ],
    "Mean of all scores": {
        "f1Mean": 0.7404346298138227,
        "accMean": 0.9874698490519951,
        "recMean": 0.7398332575472855,
        "precMean": 0.7738129123625945
    },
    "Std of all Scores": {
        "f1Std": 0.018358997894457885,
        "accStd": 0.0032811366703823686,
        "recStd": 0.006079579212403925,
        "precStd": 0.07896471271531266
    }
}