{
    "Timeout": [
        0.5,
        3
    ],
    "Mean of all scores": {
        "f1Mean": 0.7433842601103796,
        "accMean": 0.9872849805031567,
        "recMean": 0.7434610477982257,
        "precMean": 0.7778241844853616
    },
    "Std of all Scores": {
        "f1Std": 0.0189365935607791,
        "accStd": 0.0034030829069007945,
        "recStd": 0.006929820100540687,
        "precStd": 0.0769574263116075
    }
}