{
    "Timeout": [
        0.5,
        30
    ],
    "Mean of all scores": {
        "f1Mean": 0.7421590417062885,
        "accMean": 0.9873046241524444,
        "recMean": 0.7385830071395206,
        "precMean": 0.7832870970581398
    },
    "Std of all Scores": {
        "f1Std": 0.01861207257536669,
        "accStd": 0.0033371984077378214,
        "recStd": 0.005982317601032527,
        "precStd": 0.07816619303905269
    }
}