{
    "Timeout": [
        1,
        60
    ],
    "Mean of all scores": {
        "f1Mean": 0.7438821963810981,
        "accMean": 0.9875457799552592,
        "recMean": 0.7427001848944534,
        "precMean": 0.7827863034869154
    },
    "Std of all Scores": {
        "f1Std": 0.019586753829604054,
        "accStd": 0.003259832837705856,
        "recStd": 0.003916374140760391,
        "precStd": 0.07807470183117356
    }
}