{
    "Timeout": [
        4,
        30
    ],
    "Mean of all scores": {
        "f1Mean": 0.7446547938754502,
        "accMean": 0.9876045109145668,
        "recMean": 0.7444382390576363,
        "precMean": 0.7821316093924143
    },
    "Std of all Scores": {
        "f1Std": 0.018502891734072126,
        "accStd": 0.003275737223408411,
        "recStd": 0.004835951272056548,
        "precStd": 0.07663971871610702
    }
}