{
    "Timeout": [
        2,
        5
    ],
    "Mean of all scores": {
        "f1Mean": 0.7424456027296096,
        "accMean": 0.9875393964349453,
        "recMean": 0.7403503785340954,
        "precMean": 0.7704572543074882
    },
    "Std of all Scores": {
        "f1Std": 0.01769448236385685,
        "accStd": 0.0032453743481418527,
        "recStd": 0.00399988104065592,
        "precStd": 0.0571681428943621
    }
}