{
    "Best score": {
        "Best Timeout": 5,
        "Mean Scores (Best)": {
            "f1Mean": 0.7781845519616928,
            "accMean": 0.9611703674470713,
            "recMean": 0.8184170813025403,
            "precMean": 0.7686564067381125
        },
        "Std Scores (Best)": {
            "f1Std": 0.11090665308025613,
            "accStd": 0.043323876785198966,
            "recStd": 0.055640346447191534,
            "precStd": 0.12420782381793535
        }
    },
    "Worst score": {
        "Worst Timeout": 0.5,
        "Mean Scores (Worst)": {
            "f1Mean": 0.7079620561730767,
            "accMean": 0.9643754252428364,
            "recMean": 0.7591513396815561,
            "precMean": 0.7040100450527869
        },
        "Std Scores (Worst)": {
            "f1Std": 0.09686507529272413,
            "accStd": 0.049830747081581105,
            "recStd": 0.04628837776320015,
            "precStd": 0.11157918472681805
        }
    },
    "Difference": {
        "Accuracy": -0.3205057795765076,
        "F1 Score": 7.022249578861606,
        "Precision": 6.464636168532567,
        "Recall": 5.926574162098419
    }
}