{
    "Best score": {
        "Best Timeout": 2,
        "Mean Scores (Best)": {
            "f1Mean": 0.7173432494309102,
            "accMean": 0.9762772130360805,
            "recMean": 0.735365783672217,
            "precMean": 0.7181294799895046
        },
        "Std Scores (Best)": {
            "f1Std": 0.0815430685788226,
            "accStd": 0.03141273608026161,
            "recStd": 0.04293426509365782,
            "precStd": 0.0944293660751434
        }
    },
    "Worst score": {
        "Worst Timeout": 3,
        "Mean Scores (Worst)": {
            "f1Mean": 0.6992125605365657,
            "accMean": 0.9700855162272001,
            "recMean": 0.7230925655345641,
            "precMean": 0.7025349539117322
        },
        "Std Scores (Worst)": {
            "f1Std": 0.05741080104007396,
            "accStd": 0.04204186435471359,
            "recStd": 0.015229682216262608,
            "precStd": 0.08688783003712809
        }
    },
    "Difference": {
        "Accuracy": 0.6191696808880431,
        "F1 Score": 1.8130688894344549,
        "Precision": 1.5594526077772453,
        "Recall": 1.227321813765292
    }
}