{
    "Best score": {
        "Best Timeout": 60,
        "Mean Scores (Best)": {
            "f1Mean": 0.27342225311271584,
            "accMean": 0.9778474833310605,
            "recMean": 0.27682902470852444,
            "precMean": 0.39444678900964225
        },
        "Std Scores (Best)": {
            "f1Std": 0.054152865715757434,
            "accStd": 0.002233381130367644,
            "recStd": 0.07964472935221008,
            "precStd": 0.04485447850184903
        }
    },
    "Worst score": {
        "Worst Timeout": 10,
        "Mean Scores (Worst)": {
            "f1Mean": 0.26028308993533245,
            "accMean": 0.9780739785679108,
            "recMean": 0.26174770763357547,
            "precMean": 0.3881511561622707
        },
        "Std Scores (Worst)": {
            "f1Std": 0.057858454172956056,
            "accStd": 0.0023849495441508944,
            "recStd": 0.0748255550435106,
            "precStd": 0.05690679879753157
        }
    },
    "Difference": {
        "Accuracy": -0.022649523685025486,
        "F1 Score": 1.3139163177383395,
        "Precision": 0.6295632847371557,
        "Recall": 1.5081317074948974
    }
}