{
    "Timeout": [
        0.5,
        30
    ],
    "Mean of all scores": {
        "f1Mean": 0.9528270687673548,
        "accMean": 0.9946818776051911,
        "recMean": 0.932948488606427,
        "precMean": 0.9932883629219708
    },
    "Std of all Scores": {
        "f1Std": 0.02653974607603047,
        "accStd": 0.0028351142971422424,
        "recStd": 0.0375645993006016,
        "precStd": 0.006237256800804781
    }
}