{
    "Timeout": [
        4,
        30
    ],
    "Mean of all scores": {
        "f1Mean": 0.9024532675417009,
        "accMean": 0.9936888036271231,
        "recMean": 0.8889593391942684,
        "precMean": 0.9372597384590241
    },
    "Std of all Scores": {
        "f1Std": 0.043257576923503106,
        "accStd": 0.00358347363242463,
        "recStd": 0.04870556013361366,
        "precStd": 0.025195162666589055
    }
}