{
    "Timeout": [
        3,
        30
    ],
    "Mean of all scores": {
        "f1Mean": 0.8975621766223616,
        "accMean": 0.9938637230756628,
        "recMean": 0.8900445303248823,
        "precMean": 0.9253638947519385
    },
    "Std of all Scores": {
        "f1Std": 0.04044327133949798,
        "accStd": 0.0036694448722999545,
        "recStd": 0.04275715189263802,
        "precStd": 0.043160895657413385
    }
}