{
    "Timeout": [
        1,
        3
    ],
    "Mean of all scores": {
        "f1Mean": 0.9201585959270823,
        "accMean": 0.9944030478508132,
        "recMean": 0.9033471802915445,
        "precMean": 0.9526264629139718
    },
    "Std of all Scores": {
        "f1Std": 0.045040390175099795,
        "accStd": 0.003024251347159666,
        "recStd": 0.04719819849006682,
        "precStd": 0.052792776220718776
    }
}