{
    "Timeout": [
        0.5,
        5
    ],
    "Mean of all scores": {
        "f1Mean": 0.9478057442494883,
        "accMean": 0.9951130146220875,
        "recMean": 0.9269840517349891,
        "precMean": 0.9937287597591192
    },
    "Std of all Scores": {
        "f1Std": 0.02948135175312563,
        "accStd": 0.00284928718884084,
        "recStd": 0.03903849827513275,
        "precStd": 0.006569102397978344
    }
}