{
    "Timeout": [
        1,
        30
    ],
    "Mean of all scores": {
        "f1Mean": 0.9402965392715041,
        "accMean": 0.9946708457984942,
        "recMean": 0.9193432189484725,
        "precMean": 0.9804278233373844
    },
    "Std of all Scores": {
        "f1Std": 0.03573513167225964,
        "accStd": 0.003186362496610038,
        "recStd": 0.04351861922268144,
        "precStd": 0.024766013189246632
    }
}