{
    "Timeout": [
        0.5,
        3
    ],
    "Mean of all scores": {
        "f1Mean": 0.9373247944995697,
        "accMean": 0.9946287036281098,
        "recMean": 0.9243686129648252,
        "precMean": 0.9659852519281152
    },
    "Std of all Scores": {
        "f1Std": 0.043981172573112015,
        "accStd": 0.002811077873969522,
        "recStd": 0.04653703994932711,
        "precStd": 0.03453909152926311
    }
}