{
    "Timeout": [
        2,
        30
    ],
    "Mean of all scores": {
        "f1Mean": 0.9020203882669471,
        "accMean": 0.9940510515257046,
        "recMean": 0.8873956861108176,
        "precMean": 0.935385926235277
    },
    "Std of all Scores": {
        "f1Std": 0.04362315707222735,
        "accStd": 0.0037487360725591587,
        "recStd": 0.05259696076446649,
        "precStd": 0.031717220685042034
    }
}