{
    "Timeout": [
        3,
        60
    ],
    "Mean of all scores": {
        "f1Mean": 0.8862204998651777,
        "accMean": 0.9941611301155076,
        "recMean": 0.8790219292576464,
        "precMean": 0.9116852338389009
    },
    "Std of all Scores": {
        "f1Std": 0.03376752204601725,
        "accStd": 0.003624254809209106,
        "recStd": 0.038805926563792635,
        "precStd": 0.024090907885583074
    }
}