{
    "Timeout": [
        1,
        5
    ],
    "Mean of all scores": {
        "f1Mean": 0.9359902641065252,
        "accMean": 0.9944037007561946,
        "recMean": 0.9193910482891043,
        "precMean": 0.9650908560927537
    },
    "Std of all Scores": {
        "f1Std": 0.04971866894483231,
        "accStd": 0.003106007302471911,
        "recStd": 0.05174258002564871,
        "precStd": 0.05016061801791046
    }
}