{
    "Timeout": [
        5,
        30
    ],
    "Mean of all scores": {
        "f1Mean": 0.8850906909083165,
        "accMean": 0.993321548730013,
        "recMean": 0.8769370988099938,
        "precMean": 0.9123813172020195
    },
    "Std of all Scores": {
        "f1Std": 0.0345856092612733,
        "accStd": 0.003896298716217465,
        "recStd": 0.039784800288630996,
        "precStd": 0.024534664479393675
    }
}