{
    "Timeout": [
        1,
        60
    ],
    "Mean of all scores": {
        "f1Mean": 0.944422023254497,
        "accMean": 0.9944333742851283,
        "recMean": 0.9258552237058106,
        "precMean": 0.9799343050076315
    },
    "Std of all Scores": {
        "f1Std": 0.03714178421011224,
        "accStd": 0.003187753066498132,
        "recStd": 0.04419866359137825,
        "precStd": 0.024665617020437364
    }
}