{
    "Timeout": [
        2,
        3
    ],
    "Mean of all scores": {
        "f1Mean": 0.9193287461639178,
        "accMean": 0.993624739709996,
        "recMean": 0.9010424409266069,
        "precMean": 0.9611356378644734
    },
    "Std of all Scores": {
        "f1Std": 0.05373577748688411,
        "accStd": 0.003271914524037298,
        "recStd": 0.05808347176740042,
        "precStd": 0.049793030114742065
    }
}