{
    "Timeout": [
        0.5,
        60
    ],
    "Mean of all scores": {
        "f1Mean": 0.9583252413181895,
        "accMean": 0.9947467655790418,
        "recMean": 0.9404351488760978,
        "precMean": 0.9940236271510928
    },
    "Std of all Scores": {
        "f1Std": 0.029981059693885922,
        "accStd": 0.003007247613987949,
        "recStd": 0.04058943327713561,
        "precStd": 0.0065261795099244785
    }
}