{
    "Timeout": [
        5,
        5
    ],
    "Mean of all scores": {
        "f1Mean": 0.9405873048926467,
        "accMean": 0.9941091957657303,
        "recMean": 0.921830790414442,
        "precMean": 0.9771136658360472
    },
    "Std of all Scores": {
        "f1Std": 0.0369791489050642,
        "accStd": 0.0036621169187569243,
        "recStd": 0.04699835158521303,
        "precStd": 0.024711660790893535
    }
}