{
    "Timeout": [
        2,
        5
    ],
    "Mean of all scores": {
        "f1Mean": 0.93699998870341,
        "accMean": 0.9936966334835551,
        "recMean": 0.9127671544829298,
        "precMean": 0.9897600288894527
    },
    "Std of all Scores": {
        "f1Std": 0.027732247284592088,
        "accStd": 0.0035438374987339645,
        "recStd": 0.03954536774369915,
        "precStd": 0.011624190240506135
    }
}