{
    "Timeout": [
        1,
        2
    ],
    "Mean of all scores": {
        "f1Mean": 0.9284244652026166,
        "accMean": 0.9944807844714398,
        "recMean": 0.9084746963284808,
        "precMean": 0.9662181056373906
    },
    "Std of all Scores": {
        "f1Std": 0.03319289527404919,
        "accStd": 0.00295864624012962,
        "recStd": 0.04022267490895653,
        "precStd": 0.0346680064589873
    }
}