{
    "Timeout": [
        0.5,
        2
    ],
    "Mean of all scores": {
        "f1Mean": 0.952750272333347,
        "accMean": 0.9946686362112246,
        "recMean": 0.9345945668907621,
        "precMean": 0.9942697968438623
    },
    "Std of all Scores": {
        "f1Std": 0.03412774013632555,
        "accStd": 0.0027922593739806894,
        "recStd": 0.047182047038397165,
        "precStd": 0.006776705627804503
    }
}