{
    "Timeout": [
        0.5,
        4
    ],
    "Mean of all scores": {
        "f1Mean": 0.9538915204607473,
        "accMean": 0.9945982225318662,
        "recMean": 0.9361856935055236,
        "precMean": 0.9938529955124402
    },
    "Std of all Scores": {
        "f1Std": 0.036024637039237924,
        "accStd": 0.00281167207307508,
        "recStd": 0.049944532490939005,
        "precStd": 0.006038455759019264
    }
}