{
    "Timeout": [
        5,
        60
    ],
    "Mean of all scores": {
        "f1Mean": 0.9004168918714843,
        "accMean": 0.9939308688305631,
        "recMean": 0.8860428850116525,
        "precMean": 0.9401193676242763
    },
    "Std of all Scores": {
        "f1Std": 0.032911588358143555,
        "accStd": 0.0036873786778661615,
        "recStd": 0.03443837318579243,
        "precStd": 0.022115203631806624
    }
}