{
    "Timeout": [
        1,
        4
    ],
    "Mean of all scores": {
        "f1Mean": 0.9333961110141438,
        "accMean": 0.9943713551077472,
        "recMean": 0.9175428110886233,
        "precMean": 0.9649990397460376
    },
    "Std of all Scores": {
        "f1Std": 0.03981720934254105,
        "accStd": 0.0030936965948822046,
        "recStd": 0.047390047678621525,
        "precStd": 0.029826830290902134
    }
}