{
    "Timeout": [
        3,
        5
    ],
    "Mean of all scores": {
        "f1Mean": 0.9374868093227914,
        "accMean": 0.993955443259396,
        "recMean": 0.9167285686906321,
        "precMean": 0.977056242089731
    },
    "Std of all Scores": {
        "f1Std": 0.03712352251459464,
        "accStd": 0.0036025202431180445,
        "recStd": 0.04939570343889299,
        "precStd": 0.024696019904317232
    }
}