{
    "Timeout": [
        3,
        4
    ],
    "Mean of all scores": {
        "f1Mean": 0.9339959050325766,
        "accMean": 0.9939111926548391,
        "recMean": 0.9145291633782732,
        "precMean": 0.9765953951423905
    },
    "Std of all Scores": {
        "f1Std": 0.04258614191498472,
        "accStd": 0.003526835741867108,
        "recStd": 0.05129387287245405,
        "precStd": 0.02491344044371462
    }
}