{
    "Timeout": [
        4,
        5
    ],
    "Mean of all scores": {
        "f1Mean": 0.9222334539810506,
        "accMean": 0.9937635040627841,
        "recMean": 0.9008871483451056,
        "precMean": 0.9634895384246507
    },
    "Std of all Scores": {
        "f1Std": 0.03304512144957518,
        "accStd": 0.0036639471058968268,
        "recStd": 0.042196742123811755,
        "precStd": 0.03413613225753328
    }
}