{
    "Timeout": [
        10,
        60
    ],
    "Mean of all scores": {
        "f1Mean": 0.8757511400330799,
        "accMean": 0.9933764152057168,
        "recMean": 0.8648161935160008,
        "precMean": 0.9065605843583884
    },
    "Std of all Scores": {
        "f1Std": 0.040488592541891896,
        "accStd": 0.0039613443459371655,
        "recStd": 0.04195598659562077,
        "precStd": 0.0269563326383204
    }
}