{
    "Timeout": [
        10,
        30
    ],
    "Mean of all scores": {
        "f1Mean": 0.8892087236097084,
        "accMean": 0.9934607756283216,
        "recMean": 0.8783549119498983,
        "precMean": 0.9198776954100747
    },
    "Std of all Scores": {
        "f1Std": 0.0668273603271541,
        "accStd": 0.003960673420557297,
        "recStd": 0.07444359165742852,
        "precStd": 0.046133497488890535
    }
}