{
    "Timeout": [
        3,
        3
    ],
    "Mean of all scores": {
        "f1Mean": 0.9197564659812192,
        "accMean": 0.9891158783808042,
        "recMean": 0.8973013549034334,
        "precMean": 0.9757330105390359
    },
    "Std of all Scores": {
        "f1Std": 0.044676042495593316,
        "accStd": 0.010193120556129044,
        "recStd": 0.05578810694419891,
        "precStd": 0.02522074447293365
    }
}