{
    "Timeout": [
        2,
        2
    ],
    "Mean of all scores": {
        "f1Mean": 0.9311689907916977,
        "accMean": 0.9939912644322672,
        "recMean": 0.9118132386524269,
        "precMean": 0.9872860622596107
    },
    "Std of all Scores": {
        "f1Std": 0.042126350360230234,
        "accStd": 0.0032565712077536305,
        "recStd": 0.053923572239693664,
        "precStd": 0.009297211269198004
    }
}