{
    "Timeout": [
        4,
        4
    ],
    "Mean of all scores": {
        "f1Mean": 0.9331271441592499,
        "accMean": 0.9942350913442235,
        "recMean": 0.9129950437104993,
        "precMean": 0.9782291257323632
    },
    "Std of all Scores": {
        "f1Std": 0.041472836453843254,
        "accStd": 0.0035770838707643313,
        "recStd": 0.05179680867519664,
        "precStd": 0.02453087018169574
    }
}