{
    "Timeout": [
        2,
        60
    ],
    "Mean of all scores": {
        "f1Mean": 0.8959805538359726,
        "accMean": 0.993713330938619,
        "recMean": 0.8768861827913529,
        "precMean": 0.9366682211742345
    },
    "Std of all Scores": {
        "f1Std": 0.03671710995791772,
        "accStd": 0.0036395098602380145,
        "recStd": 0.04394326897145796,
        "precStd": 0.024845890365192677
    }
}