{
    "Timeout": [
        4,
        60
    ],
    "Mean of all scores": {
        "f1Mean": 0.900883359585611,
        "accMean": 0.9945009052639213,
        "recMean": 0.887155729110104,
        "precMean": 0.9399005114078289
    },
    "Std of all Scores": {
        "f1Std": 0.0327452335166306,
        "accStd": 0.0037527610474318335,
        "recStd": 0.033407358020821815,
        "precStd": 0.022309454753344754
    }
}