{
    "Timeout": [
        2,
        4
    ],
    "Mean of all scores": {
        "f1Mean": 0.9294818366285375,
        "accMean": 0.9939202145213901,
        "recMean": 0.9076159098413832,
        "precMean": 0.9767496720025586
    },
    "Std of all Scores": {
        "f1Std": 0.045426820698148164,
        "accStd": 0.003501623242175352,
        "recStd": 0.059843798130874315,
        "precStd": 0.024861518441212833
    }
}