{
    "Timeout": [
        0.5,
        4
    ],
    "accuracy": 0.985912105549444,
    "f1_score": 0.527022191204298,
    "precision": 0.628671526735906,
    "recall": 0.5183511079331471
}