{
    "Timeout": [
        1,
        30
    ],
    "accuracy": 0.9852408852534937,
    "f1_score": 0.5256261330886639,
    "precision": 0.6035958679662603,
    "recall": 0.5214608972013766
}