{
    "Timeout": [
        0.5,
        5
    ],
    "accuracy": 0.9859635796481176,
    "f1_score": 0.5225144179005776,
    "precision": 0.6262261975027826,
    "recall": 0.5125531563475485
}