{
    "Timeout": [
        5,
        30
    ],
    "accuracy": 0.9863841324898018,
    "f1_score": 0.5232832176200091,
    "precision": 0.6002053953462333,
    "recall": 0.5115003171539526
}