{
    "Timeout": [
        3,
        3
    ],
    "accuracy": 0.9858372543107722,
    "f1_score": 0.5312588351140362,
    "precision": 0.64215818607878,
    "recall": 0.5307031905067291
}