{
    "Timeout": [
        0.5,
        2
    ],
    "accuracy": 0.9857885379936423,
    "f1_score": 0.5218265578998562,
    "precision": 0.5918161199280728,
    "recall": 0.5097381747047542
}