{
    "Timeout": [
        2,
        4
    ],
    "Mean of all scores": {
        "f1Mean": 0.9546037031562367,
        "accMean": 0.974818689600142,
        "recMean": 0.9512488024094072,
        "precMean": 0.96020394280951
    },
    "Std of all Scores": {
        "f1Std": 0.018633913201284588,
        "accStd": 0.011264452480831879,
        "recStd": 0.02005290314666314,
        "precStd": 0.01764742736111862
    }
}