{
    "Timeout": [
        2,
        3
    ],
    "Mean of all scores": {
        "f1Mean": 0.954983133577365,
        "accMean": 0.9748788211189805,
        "recMean": 0.9513025124397716,
        "precMean": 0.9611128405626062
    },
    "Std of all Scores": {
        "f1Std": 0.019677694545920967,
        "accStd": 0.011704835099604391,
        "recStd": 0.020970195505790087,
        "precStd": 0.018327555598870914
    }
}