{
    "Timeout": [
        10,
        60
    ],
    "Mean of all scores": {
        "f1Mean": 0.9680865179295217,
        "accMean": 0.9831450345553729,
        "recMean": 0.9682805724006384,
        "precMean": 0.9690853069845259
    },
    "Std of all Scores": {
        "f1Std": 0.026789891741770013,
        "accStd": 0.014522154617189621,
        "recStd": 0.0299019141616551,
        "precStd": 0.022152433861450743
    }
}