{
    "Timeout": [
        3,
        5
    ],
    "Mean of all scores": {
        "f1Mean": 0.9542240698594192,
        "accMean": 0.9750640184658552,
        "recMean": 0.95109071440419,
        "precMean": 0.9600285159850793
    },
    "Std of all Scores": {
        "f1Std": 0.01974970655158293,
        "accStd": 0.01152868472096284,
        "recStd": 0.021114503410637357,
        "precStd": 0.018563879016830043
    }
}