{
    "Timeout": [
        3,
        4
    ],
    "Mean of all scores": {
        "f1Mean": 0.9552265030188833,
        "accMean": 0.9752192233236139,
        "recMean": 0.9512389125663148,
        "precMean": 0.9615214138471408
    },
    "Std of all Scores": {
        "f1Std": 0.019308382109307742,
        "accStd": 0.011525989951331493,
        "recStd": 0.021043368566088266,
        "precStd": 0.01748422868176038
    }
}