{
    "Timeout": [
        0.5,
        30
    ],
    "Mean of all scores": {
        "f1Mean": 0.9301330324598085,
        "accMean": 0.9593185329338763,
        "recMean": 0.9346896574010779,
        "precMean": 0.9382992069881911
    },
    "Std of all Scores": {
        "f1Std": 0.029142627007084157,
        "accStd": 0.019397883677370435,
        "recStd": 0.019969773368135706,
        "precStd": 0.03480131413546736
    }
}