{
    "Timeout": [
        1,
        5
    ],
    "Mean of all scores": {
        "f1Mean": 0.9508295018112237,
        "accMean": 0.9737938469243346,
        "recMean": 0.9483412329821869,
        "precMean": 0.956442292454374
    },
    "Std of all Scores": {
        "f1Std": 0.023695177884918393,
        "accStd": 0.012575687178022916,
        "recStd": 0.024201034792179787,
        "precStd": 0.02169872536195477
    }
}