{
    "Timeout": [
        0.5,
        60
    ],
    "Mean of all scores": {
        "f1Mean": 0.9288073623463065,
        "accMean": 0.9572737839392002,
        "recMean": 0.9339258206057363,
        "precMean": 0.936420852429863
    },
    "Std of all Scores": {
        "f1Std": 0.030765869127377124,
        "accStd": 0.022551786538194424,
        "recStd": 0.020517979834907853,
        "precStd": 0.037387060212849516
    }
}