{
    "Timeout": [
        4,
        4
    ],
    "Mean of all scores": {
        "f1Mean": 0.9536580161548155,
        "accMean": 0.9749290082519562,
        "recMean": 0.9504816283878317,
        "precMean": 0.9596427994054061
    },
    "Std of all Scores": {
        "f1Std": 0.02160246833629412,
        "accStd": 0.011948651112124438,
        "recStd": 0.0225171042021143,
        "precStd": 0.02021456261885759
    }
}