{
    "Timeout": [
        2,
        30
    ],
    "Mean of all scores": {
        "f1Mean": 0.9536103868855805,
        "accMean": 0.974928404115962,
        "recMean": 0.9508958686202893,
        "precMean": 0.9589725028811673
    },
    "Std of all Scores": {
        "f1Std": 0.01969363580736911,
        "accStd": 0.011576579909489678,
        "recStd": 0.021076494521192927,
        "precStd": 0.019078498718974116
    }
}