{
    "Timeout": [
        0.5,
        4
    ],
    "Mean of all scores": {
        "f1Mean": 0.9303595014164114,
        "accMean": 0.9592284303091028,
        "recMean": 0.9345509312316116,
        "precMean": 0.9387652267679927
    },
    "Std of all Scores": {
        "f1Std": 0.029085973070177712,
        "accStd": 0.019489483101328024,
        "recStd": 0.02049610898194016,
        "precStd": 0.03424142264248437
    }
}