{
    "Timeout": [
        2,
        60
    ],
    "Mean of all scores": {
        "f1Mean": 0.9538930618252891,
        "accMean": 0.9747754763214657,
        "recMean": 0.950601942237714,
        "precMean": 0.959491222025567
    },
    "Std of all Scores": {
        "f1Std": 0.01936114730904258,
        "accStd": 0.011478161692747582,
        "recStd": 0.020683944525387993,
        "precStd": 0.018277550077070645
    }
}