{
    "Timeout": [
        2,
        2
    ],
    "Mean of all scores": {
        "f1Mean": 0.9535550392696465,
        "accMean": 0.9744942056338525,
        "recMean": 0.950742985500229,
        "precMean": 0.9592116407413973
    },
    "Std of all Scores": {
        "f1Std": 0.020496849598918152,
        "accStd": 0.01167832670534177,
        "recStd": 0.021736654040176887,
        "precStd": 0.01893710098618452
    }
}