{
    "Timeout": [
        3,
        60
    ],
    "Mean of all scores": {
        "f1Mean": 0.9545089457978098,
        "accMean": 0.9751821984189928,
        "recMean": 0.9510798623564615,
        "precMean": 0.960446166505663
    },
    "Std of all Scores": {
        "f1Std": 0.019026365397099884,
        "accStd": 0.011570529849473345,
        "recStd": 0.020463747467108204,
        "precStd": 0.017781366431217367
    }
}