{
    "Timeout": [
        1,
        3
    ],
    "Mean of all scores": {
        "f1Mean": 0.9517690432786206,
        "accMean": 0.9741188424226632,
        "recMean": 0.9494192448236675,
        "precMean": 0.9570815571144229
    },
    "Std of all Scores": {
        "f1Std": 0.022174363334405346,
        "accStd": 0.012294630730266135,
        "recStd": 0.023067900418216287,
        "precStd": 0.02047248237824561
    }
}