{
    "Timeout": [
        3,
        3
    ],
    "Mean of all scores": {
        "f1Mean": 0.9544597346730646,
        "accMean": 0.9750708366271995,
        "recMean": 0.9509630299825826,
        "precMean": 0.9605635109651421
    },
    "Std of all Scores": {
        "f1Std": 0.019924449334015732,
        "accStd": 0.011513210210020877,
        "recStd": 0.02136777100967761,
        "precStd": 0.01814756540539856
    }
}