{
    "Timeout": [
        4,
        30
    ],
    "Mean of all scores": {
        "f1Mean": 0.9547744441016471,
        "accMean": 0.9751273208127088,
        "recMean": 0.9507428965570949,
        "precMean": 0.9610196443193171
    },
    "Std of all Scores": {
        "f1Std": 0.019608672172924033,
        "accStd": 0.011772942803067546,
        "recStd": 0.02128116519464329,
        "precStd": 0.017841935131822115
    }
}