{
    "Timeout": [
        1,
        30
    ],
    "Mean of all scores": {
        "f1Mean": 0.9513245034896289,
        "accMean": 0.9739482258037562,
        "recMean": 0.9487741407127513,
        "precMean": 0.9567665629989662
    },
    "Std of all Scores": {
        "f1Std": 0.02249462944870024,
        "accStd": 0.012341094036889497,
        "recStd": 0.02318488958493401,
        "precStd": 0.02068680466458115
    }
}