{
    "Timeout": [
        1,
        60
    ],
    "Mean of all scores": {
        "f1Mean": 0.9509572514025327,
        "accMean": 0.9739161042229478,
        "recMean": 0.948924737627493,
        "precMean": 0.9560355382017421
    },
    "Std of all Scores": {
        "f1Std": 0.022332240363645957,
        "accStd": 0.012346052961441988,
        "recStd": 0.023014056129153852,
        "precStd": 0.020854365897048362
    }
}