{
    "Timeout": [
        5,
        30
    ],
    "Mean of all scores": {
        "f1Mean": 0.9532626406742116,
        "accMean": 0.9750565479577261,
        "recMean": 0.9502196231568931,
        "precMean": 0.9590567431644634
    },
    "Std of all Scores": {
        "f1Std": 0.021408673108522493,
        "accStd": 0.011891384777379933,
        "recStd": 0.02270528943883007,
        "precStd": 0.01975061477892555
    }
}