{
    "Timeout": [
        10,
        30
    ],
    "Mean of all scores": {
        "f1Mean": 0.9670709730921189,
        "accMean": 0.9825069139016429,
        "recMean": 0.966930457729355,
        "precMean": 0.9683166450033915
    },
    "Std of all Scores": {
        "f1Std": 0.025143411879038177,
        "accStd": 0.014013197409667555,
        "recStd": 0.028417381968498405,
        "precStd": 0.020702982087315924
    }
}