{
    "Timeout": [
        3,
        30
    ],
    "Mean of all scores": {
        "f1Mean": 0.9546703069731797,
        "accMean": 0.9749932430975973,
        "recMean": 0.95054871103632,
        "precMean": 0.960967885206682
    },
    "Std of all Scores": {
        "f1Std": 0.01930273058787516,
        "accStd": 0.011632688270287735,
        "recStd": 0.02083940278692555,
        "precStd": 0.017582667199240294
    }
}