{
    "Timeout": [
        0.5,
        5
    ],
    "Mean of all scores": {
        "f1Mean": 0.9306473953115667,
        "accMean": 0.9593103507110623,
        "recMean": 0.9347601578068023,
        "precMean": 0.939129409517933
    },
    "Std of all Scores": {
        "f1Std": 0.028833539136494273,
        "accStd": 0.01950263079175832,
        "recStd": 0.020202801648297523,
        "precStd": 0.03382464198056534
    }
}