{
    "Timeout": [
        1,
        4
    ],
    "Mean of all scores": {
        "f1Mean": 0.9515773641899699,
        "accMean": 0.9739759320938773,
        "recMean": 0.9489608192134016,
        "precMean": 0.9570499751436836
    },
    "Std of all Scores": {
        "f1Std": 0.022541865676168373,
        "accStd": 0.01231033273881521,
        "recStd": 0.023194968042105864,
        "precStd": 0.020739656581288162
    }
}