{
    "Timeout": [
        0.5,
        3
    ],
    "Mean of all scores": {
        "f1Mean": 0.9307971603768064,
        "accMean": 0.9593555540223748,
        "recMean": 0.9349189975466665,
        "precMean": 0.9392616117608921
    },
    "Std of all Scores": {
        "f1Std": 0.028800664351553453,
        "accStd": 0.019429069466177527,
        "recStd": 0.01991659045945975,
        "precStd": 0.033901160082287406
    }
}