{
    "Timeout": [
        2,
        5
    ],
    "Mean of all scores": {
        "f1Mean": 0.9534605443286687,
        "accMean": 0.9747416804476566,
        "recMean": 0.9503794624059905,
        "precMean": 0.9591255016970381
    },
    "Std of all Scores": {
        "f1Std": 0.021229290306226792,
        "accStd": 0.011854329686160353,
        "recStd": 0.022378905824458412,
        "precStd": 0.019623021006497213
    }
}