{
    "Timeout": [
        4,
        60
    ],
    "Mean of all scores": {
        "f1Mean": 0.9537155033018438,
        "accMean": 0.9749661190631371,
        "recMean": 0.949731290659195,
        "precMean": 0.96016336580303
    },
    "Std of all Scores": {
        "f1Std": 0.02191452360490703,
        "accStd": 0.012021013989416497,
        "recStd": 0.022815995219952406,
        "precStd": 0.019969841434977067
    }
}