{
    "Timeout": [
        5,
        5
    ],
    "Mean of all scores": {
        "f1Mean": 0.954604804536201,
        "accMean": 0.9752249162782235,
        "recMean": 0.951203959749163,
        "precMean": 0.9606060938602383
    },
    "Std of all Scores": {
        "f1Std": 0.01918338883965981,
        "accStd": 0.01142284364143745,
        "recStd": 0.02096656893945465,
        "precStd": 0.017727380307507628
    }
}