{
    "Timeout": [
        1,
        2
    ],
    "Mean of all scores": {
        "f1Mean": 0.950787736642687,
        "accMean": 0.973669830810997,
        "recMean": 0.9484893470724138,
        "precMean": 0.9563271314589864
    },
    "Std of all Scores": {
        "f1Std": 0.024286314909917697,
        "accStd": 0.012657043567061035,
        "recStd": 0.024476931517382963,
        "precStd": 0.02199013952907728
    }
}