{
    "Timeout": [
        0.5,
        2
    ],
    "Mean of all scores": {
        "f1Mean": 0.9308874474438353,
        "accMean": 0.9593286762211249,
        "recMean": 0.9349521442338169,
        "precMean": 0.9393175310622475
    },
    "Std of all Scores": {
        "f1Std": 0.028836739860425023,
        "accStd": 0.019350037975619617,
        "recStd": 0.020219169636431583,
        "precStd": 0.033980657167117435
    }
}