{
    "Timeout": [
        4,
        5
    ],
    "Mean of all scores": {
        "f1Mean": 0.9543304920268948,
        "accMean": 0.9750736955736186,
        "recMean": 0.9507223025345392,
        "precMean": 0.9603347852160095
    },
    "Std of all Scores": {
        "f1Std": 0.02033953533325709,
        "accStd": 0.011693045268333783,
        "recStd": 0.021760994070322948,
        "precStd": 0.018595044019845238
    }
}