{
    "Timeout": 0.5,
    "Mean of all scores": {
        "f1Mean": 0.26954707242654335,
        "accMean": 0.9778276684013795,
        "recMean": 0.27597496515091946,
        "precMean": 0.394691997490203
    },
    "Std of all Scores": {
        "f1Std": 0.06820191522461633,
        "accStd": 0.0031269635079864576,
        "recStd": 0.0849388567145614,
        "precStd": 0.08848428088642236
    }
}