{
    "Timeout": 1,
    "Mean of all scores": {
        "f1Mean": 0.2654615217454493,
        "accMean": 0.9770648955010677,
        "recMean": 0.2652363366894709,
        "precMean": 0.3865640179163023
    },
    "Std of all Scores": {
        "f1Std": 0.061919794487054036,
        "accStd": 0.0029979283840687056,
        "recStd": 0.071639896200281,
        "precStd": 0.04887512107281842
    }
}