{
    "Timeout": 3,
    "Mean of all scores": {
        "f1Mean": 0.26082768376407756,
        "accMean": 0.977944941025792,
        "recMean": 0.26545767116184027,
        "precMean": 0.39776335493167153
    },
    "Std of all Scores": {
        "f1Std": 0.06897826005319468,
        "accStd": 0.00307982812087204,
        "recStd": 0.07693581599321775,
        "precStd": 0.08970507035194494
    }
}