{
    "Timeout": 2,
    "Mean of all scores": {
        "f1Mean": 0.2616071609085924,
        "accMean": 0.9771716860528832,
        "recMean": 0.26014803552528915,
        "precMean": 0.38762306007341335
    },
    "Std of all Scores": {
        "f1Std": 0.05501388337335135,
        "accStd": 0.004225160461286777,
        "recStd": 0.07466215019768999,
        "precStd": 0.03480701165906818
    }
}