{
    "Timeout": [
        0.5,
        4
    ],
    "Mean of all scores": {
        "f1Mean": 0.9446553751541167,
        "accMean": 0.9597291076187012,
        "recMean": 0.9642062545136673,
        "precMean": 0.9555194296505821
    },
    "Std of all Scores": {
        "f1Std": 0.0451822525889919,
        "accStd": 0.03575152880727867,
        "recStd": 0.0475382222869265,
        "precStd": 0.05049250361984729
    }
}