{
    "Timeout": [
        0.5,
        60
    ],
    "Mean of all scores": {
        "f1Mean": 0.9447088616444443,
        "accMean": 0.9595460113003279,
        "recMean": 0.9642730178997503,
        "precMean": 0.9554228347026514
    },
    "Std of all Scores": {
        "f1Std": 0.04511213020679598,
        "accStd": 0.03595998603801594,
        "recStd": 0.04739484922876623,
        "precStd": 0.050458126426878594
    }
}