{
    "Timeout": [
        1,
        60
    ],
    "Mean of all scores": {
        "f1Mean": 0.9456866934324506,
        "accMean": 0.9582439035365116,
        "recMean": 0.962484939200718,
        "precMean": 0.9573245034032833
    },
    "Std of all Scores": {
        "f1Std": 0.04311489565973584,
        "accStd": 0.03709592654349981,
        "recStd": 0.045999321905856275,
        "precStd": 0.048207132291836936
    }
}