{
    "Timeout": [
        4,
        30
    ],
    "Mean of all scores": {
        "f1Mean": 0.9493062356472091,
        "accMean": 0.9577278099256302,
        "recMean": 0.9651090957640145,
        "precMean": 0.959571705612189
    },
    "Std of all Scores": {
        "f1Std": 0.04298627085682135,
        "accStd": 0.03900707742247506,
        "recStd": 0.046501211438644954,
        "precStd": 0.04532302391733441
    }
}