{
    "Timeout": [
        10,
        30
    ],
    "Mean of all scores": {
        "f1Mean": 0.9477413261253373,
        "accMean": 0.9559972078181092,
        "recMean": 0.9629690857356783,
        "precMean": 0.9583968803309993
    },
    "Std of all Scores": {
        "f1Std": 0.04436006075219427,
        "accStd": 0.03985451995635077,
        "recStd": 0.05030393823235914,
        "precStd": 0.04629780516461167
    }
}