{
    "Timeout": [
        5,
        60
    ],
    "Mean of all scores": {
        "f1Mean": 0.9473756523305747,
        "accMean": 0.9569545396173108,
        "recMean": 0.9613548519354534,
        "precMean": 0.9595205712864964
    },
    "Std of all Scores": {
        "f1Std": 0.040784183328194216,
        "accStd": 0.03898196574755956,
        "recStd": 0.04427151009743709,
        "precStd": 0.045188203818398685
    }
}