{
    "Timeout": [
        4,
        5
    ],
    "Mean of all scores": {
        "f1Mean": 0.9482263812677129,
        "accMean": 0.9598688139401567,
        "recMean": 0.9629422497710006,
        "precMean": 0.9597366665730254
    },
    "Std of all Scores": {
        "f1Std": 0.041829434373673126,
        "accStd": 0.037150756982820374,
        "recStd": 0.04547768028949578,
        "precStd": 0.04537869625775282
    }
}