{
    "Timeout": [
        3,
        30
    ],
    "Mean of all scores": {
        "f1Mean": 0.9491875408572259,
        "accMean": 0.9578595254519169,
        "recMean": 0.9649399792836327,
        "precMean": 0.9595170786745314
    },
    "Std of all Scores": {
        "f1Std": 0.04310915228736462,
        "accStd": 0.03895694284614027,
        "recStd": 0.04653973740041083,
        "precStd": 0.04536021939319377
    }
}