{
    "Timeout": [
        2,
        2
    ],
    "Mean of all scores": {
        "f1Mean": 0.9212878769728178,
        "accMean": 0.963542540117359,
        "recMean": 0.9595371164466382,
        "precMean": 0.930574407430256
    },
    "Std of all Scores": {
        "f1Std": 0.06726629238602272,
        "accStd": 0.03325269996153052,
        "recStd": 0.05349711437634091,
        "precStd": 0.08684773040627075
    }
}