{
    "Timeout": [
        3,
        4
    ],
    "Mean of all scores": {
        "f1Mean": 0.9493217800627514,
        "accMean": 0.9602078106693581,
        "recMean": 0.965064206554642,
        "precMean": 0.9598315331978734
    },
    "Std of all Scores": {
        "f1Std": 0.04323272376631239,
        "accStd": 0.03700242968416416,
        "recStd": 0.047021157884412114,
        "precStd": 0.04536536720040546
    }
}