{
    "Timeout": [
        4,
        4
    ],
    "Mean of all scores": {
        "f1Mean": 0.9492900625832114,
        "accMean": 0.9601683519634152,
        "recMean": 0.9651090231676059,
        "precMean": 0.959719394671384
    },
    "Std of all Scores": {
        "f1Std": 0.04315938237048727,
        "accStd": 0.03685473812763695,
        "recStd": 0.04695135354686957,
        "precStd": 0.04548377477713171
    }
}