{
    "Timeout": [
        2,
        3
    ],
    "Mean of all scores": {
        "f1Mean": 0.9299513807933332,
        "accMean": 0.9603635415203741,
        "recMean": 0.9650722892338963,
        "precMean": 0.9363028108280277
    },
    "Std of all Scores": {
        "f1Std": 0.060572878254509514,
        "accStd": 0.03622532787122193,
        "recStd": 0.04704904640859474,
        "precStd": 0.07983911987299606
    }
}