{
    "Timeout": [
        3,
        5
    ],
    "Mean of all scores": {
        "f1Mean": 0.946536044925903,
        "accMean": 0.9597764891268923,
        "recMean": 0.9628972976160668,
        "precMean": 0.9566248443416047
    },
    "Std of all Scores": {
        "f1Std": 0.04335232389919077,
        "accStd": 0.037198416728417144,
        "recStd": 0.045493665230282754,
        "precStd": 0.04999533948929583
    }
}