{
    "Timeout": [
        1,
        3
    ],
    "Mean of all scores": {
        "f1Mean": 0.9413864844925952,
        "accMean": 0.9593179661489669,
        "recMean": 0.9626725646707233,
        "precMean": 0.9501074424270541
    },
    "Std of all Scores": {
        "f1Std": 0.047372038137696894,
        "accStd": 0.03623383693179621,
        "recStd": 0.04750060555808414,
        "precStd": 0.057676237485938295
    }
}