{
    "Timeout": [
        5,
        30
    ],
    "Mean of all scores": {
        "f1Mean": 0.9483039563909216,
        "accMean": 0.9570435592993836,
        "recMean": 0.9633111989659071,
        "precMean": 0.9594014263433696
    },
    "Std of all Scores": {
        "f1Std": 0.04218944165400128,
        "accStd": 0.03891636635702117,
        "recStd": 0.0454882912431208,
        "precStd": 0.04532509072941119
    }
}