{
    "Timeout": [
        1,
        30
    ],
    "Mean of all scores": {
        "f1Mean": 0.9221846111627361,
        "accMean": 0.9581983618881138,
        "recMean": 0.9645545274549395,
        "precMean": 0.930183976599815
    },
    "Std of all Scores": {
        "f1Std": 0.07228945799531057,
        "accStd": 0.03706027399238462,
        "recStd": 0.04718489275813291,
        "precStd": 0.09056347766622244
    }
}