{
    "Timeout": [
        5,
        5
    ],
    "Mean of all scores": {
        "f1Mean": 0.9474165319178104,
        "accMean": 0.9595260744482988,
        "recMean": 0.9613463273854105,
        "precMean": 0.9596875495285925
    },
    "Std of all Scores": {
        "f1Std": 0.04092475059233373,
        "accStd": 0.03676641771945719,
        "recStd": 0.04471653087203597,
        "precStd": 0.04529272204436626
    }
}