{
    "Timeout": [
        2,
        60
    ],
    "Mean of all scores": {
        "f1Mean": 0.9485580769180822,
        "accMean": 0.9578453676407118,
        "recMean": 0.9648996399027034,
        "precMean": 0.9589132917921539
    },
    "Std of all Scores": {
        "f1Std": 0.04321476165216108,
        "accStd": 0.038416311258797804,
        "recStd": 0.046475329312042624,
        "precStd": 0.04617703389273527
    }
}