{
    "Timeout": [
        10,
        60
    ],
    "Mean of all scores": {
        "f1Mean": 0.9486267975543268,
        "accMean": 0.9559092908823423,
        "recMean": 0.9647052761892392,
        "precMean": 0.9582943852143784
    },
    "Std of all Scores": {
        "f1Std": 0.04322425913796289,
        "accStd": 0.040060968196379936,
        "recStd": 0.04684866942917932,
        "precStd": 0.04637030785703711
    }
}