{
    "Timeout": [
        3,
        3
    ],
    "Mean of all scores": {
        "f1Mean": 0.9493421442336946,
        "accMean": 0.9610040927819231,
        "recMean": 0.9651925788321283,
        "precMean": 0.9597920970625115
    },
    "Std of all Scores": {
        "f1Std": 0.043241569291982335,
        "accStd": 0.036251266361256446,
        "recStd": 0.04717512757348045,
        "precStd": 0.04548065385215287
    }
}