{
    "Timeout": [
        2,
        30
    ],
    "Mean of all scores": {
        "f1Mean": 0.948535331961191,
        "accMean": 0.9579930239234121,
        "recMean": 0.9648953621864284,
        "precMean": 0.9588682131653282
    },
    "Std of all Scores": {
        "f1Std": 0.04325270492214833,
        "accStd": 0.03830221125800633,
        "recStd": 0.04650080001377633,
        "precStd": 0.04628229033709064
    }
}