{
    "Timeout": [
        0.5,
        3
    ],
    "Mean of all scores": {
        "f1Mean": 0.9447626179020882,
        "accMean": 0.9598407360127365,
        "recMean": 0.9646359120169856,
        "precMean": 0.9553173956287125
    },
    "Std of all Scores": {
        "f1Std": 0.04519629597271782,
        "accStd": 0.035679298390367424,
        "recStd": 0.04770254503450667,
        "precStd": 0.05058968595930633
    }
}