{
    "Timeout": [
        3,
        60
    ],
    "Mean of all scores": {
        "f1Mean": 0.9492536585001397,
        "accMean": 0.9577475219323232,
        "recMean": 0.9649521366862291,
        "precMean": 0.9595872463889059
    },
    "Std of all Scores": {
        "f1Std": 0.043093326793035056,
        "accStd": 0.03917130561442276,
        "recStd": 0.046470478483489425,
        "precStd": 0.045352276587009174
    }
}