{
    "Timeout": [
        1,
        2
    ],
    "Mean of all scores": {
        "f1Mean": 0.9196850939215391,
        "accMean": 0.9620594324193366,
        "recMean": 0.9592932876900745,
        "precMean": 0.9304926230172356
    },
    "Std of all Scores": {
        "f1Std": 0.06993108929314028,
        "accStd": 0.03370234990997769,
        "recStd": 0.04539495138568235,
        "precStd": 0.09025108371167569
    }
}