{
    "Timeout": [
        0.5,
        5
    ],
    "Mean of all scores": {
        "f1Mean": 0.9447233610074504,
        "accMean": 0.9597774886826279,
        "recMean": 0.9642947113276398,
        "precMean": 0.9554622708886894
    },
    "Std of all Scores": {
        "f1Std": 0.04512213017503508,
        "accStd": 0.035696419793341205,
        "recStd": 0.04750068518306617,
        "precStd": 0.050420648876476515
    }
}