{
    "Timeout": [
        0.5,
        2
    ],
    "Mean of all scores": {
        "f1Mean": 0.9425175094477062,
        "accMean": 0.9618036439782278,
        "recMean": 0.9630148319865924,
        "precMean": 0.9527428480515805
    },
    "Std of all Scores": {
        "f1Std": 0.046569716290436096,
        "accStd": 0.033909909274399117,
        "recStd": 0.04757507926612716,
        "precStd": 0.053830195667651515
    }
}