{
    "Timeout": [
        1,
        4
    ],
    "Mean of all scores": {
        "f1Mean": 0.9436389703176292,
        "accMean": 0.9590921321615478,
        "recMean": 0.9629428846418229,
        "precMean": 0.9534152872474948
    },
    "Std of all Scores": {
        "f1Std": 0.044153482663457796,
        "accStd": 0.036389807236923054,
        "recStd": 0.046279360934343684,
        "precStd": 0.05307399056642928
    }
}