{
    "Timeout": [
        0.5,
        30
    ],
    "Mean of all scores": {
        "f1Mean": 0.9450044629312409,
        "accMean": 0.9598386582440434,
        "recMean": 0.9645243762912195,
        "precMean": 0.9557424069476319
    },
    "Std of all Scores": {
        "f1Std": 0.04493244457219963,
        "accStd": 0.03566386926881413,
        "recStd": 0.04749379943412656,
        "precStd": 0.05023880902101463
    }
}