{
    "Timeout": [
        1,
        5
    ],
    "Mean of all scores": {
        "f1Mean": 0.9328554928979301,
        "accMean": 0.9586762369662288,
        "recMean": 0.962829450713176,
        "precMean": 0.9392294886588625
    },
    "Std of all Scores": {
        "f1Std": 0.05440501178069064,
        "accStd": 0.03671110217056829,
        "recStd": 0.046198253915638476,
        "precStd": 0.07483963079192323
    }
}