{
    "Timeout": [
        2,
        4
    ],
    "Mean of all scores": {
        "f1Mean": 0.9475099315566806,
        "accMean": 0.9595917752894652,
        "recMean": 0.9628840707789372,
        "precMean": 0.959048945455239
    },
    "Std of all Scores": {
        "f1Std": 0.042153200679126916,
        "accStd": 0.03700677568332808,
        "recStd": 0.04557618760562631,
        "precStd": 0.046246145126330074
    }
}