{
    "Timeout": [
        4,
        60
    ],
    "Mean of all scores": {
        "f1Mean": 0.9492560379959423,
        "accMean": 0.957637755496834,
        "recMean": 0.9649093015860741,
        "precMean": 0.9595978531734575
    },
    "Std of all Scores": {
        "f1Std": 0.043084695804460234,
        "accStd": 0.03917458930582448,
        "recStd": 0.04648689374666651,
        "precStd": 0.04530470041136072
    }
}