{
    "Timeout": [
        2,
        5
    ],
    "Mean of all scores": {
        "f1Mean": 0.9475452389124814,
        "accMean": 0.9592443442352632,
        "recMean": 0.9628302068684395,
        "precMean": 0.959120193175783
    },
    "Std of all Scores": {
        "f1Std": 0.04208291993029921,
        "accStd": 0.03723678873755149,
        "recStd": 0.04546469935367929,
        "precStd": 0.04614143561806421
    }
}