{"accuracy": {"all_test_sets": 0.8424125063839809, "(0.5, 2)": 0.8193762781186094, "(1, 2)": 0.8622193727402674, "(2, 2)": 0.8648002921005842, "(0.5, 3)": 0.836436333497053, "(1, 3)": 0.8658776237039535, "(2, 3)": 0.8823323131854118, "(3, 3)": 0.897021829965038, "(0.5, 4)": 0.8380716713069112, "(1, 4)": 0.8755772393724697, "(2, 4)": 0.891138385257065, "(3, 4)": 0.9072908660005125, "(4, 4)": 0.91975579010341, "(0.5, 5)": 0.8397727272727272, "(1, 5)": 0.8784227069445616, "(2, 5)": 0.8966868239502598, "(3, 5)": 0.9301649713650739, "(4, 5)": 0.9278087304303191, "(5, 5)": 0.8537278448497303, "(0.5, 30)": 0.8331387250081941, "(1, 30)": 0.8689152517317115, "(2, 30)": 0.881469195323833, "(3, 30)": 0.8034540178188984, "(4, 30)": 0.8028580159547092, "(5, 30)": 0.7547242741796942, "(10, 30)": 0.7378806440322017, "(0.5, 60)": 0.8320418134884865, "(1, 60)": 0.8627212342654389, "(2, 60)": 0.8615938086704216, "(3, 60)": 0.792814454631137, "(4, 60)": 0.7658046285175018, "(5, 60)": 0.7352287371134021, "(10, 60)": 0.6279589689637033}, "f1Score": {"all_test_sets": 0.7417322286444573, "(0.5, 2)": 0.6665437869597618, "(1, 2)": 0.7754236462854521, "(2, 2)": 0.7750860273423682, "(0.5, 3)": 0.7515583580495431, "(1, 3)": 0.7846829653611322, "(2, 3)": 0.8209524876287753, "(3, 3)": 0.8335339129517076, "(0.5, 4)": 0.7546074815476473, "(1, 4)": 0.8067898176539127, "(2, 4)": 0.8279387590803761, "(3, 4)": 0.8581708839507273, "(4, 4)": 0.8677086292049608, "(0.5, 5)": 0.758104552321194, "(1, 5)": 0.8131973800811972, "(2, 5)": 0.8520006632379101, "(3, 5)": 0.9010001197279632, "(4, 5)": 0.8977577328130099, "(5, 5)": 0.8388065567752591, "(0.5, 30)": 0.6799088028518789, "(1, 30)": 0.8089035947070574, "(2, 30)": 0.7825664423618658, "(3, 30)": 0.6498926207885097, "(4, 30)": 0.6588777342395024, "(5, 30)": 0.6283933452197048, "(10, 30)": 0.6318933197233911, "(0.5, 60)": 0.6763424348447361, "(1, 60)": 0.7351965746500877, "(2, 60)": 0.7021790352015451, "(3, 60)": 0.6280246053916162, "(4, 60)": 0.6084728326332643, "(5, 60)": 0.5772601054654584, "(10, 60)": 0.507595400351667}, "precision": {"all_test_sets": 0.7723626819057849, "(0.5, 2)": 0.8324166265891509, "(1, 2)": 0.8898951205048306, "(2, 2)": 0.8828557450082257, "(0.5, 3)": 0.8801058724399518, "(1, 3)": 0.8975581769554271, "(2, 3)": 0.8969610916800108, "(3, 3)": 0.9051656539157762, "(0.5, 4)": 0.8827641772280228, "(1, 4)": 0.8729228041497116, "(2, 4)": 0.8832945101759652, "(3, 4)": 0.9204857585908968, "(4, 4)": 0.9154456212595986, "(0.5, 5)": 0.8815040772572772, "(1, 5)": 0.8758309737123141, "(2, 5)": 0.9073014361974135, "(3, 5)": 0.9326851890629023, "(4, 5)": 0.9271916813250978, "(5, 5)": 0.8854149838483504, "(0.5, 30)": 0.7949717798998989, "(1, 30)": 0.8257851198036363, "(2, 30)": 0.8177604583136996, "(3, 30)": 0.7895531547799027, "(4, 30)": 0.8094933029526579, "(5, 30)": 0.7603458242298582, "(10, 30)": 0.7175848998911355, "(0.5, 60)": 0.7653802600268786, "(1, 60)": 0.8281574481706884, "(2, 60)": 0.799650728409324, "(3, 60)": 0.7903450071727552, "(4, 60)": 0.765342157025393, "(5, 60)": 0.744438456601905, "(10, 60)": 0.6536165457815593}, "recall": {"all_test_sets": 0.7376636132359646, "(0.5, 2)": 0.6077873770531123, "(1, 2)": 0.7243747907736849, "(2, 2)": 0.7230442788508136, "(0.5, 3)": 0.6887161091549371, "(1, 3)": 0.733277622500309, "(2, 3)": 0.7848442475977577, "(3, 3)": 0.7967435960619969, "(0.5, 4)": 0.691620048088503, "(1, 4)": 0.7766848923349126, "(2, 4)": 0.8060008079034443, "(3, 4)": 0.8289584485225706, "(4, 4)": 0.8454063679448084, "(0.5, 5)": 0.6970446567345042, "(1, 5)": 0.7846973850243831, "(2, 5)": 0.828745067045394, "(3, 5)": 0.8890583859837022, "(4, 5)": 0.8866977827219731, "(5, 5)": 0.8381854068380523, "(0.5, 30)": 0.6615212757407007, "(1, 30)": 0.8328974107963621, "(2, 30)": 0.8008380157423658, "(3, 30)": 0.6794291545769772, "(4, 30)": 0.6809199485521499, "(5, 30)": 0.6730593865598785, "(10, 30)": 0.7020853124892319, "(0.5, 60)": 0.6602383292769496, "(1, 60)": 0.7469284590175814, "(2, 60)": 0.7337504750081727, "(3, 60)": 0.6513366799483433, "(4, 60)": 0.6469350356222222, "(5, 60)": 0.5993739927978715, "(10, 60)": 0.6355066565002903}}