{
    "Timeout": [
        4,
        60
    ],
    "Mean of all scores": {
        "f1Mean": 0.8982835315693046,
        "accMean": 0.9965569284074329,
        "recMean": 0.880028376087345,
        "precMean": 0.940120812527345
    },
    "Std of all Scores": {
        "f1Std": 0.06306468324796229,
        "accStd": 0.004250801957787237,
        "recStd": 0.07289056714829054,
        "precStd": 0.04700253207017356
    }
}