{
    "Timeout": [
        2,
        3
    ],
    "Mean of all scores": {
        "f1Mean": 0.903274879616838,
        "accMean": 0.9961918488178018,
        "recMean": 0.8844654000391902,
        "precMean": 0.9478913865681093
    },
    "Std of all Scores": {
        "f1Std": 0.046633967082930196,
        "accStd": 0.0037077491677660977,
        "recStd": 0.05456397908995453,
        "precStd": 0.05023787488091531
    }
}