{
    "Timeout": [
        5,
        5
    ],
    "Mean of all scores": {
        "f1Mean": 0.9189983524500507,
        "accMean": 0.9964572848655431,
        "recMean": 0.9030586260406078,
        "precMean": 0.9511499261002259
    },
    "Std of all Scores": {
        "f1Std": 0.0344112482731269,
        "accStd": 0.004145160173921911,
        "recStd": 0.0445678629015496,
        "precStd": 0.03136949178562969
    }
}