{
    "Timeout": [
        3,
        60
    ],
    "Mean of all scores": {
        "f1Mean": 0.8671880538598433,
        "accMean": 0.9966194837551974,
        "recMean": 0.8540504335028132,
        "precMean": 0.8996754171406778
    },
    "Std of all Scores": {
        "f1Std": 0.0333846973215431,
        "accStd": 0.004242273907825069,
        "recStd": 0.04458892134734715,
        "precStd": 0.028963722500010277
    }
}