{
    "Timeout": [
        3,
        30
    ],
    "Mean of all scores": {
        "f1Mean": 0.8776337785724477,
        "accMean": 0.996648373668665,
        "recMean": 0.8624950244385591,
        "precMean": 0.9135600563557602
    },
    "Std of all Scores": {
        "f1Std": 0.03527911880712257,
        "accStd": 0.004242054199701174,
        "recStd": 0.04552000995016691,
        "precStd": 0.025245903006055583
    }
}