{
    "Timeout": [
        4,
        5
    ],
    "Mean of all scores": {
        "f1Mean": 0.9225922393353521,
        "accMean": 0.9965304423073782,
        "recMean": 0.9027338068617732,
        "precMean": 0.9641337313185296
    },
    "Std of all Scores": {
        "f1Std": 0.029149576717656833,
        "accStd": 0.004132362401124985,
        "recStd": 0.038096660241649184,
        "precStd": 0.03431791930729308
    }
}