{
    "Timeout": [
        0.5,
        5
    ],
    "Mean of all scores": {
        "f1Mean": 0.947325542440795,
        "accMean": 0.9970002438576107,
        "recMean": 0.9280846344554228,
        "precMean": 0.9790147718799507
    },
    "Std of all Scores": {
        "f1Std": 0.03347804955568398,
        "accStd": 0.0034976938293597147,
        "recStd": 0.043450556531059795,
        "precStd": 0.02509928475503265
    }
}