{
    "Timeout": [
        1,
        4
    ],
    "Mean of all scores": {
        "f1Mean": 0.9203768110037428,
        "accMean": 0.9969087201666099,
        "recMean": 0.9008373290363043,
        "precMean": 0.9535455304957271
    },
    "Std of all Scores": {
        "f1Std": 0.047932327920842385,
        "accStd": 0.0037680223637017916,
        "recStd": 0.052145462661118615,
        "precStd": 0.050676313881941035
    }
}