{
    "Timeout": [
        0.5,
        30
    ],
    "Mean of all scores": {
        "f1Mean": 0.9469396761746868,
        "accMean": 0.996947163556585,
        "recMean": 0.9272721749624303,
        "precMean": 0.9783999374574763
    },
    "Std of all Scores": {
        "f1Std": 0.030274639971557653,
        "accStd": 0.0034605569886817285,
        "recStd": 0.04017315889957522,
        "precStd": 0.024646723796268564
    }
}