{
    "Timeout": [
        2,
        5
    ],
    "Mean of all scores": {
        "f1Mean": 0.9330025281432242,
        "accMean": 0.9965521033661539,
        "recMean": 0.9130237428491718,
        "precMean": 0.9767777289261191
    },
    "Std of all Scores": {
        "f1Std": 0.042399251566302885,
        "accStd": 0.004055643948013904,
        "recStd": 0.05428895959884264,
        "precStd": 0.02364924867920813
    }
}