{
    "Timeout": [
        3,
        4
    ],
    "Mean of all scores": {
        "f1Mean": 0.9236731791019259,
        "accMean": 0.9965868269273972,
        "recMean": 0.9015940780881435,
        "precMean": 0.9640176319934819
    },
    "Std of all Scores": {
        "f1Std": 0.05871464717675788,
        "accStd": 0.0041366666072748135,
        "recStd": 0.06669167158042907,
        "precStd": 0.0504917452522658
    }
}