{
    "Timeout": [
        0.5,
        4
    ],
    "Mean of all scores": {
        "f1Mean": 0.9469135680219903,
        "accMean": 0.9970032205125344,
        "recMean": 0.9271659186839487,
        "precMean": 0.9789405409745292
    },
    "Std of all Scores": {
        "f1Std": 0.039018458320739594,
        "accStd": 0.0034950254403298404,
        "recStd": 0.052178137217667786,
        "precStd": 0.02496129282259666
    }
}