{
    "Timeout": [
        1,
        3
    ],
    "Mean of all scores": {
        "f1Mean": 0.9213055757908671,
        "accMean": 0.9969751349046898,
        "recMean": 0.9038634362880205,
        "precMean": 0.9534289876163579
    },
    "Std of all Scores": {
        "f1Std": 0.04813715989614837,
        "accStd": 0.003722996746918596,
        "recStd": 0.05178291127647622,
        "precStd": 0.055136494494879514
    }
}