{
    "Timeout": [
        0.5,
        60
    ],
    "Mean of all scores": {
        "f1Mean": 0.9497698043854156,
        "accMean": 0.9970006330574848,
        "recMean": 0.9319451091939033,
        "precMean": 0.9785406712568359
    },
    "Std of all Scores": {
        "f1Std": 0.03452428063077564,
        "accStd": 0.003500835316158844,
        "recStd": 0.044821237579942816,
        "precStd": 0.024821787398207177
    }
}