{
    "Timeout": [
        5,
        60
    ],
    "Mean of all scores": {
        "f1Mean": 0.9059866826847301,
        "accMean": 0.9966445913179605,
        "recMean": 0.889641308424172,
        "precMean": 0.9413293715752833
    },
    "Std of all Scores": {
        "f1Std": 0.05464811739769561,
        "accStd": 0.004376144527157223,
        "recStd": 0.06039769272511934,
        "precStd": 0.047541352103216854
    }
}