{
    "Timeout": [
        2,
        2
    ],
    "Mean of all scores": {
        "f1Mean": 0.9220992136134623,
        "accMean": 0.9964613429996095,
        "recMean": 0.8978903116580057,
        "precMean": 0.9776939245363593
    },
    "Std of all Scores": {
        "f1Std": 0.04514917957974962,
        "accStd": 0.0037264121937367134,
        "recStd": 0.05633537885568368,
        "precStd": 0.023599216805504766
    }
}