{
    "Timeout": [
        3,
        3
    ],
    "Mean of all scores": {
        "f1Mean": 0.9137304554422793,
        "accMean": 0.9914251012691475,
        "recMean": 0.8916680671271573,
        "precMean": 0.9616867459606293
    },
    "Std of all Scores": {
        "f1Std": 0.05682837836765745,
        "accStd": 0.01001044579210271,
        "recStd": 0.06933659269267549,
        "precStd": 0.04940486282206451
    }
}