{
    "Timeout": [
        10,
        30
    ],
    "Mean of all scores": {
        "f1Mean": 0.8958413883370488,
        "accMean": 0.9963349091001362,
        "recMean": 0.8784639758820019,
        "precMean": 0.9375793622996336
    },
    "Std of all Scores": {
        "f1Std": 0.053115667812112896,
        "accStd": 0.004567966389612596,
        "recStd": 0.06250045309973895,
        "precStd": 0.03178580031388432
    }
}