{
    "Timeout": [
        10,
        60
    ],
    "Mean of all scores": {
        "f1Mean": 0.8627194642816208,
        "accMean": 0.996323416138641,
        "recMean": 0.8493329949269006,
        "precMean": 0.8975990811801763
    },
    "Std of all Scores": {
        "f1Std": 0.041988195262438875,
        "accStd": 0.004580940593778612,
        "recStd": 0.051107458726943895,
        "precStd": 0.0345582439287154
    }
}