{
    "Timeout": [
        3,
        5
    ],
    "Mean of all scores": {
        "f1Mean": 0.9258932483930377,
        "accMean": 0.9965738873637127,
        "recMean": 0.9069442582228844,
        "precMean": 0.9640068441640868
    },
    "Std of all Scores": {
        "f1Std": 0.03151646439751574,
        "accStd": 0.0040886915498095575,
        "recStd": 0.04294136791812735,
        "precStd": 0.026571823146909743
    }
}