{
    "Timeout": [
        2,
        4
    ],
    "Mean of all scores": {
        "f1Mean": 0.9217693829926272,
        "accMean": 0.9965961662349514,
        "recMean": 0.8983128142311845,
        "precMean": 0.9658952160757787
    },
    "Std of all Scores": {
        "f1Std": 0.055470020264501325,
        "accStd": 0.004066686962908851,
        "recStd": 0.0635729146012234,
        "precStd": 0.05106162114982652
    }
}