{
    "Timeout": [
        0.5,
        2
    ],
    "Mean of all scores": {
        "f1Mean": 0.9452382050402204,
        "accMean": 0.9970384333058442,
        "recMean": 0.9264700870388044,
        "precMean": 0.9784891661325006
    },
    "Std of all Scores": {
        "f1Std": 0.027602269535107315,
        "accStd": 0.003467854103396083,
        "recStd": 0.035227924644606966,
        "precStd": 0.02476605922021846
    }
}