{
    "Timeout": [
        1,
        5
    ],
    "Mean of all scores": {
        "f1Mean": 0.9236184712022283,
        "accMean": 0.9969558381001429,
        "recMean": 0.9071305817531963,
        "precMean": 0.9534843678619751
    },
    "Std of all Scores": {
        "f1Std": 0.049163730348516746,
        "accStd": 0.003773392182452304,
        "recStd": 0.0527878593044177,
        "precStd": 0.0551713975646684
    }
}