{
    "Timeout": [
        2,
        60
    ],
    "Mean of all scores": {
        "f1Mean": 0.9028528830602578,
        "accMean": 0.996599505818067,
        "recMean": 0.8837540395896619,
        "precMean": 0.9400860254776816
    },
    "Std of all Scores": {
        "f1Std": 0.05825586247443802,
        "accStd": 0.004194500925400687,
        "recStd": 0.06729364327149978,
        "precStd": 0.04797260459580948
    }
}