{
    "Timeout": [
        4,
        30
    ],
    "Mean of all scores": {
        "f1Mean": 0.8889130973530597,
        "accMean": 0.9965610264264526,
        "recMean": 0.8716651026945286,
        "precMean": 0.9269818022386644
    },
    "Std of all Scores": {
        "f1Std": 0.05147690765821861,
        "accStd": 0.0042625222026332135,
        "recStd": 0.05863136474920037,
        "precStd": 0.04273161721548452
    }
}