{
    "Timeout": [
        1,
        60
    ],
    "Mean of all scores": {
        "f1Mean": 0.9259241531546492,
        "accMean": 0.9969091027820409,
        "recMean": 0.9085888869129548,
        "precMean": 0.9536167881828783
    },
    "Std of all Scores": {
        "f1Std": 0.03188413576453898,
        "accStd": 0.0037809837635054094,
        "recStd": 0.03994106263916192,
        "precStd": 0.03499937164498223
    }
}