{
    "Timeout": [
        1,
        30
    ],
    "Mean of all scores": {
        "f1Mean": 0.9371248332317863,
        "accMean": 0.9968668894993691,
        "recMean": 0.9128913653060666,
        "precMean": 0.9789839085531927
    },
    "Std of all Scores": {
        "f1Std": 0.02969737138619995,
        "accStd": 0.0037251917881698363,
        "recStd": 0.039659820704614344,
        "precStd": 0.025135744022679683
    }
}