{
    "Timeout": [
        4,
        4
    ],
    "Mean of all scores": {
        "f1Mean": 0.9213852234641614,
        "accMean": 0.9965669828735001,
        "recMean": 0.8988884875455472,
        "precMean": 0.9651196666387364
    },
    "Std of all Scores": {
        "f1Std": 0.05582770062119787,
        "accStd": 0.004178471943877075,
        "recStd": 0.0636012774592472,
        "precStd": 0.05088659137980896
    }
}