{
    "Timeout": [
        5,
        30
    ],
    "Mean of all scores": {
        "f1Mean": 0.8821830874313514,
        "accMean": 0.9966370380721209,
        "recMean": 0.8681722993711741,
        "precMean": 0.9146579009246698
    },
    "Std of all Scores": {
        "f1Std": 0.029755078074675017,
        "accStd": 0.004381444449659834,
        "recStd": 0.03787521715994434,
        "precStd": 0.02568796097681387
    }
}