{
    "Timeout": [
        0.5,
        3
    ],
    "Mean of all scores": {
        "f1Mean": 0.9303404701817799,
        "accMean": 0.9970163009467722,
        "recMean": 0.9160608071642768,
        "precMean": 0.9521661819154149
    },
    "Std of all Scores": {
        "f1Std": 0.02811390492213343,
        "accStd": 0.0035032555084127206,
        "recStd": 0.035182857383167794,
        "precStd": 0.032580424707977035
    }
}