{
    "Timeout": [
        1,
        2
    ],
    "Mean of all scores": {
        "f1Mean": 0.927289843878162,
        "accMean": 0.9970201440721069,
        "recMean": 0.9095347526998708,
        "precMean": 0.9673589841098792
    },
    "Std of all Scores": {
        "f1Std": 0.040769372479097475,
        "accStd": 0.003698442945843906,
        "recStd": 0.04651864469023014,
        "precStd": 0.037050839728989704
    }
}