{
    "Timeout": [
        2,
        30
    ],
    "Mean of all scores": {
        "f1Mean": 0.9073344941160041,
        "accMean": 0.9966075981443817,
        "recMean": 0.8905727284492351,
        "precMean": 0.9398469314871261
    },
    "Std of all Scores": {
        "f1Std": 0.06262813524022104,
        "accStd": 0.004183689420871455,
        "recStd": 0.07199539164913801,
        "precStd": 0.052116497326708616
    }
}