{
    "Best score": {
        "Best Timeout": [
            0.5,
            2
        ],
        "Accuracy": 0.9967285019076186,
        "F1 Score": 0.943441822753695,
        "Precision": 0.9622221212662959,
        "Recall": 0.9368254756886989
    },
    "Worst score": {
        "Worst Timeout": [
            10,
            60
        ],
        "Accuracy": 0.9961634088672031,
        "F1 Score": 0.8438131029099178,
        "Precision": 0.8523419682496746,
        "Recall": 0.8557793636968679
    },
    "Difference": {
        "Accuracy": 0.05650930404155208,
        "F1 Score": 9.962871984377719,
        "Precision": 10.988015301662134,
        "Recall": 8.104611199183099
    }
}