{
    "Best score": {
        "Best Timeout": [
            0.5,
            60
        ],
        "Accuracy": 0.9970006330574848,
        "F1 Score": 0.9497698043854156,
        "Precision": 0.9785406712568359,
        "Recall": 0.9319451091939033
    },
    "Worst score": {
        "Worst Timeout": [
            10,
            60
        ],
        "Accuracy": 0.996323416138641,
        "F1 Score": 0.8627194642816208,
        "Precision": 0.8975990811801763,
        "Recall": 0.8493329949269006
    },
    "Difference": {
        "Accuracy": 0.06772169188438149,
        "F1 Score": 8.705034010379475,
        "Precision": 8.094159007665958,
        "Recall": 8.261211426700266
    }
}