{
    "Timeout": 10,
    "Mean of all scores": {
        "f1Mean": 0.6133803828803706,
        "accMean": 0.8417096644271483,
        "recMean": 0.6825684511473616,
        "precMean": 0.6047253452874453
    },
    "Std of all Scores": {
        "f1Std": 0.11235665170278031,
        "accStd": 0.08098796172223505,
        "recStd": 0.07343572194079591,
        "precStd": 0.11391134711692964
    }
}