{
    "Timeout": 5,
    "Mean of all scores": {
        "f1Mean": 0.5553699710613901,
        "accMean": 0.7629149332221307,
        "recMean": 0.6611454472001441,
        "precMean": 0.5516345123133874
    },
    "Std of all Scores": {
        "f1Std": 0.11129148642286929,
        "accStd": 0.17742301498464783,
        "recStd": 0.06466800662850354,
        "precStd": 0.1219474192596221
    }
}