{
    "Timeout": "default",
    "Mean of all scores": {
        "f1Mean": 0.6286032330601234,
        "accMean": 0.8425316578785456,
        "recMean": 0.6873508678488847,
        "precMean": 0.6328122144754313
    },
    "Std of all Scores": {
        "f1Std": 0.07101810494374114,
        "accStd": 0.0939230652885137,
        "recStd": 0.061688779601287665,
        "precStd": 0.07726125466494979
    }
}