{
    "Timeout": 1,
    "Mean of all scores": {
        "f1Mean": 0.6021513510036641,
        "accMean": 0.8148697993924501,
        "recMean": 0.6856761019721919,
        "precMean": 0.6014969338828406
    },
    "Std of all Scores": {
        "f1Std": 0.09588855069137589,
        "accStd": 0.15472908607006322,
        "recStd": 0.0244652585857449,
        "precStd": 0.09904108918137638
    }
}