{
    "Timeout": 60,
    "Mean of all scores": {
        "f1Mean": 0.5947184046862989,
        "accMean": 0.7742077521899022,
        "recMean": 0.6641899082975337,
        "precMean": 0.6001581006813084
    },
    "Std of all Scores": {
        "f1Std": 0.09615579288779519,
        "accStd": 0.15745432679257768,
        "recStd": 0.05180318242291841,
        "precStd": 0.09902103098223256
    }
}