{
    "Best score": {
        "Best Timeout": 5,
        "Accuracy": 0.9532513051943168,
        "F1 Score": 0.22664133712585444,
        "Precision": 0.4280026930338643,
        "Recall": 0.21359806908175755
    },
    "Worst score": {
        "Worst Timeout": 4,
        "Accuracy": 0.9532548494588402,
        "F1 Score": 0.21270302226218832,
        "Precision": 0.400078988713514,
        "Recall": 0.20451722795674138
    },
    "Difference": {
        "Accuracy": -0.0003544264523425156,
        "F1 Score": 1.393831486366612,
        "Precision": 2.7923704320350295,
        "Recall": 0.908084112501617
    }
}