{
    "Timeout": 6,
    "Mean of all scores": {
        "f1Mean": 0.2819224422861546,
        "accMean": 0.9749923768430271,
        "recMean": 0.27066878472956646,
        "precMean": 0.41539929396915626
    },
    "Std of all Scores": {
        "f1Std": 0.061425309276557684,
        "accStd": 0.010869495654470044,
        "recStd": 0.07488986582877498,
        "precStd": 0.10590197296483352
    }
}