{
    "Timeout": 2,
    "Mean of all scores": {
        "f1Mean": 0.2848469421271074,
        "accMean": 0.9742325830924111,
        "recMean": 0.2750137706038462,
        "precMean": 0.4146287532191749
    },
    "Std of all Scores": {
        "f1Std": 0.06439142064015345,
        "accStd": 0.012822016216963215,
        "recStd": 0.0757324093893809,
        "precStd": 0.10570149027524073
    }
}