{
    "Timeout": "default",
    "Mean of all scores": {
        "f1Mean": 0.2821764794785289,
        "accMean": 0.9741876465881502,
        "recMean": 0.27529942387454687,
        "precMean": 0.40047926608942747
    },
    "Std of all Scores": {
        "f1Std": 0.06584206622083554,
        "accStd": 0.012850114147820602,
        "recStd": 0.07730881656388865,
        "precStd": 0.1057355854499046
    }
}