{
    "Timeout": 1,
    "Mean of all scores": {
        "f1Mean": 0.2692062383148125,
        "accMean": 0.9747837430732442,
        "recMean": 0.2558095383492639,
        "precMean": 0.4028987273454387
    },
    "Std of all Scores": {
        "f1Std": 0.053174558252051835,
        "accStd": 0.011773501001246127,
        "recStd": 0.06524438093709921,
        "precStd": 0.10251763584389914
    }
}