{
    "Timeout": 0.5,
    "Mean of all scores": {
        "f1Mean": 0.282176551873622,
        "accMean": 0.9742940268839515,
        "recMean": 0.2755756362318677,
        "precMean": 0.400690457214823
    },
    "Std of all Scores": {
        "f1Std": 0.06438636659744947,
        "accStd": 0.012881245839806606,
        "recStd": 0.07842694837153792,
        "precStd": 0.10099666807049751
    }
}