{
    "Timeout": 5,
    "Mean of all scores": {
        "f1Mean": 0.2915265708913541,
        "accMean": 0.9749818305205986,
        "recMean": 0.2776791418417203,
        "precMean": 0.4415238048140627
    },
    "Std of all Scores": {
        "f1Std": 0.0645890709539341,
        "accStd": 0.01124039777622076,
        "recStd": 0.07408001532612642,
        "precStd": 0.11673564027408072
    }
}