{
    "Timeout": 4,
    "Mean of all scores": {
        "f1Mean": 0.28011940468652013,
        "accMean": 0.974363265783374,
        "recMean": 0.2732476905296805,
        "precMean": 0.4021422077929242
    },
    "Std of all Scores": {
        "f1Std": 0.06496933084139415,
        "accStd": 0.012881629055412446,
        "recStd": 0.0771102837885613,
        "precStd": 0.10691017508237213
    }
}