{
    "Timeout": 3,
    "Mean of all scores": {
        "f1Mean": 0.2906344365133428,
        "accMean": 0.974193607553001,
        "recMean": 0.2811917521712236,
        "precMean": 0.4344962842495555
    },
    "Std of all Scores": {
        "f1Std": 0.06980863743631321,
        "accStd": 0.013598791265046881,
        "recStd": 0.07706315454246247,
        "precStd": 0.12492936180797032
    }
}