{
    "Timeout": 60,
    "Mean of all scores": {
        "f1Mean": 0.2958043765731388,
        "accMean": 0.9748607770805486,
        "recMean": 0.28066591959078196,
        "precMean": 0.4332457980772425
    },
    "Std of all Scores": {
        "f1Std": 0.06929691709657923,
        "accStd": 0.012086436958630667,
        "recStd": 0.07653075689396195,
        "precStd": 0.10235572875915444
    }
}