{
    "Timeout": 10,
    "Mean of all scores": {
        "f1Mean": 0.2907074149844743,
        "accMean": 0.9740088176426218,
        "recMean": 0.2818969904522302,
        "precMean": 0.43636269073206024
    },
    "Std of all Scores": {
        "f1Std": 0.07093812052711186,
        "accStd": 0.013987638408836251,
        "recStd": 0.07730912198288574,
        "precStd": 0.12805798696241416
    }
}