{
    "Timeout": 30,
    "Mean of all scores": {
        "f1Mean": 0.2832735368415756,
        "accMean": 0.9746626896331945,
        "recMean": 0.2740403486401845,
        "precMean": 0.40606113662519994
    },
    "Std of all Scores": {
        "f1Std": 0.06501645211130513,
        "accStd": 0.012487406469184401,
        "recStd": 0.07530644484397682,
        "precStd": 0.10632497808423498
    }
}