{
    "Best score": {
        "Best Timeout": [
            5,
            60
        ],
        "Mean Scores (Best)": {
            "f1Mean": 0.7342473598339057,
            "accMean": 0.9876591701291437,
            "recMean": 0.7255895439806894,
            "precMean": 0.7717838208392581
        },
        "Std Scores (Best)": {
            "f1Std": 0.019310698199600705,
            "accStd": 0.0032020019005501994,
            "recStd": 0.007611444749275763,
            "precStd": 0.06729512987901248
        }
    },
    "Worst score": {
        "Worst Timeout": [
            0.5,
            2
        ],
        "Mean Scores (Worst)": {
            "f1Mean": 0.727919352769024,
            "accMean": 0.9873979250245188,
            "recMean": 0.7163903629104751,
            "precMean": 0.7647216536607813
        },
        "Std Scores (Worst)": {
            "f1Std": 0.019478274339293247,
            "accStd": 0.0032868258338943587,
            "recStd": 0.006095144492869859,
            "precStd": 0.06558796513187659
        }
    },
    "Difference": {
        "Accuracy": 0.026124510462488537,
        "F1 Score": 0.632800706488168,
        "Precision": 0.7062167178476852,
        "Recall": 0.9199181070214335
    }
}