{
    "Best score": {
        "Best Timeout": [
            5,
            5
        ],
        "Mean Scores (Best)": {
            "f1Mean": 0.6204771832050486,
            "accMean": 0.9872118458338679,
            "recMean": 0.6006456671675517,
            "precMean": 0.6873414554257925
        },
        "Std Scores (Best)": {
            "f1Std": 0.01924877118725694,
            "accStd": 0.0025144814448416534,
            "recStd": 0.011721903571034135,
            "precStd": 0.059965698272801404
        }
    },
    "Worst score": {
        "Worst Timeout": [
            4,
            60
        ],
        "Mean Scores (Worst)": {
            "f1Mean": 0.6003694689216568,
            "accMean": 0.9862542317406193,
            "recMean": 0.5854240547326686,
            "precMean": 0.6984860474987927
        },
        "Std Scores (Worst)": {
            "f1Std": 0.007479278470207558,
            "accStd": 0.0026617060383723663,
            "recStd": 0.01922047099897969,
            "precStd": 0.05885844133063189
        }
    },
    "Difference": {
        "Accuracy": 0.0957614093248571,
        "F1 Score": 2.0107714283391864,
        "Precision": -1.1144592073000226,
        "Recall": 1.522161243488318
    }
}