{
    "Best score": {
        "Best Timeout": [
            2,
            60
        ],
        "Mean Scores (Best)": {
            "f1Mean": 0.7314977701162555,
            "accMean": 0.9877789502128834,
            "recMean": 0.7221376252102373,
            "precMean": 0.7690021144242354
        },
        "Std Scores (Best)": {
            "f1Std": 0.017292482309190765,
            "accStd": 0.0030696716065319626,
            "recStd": 0.010271826477481587,
            "precStd": 0.06400907415298697
        }
    },
    "Worst score": {
        "Worst Timeout": [
            1,
            30
        ],
        "Mean Scores (Worst)": {
            "f1Mean": 0.7272608460925207,
            "accMean": 0.9876468698179968,
            "recMean": 0.7162335544901789,
            "precMean": 0.7672747993108052
        },
        "Std Scores (Worst)": {
            "f1Std": 0.01882637169826683,
            "accStd": 0.0031456995851551544,
            "recStd": 0.0071042466128469674,
            "precStd": 0.06529936964371949
        }
    },
    "Difference": {
        "Accuracy": 0.01320803948866578,
        "F1 Score": 0.4236924023734767,
        "Precision": 0.17273151134301612,
        "Recall": 0.5904070720058385
    }
}