{
    "Best score": {
        "Best Timeout": [
            4,
            5
        ],
        "Mean Scores (Best)": {
            "f1Mean": 0.7248801803566035,
            "accMean": 0.9881571398228015,
            "recMean": 0.7133492132994818,
            "precMean": 0.7684672278434999
        },
        "Std Scores (Best)": {
            "f1Std": 0.014988248665003857,
            "accStd": 0.0025910006952542496,
            "recStd": 0.007482423641287856,
            "precStd": 0.062354879123533366
        }
    },
    "Worst score": {
        "Worst Timeout": [
            0.5,
            60
        ],
        "Mean Scores (Worst)": {
            "f1Mean": 0.7175076194450114,
            "accMean": 0.987919114896697,
            "recMean": 0.7080174387824691,
            "precMean": 0.7624302060549981
        },
        "Std Scores (Worst)": {
            "f1Std": 0.01802187260336165,
            "accStd": 0.0026567002033118852,
            "recStd": 0.0033690334837858747,
            "precStd": 0.08118695578628274
        }
    },
    "Difference": {
        "Accuracy": 0.023802492610447423,
        "F1 Score": 0.7372560911592108,
        "Precision": 0.603702178850174,
        "Recall": 0.5331774517012611
    }
}