{
    "Best score": {
        "Best Timeout": [
            0.5,
            3
        ],
        "Mean Scores (Best)": {
            "f1Mean": 0.5385025982201224,
            "accMean": 0.9854193579415126,
            "recMean": 0.5305862878354152,
            "precMean": 0.6060281025748958
        },
        "Std Scores (Best)": {
            "f1Std": 0.010739693831363853,
            "accStd": 0.0024138502891582017,
            "recStd": 0.01164069579366274,
            "precStd": 0.0372076861655445
        }
    },
    "Worst score": {
        "Worst Timeout": [
            4,
            60
        ],
        "Mean Scores (Worst)": {
            "f1Mean": 0.5114983481436209,
            "accMean": 0.9857310347185922,
            "recMean": 0.4961080679392261,
            "precMean": 0.6287420530341901
        },
        "Std Scores (Worst)": {
            "f1Std": 0.010389177322929473,
            "accStd": 0.0019387461669609822,
            "recStd": 0.016661909039079607,
            "precStd": 0.06827471398103704
        }
    },
    "Difference": {
        "Accuracy": -0.031167677707966135,
        "F1 Score": 2.7004250076501424,
        "Precision": -2.271395045929425,
        "Recall": 3.4478219896189044
    }
}