{
    "Best score": {
        "Best Timeout": [
            2,
            2
        ],
        "Mean Scores (Best)": {
            "f1Mean": 0.7197034319401785,
            "accMean": 0.9883351548488418,
            "recMean": 0.7083895689649256,
            "precMean": 0.7730769897378899
        },
        "Std Scores (Best)": {
            "f1Std": 0.0177831461270605,
            "accStd": 0.0024935776839261716,
            "recStd": 0.007522545055841562,
            "precStd": 0.08069174604705723
        }
    },
    "Worst score": {
        "Worst Timeout": [
            0.5,
            3
        ],
        "Mean Scores (Worst)": {
            "f1Mean": 0.7149427942094987,
            "accMean": 0.9881034171162018,
            "recMean": 0.7015176718417777,
            "precMean": 0.7674769896601521
        },
        "Std Scores (Worst)": {
            "f1Std": 0.01837623257999105,
            "accStd": 0.0025360563028352908,
            "recStd": 0.005511922067593151,
            "precStd": 0.08350893227882218
        }
    },
    "Difference": {
        "Accuracy": 0.023173773264006936,
        "F1 Score": 0.47606377306798064,
        "Precision": 0.5600000077737755,
        "Recall": 0.6871897123147841
    }
}