{
    "Best score": {
        "Best Timeout": 30,
        "Mean Scores (Best)": {
            "f1Mean": 0.8702412024924845,
            "accMean": 0.9544390848567128,
            "recMean": 0.8892982042002503,
            "precMean": 0.8906997276141666
        },
        "Std Scores (Best)": {
            "f1Std": 0.0343899690644257,
            "accStd": 0.010243457356614144,
            "recStd": 0.030876107152330932,
            "precStd": 0.04886693630877315
        }
    },
    "Worst score": {
        "Worst Timeout": 0.5,
        "Mean Scores (Worst)": {
            "f1Mean": 0.8459183649523123,
            "accMean": 0.9344264305384229,
            "recMean": 0.8742888197508385,
            "precMean": 0.8600399674957835
        },
        "Std Scores (Worst)": {
            "f1Std": 0.06772354820400206,
            "accStd": 0.0427722784774913,
            "recStd": 0.04011938987459781,
            "precStd": 0.07313439592380304
        }
    },
    "Difference": {
        "Accuracy": 2.0012654318289913,
        "F1 Score": 2.432283754017217,
        "Precision": 3.0659760118383117,
        "Recall": 1.50093844494118
    }
}