{
    "Best score": {
        "Best Timeout": [
            1,
            60
        ],
        "Mean Scores (Best)": {
            "f1Mean": 0.963759069967718,
            "accMean": 0.9720938282115451,
            "recMean": 0.9702982075132379,
            "precMean": 0.9753818438433643
        },
        "Std Scores (Best)": {
            "f1Std": 0.04101597194892338,
            "accStd": 0.03610622313587762,
            "recStd": 0.042617513966777924,
            "precStd": 0.039756869547469716
        }
    },
    "Worst score": {
        "Worst Timeout": [
            5,
            60
        ],
        "Mean Scores (Worst)": {
            "f1Mean": 0.959373010636084,
            "accMean": 0.9678252215230512,
            "recMean": 0.968772188703586,
            "precMean": 0.9683970682512459
        },
        "Std Scores (Worst)": {
            "f1Std": 0.04196268542995916,
            "accStd": 0.0403114671561548,
            "recStd": 0.04083078796820167,
            "precStd": 0.04652713625051172
        }
    },
    "Difference": {
        "Accuracy": 0.42686066884939367,
        "F1 Score": 0.438605933163394,
        "Precision": 0.6984775592118408,
        "Recall": 0.15260188096519745
    }
}