{
    "Best score": {
        "Best Timeout": [
            2,
            4
        ],
        "Mean Scores (Best)": {
            "f1Mean": 0.9629910785181928,
            "accMean": 0.9733267098719958,
            "recMean": 0.9700763939003625,
            "precMean": 0.9736435093562132
        },
        "Std Scores (Best)": {
            "f1Std": 0.0409052982119663,
            "accStd": 0.03212216311811167,
            "recStd": 0.04342142476368913,
            "precStd": 0.04101300158693354
        }
    },
    "Worst score": {
        "Worst Timeout": [
            1,
            5
        ],
        "Mean Scores (Worst)": {
            "f1Mean": 0.9590217661783113,
            "accMean": 0.9720433257606924,
            "recMean": 0.9680286158930294,
            "precMean": 0.970722213792697
        },
        "Std Scores (Worst)": {
            "f1Std": 0.04468105554075183,
            "accStd": 0.03332046709269895,
            "recStd": 0.046733211834572665,
            "precStd": 0.04447428143691201
        }
    },
    "Difference": {
        "Accuracy": 0.1283384111303354,
        "F1 Score": 0.39693123398815144,
        "Precision": 0.29212955635162796,
        "Recall": 0.20477780073331342
    }
}