{
    "Timeout": 10,
    "Mean of all scores": {
        "f1Mean": 0.7477660543950497,
        "accMean": 0.7911307903585374,
        "recMean": 0.7387047314174443,
        "precMean": 0.811533229502903
    },
    "Std of all Scores": {
        "f1Std": 0.02376781840371477,
        "accStd": 0.01783728839263436,
        "recStd": 0.020273572456097986,
        "precStd": 0.03157278953022029
    }
}