{
    "Timeout": 0.5,
    "Mean of all scores": {
        "f1Mean": 0.7513022163333832,
        "accMean": 0.7913270521583842,
        "recMean": 0.743082100586006,
        "precMean": 0.8157893745165893
    },
    "Std of all Scores": {
        "f1Std": 0.03227746065882331,
        "accStd": 0.025124633869718603,
        "recStd": 0.027754508057873373,
        "precStd": 0.028177996159473348
    }
}