{
    "Timeout": "default",
    "Mean of all scores": {
        "f1Mean": 0.7508184050075516,
        "accMean": 0.788186464683786,
        "recMean": 0.7422774967234744,
        "precMean": 0.8223613566696459
    },
    "Std of all Scores": {
        "f1Std": 0.02456047141376195,
        "accStd": 0.018226309729934508,
        "recStd": 0.02363101540046182,
        "precStd": 0.022282424823820163
    }
}