{
    "Timeout": 6,
    "Mean of all scores": {
        "f1Mean": 0.7462920177422869,
        "accMean": 0.7960257987059982,
        "recMean": 0.7382384374886676,
        "precMean": 0.804756525385053
    },
    "Std of all Scores": {
        "f1Std": 0.030045720998962355,
        "accStd": 0.022797269922980656,
        "recStd": 0.0320535329754571,
        "precStd": 0.028081165591020134
    }
}