{
    "Timeout": 30,
    "Mean of all scores": {
        "f1Mean": 0.7507460484838071,
        "accMean": 0.7945511069568374,
        "recMean": 0.7458324091352477,
        "precMean": 0.7988384260332231
    },
    "Std of all Scores": {
        "f1Std": 0.02318499015266106,
        "accStd": 0.016039524404813297,
        "recStd": 0.026832397107173323,
        "precStd": 0.018023542931440813
    }
}