{
    "Timeout": 2,
    "Mean of all scores": {
        "f1Mean": 0.7517578472240691,
        "accMean": 0.810193271824688,
        "recMean": 0.7431969575664289,
        "precMean": 0.8273034928632788
    },
    "Std of all Scores": {
        "f1Std": 0.027219561452688733,
        "accStd": 0.0265568236061742,
        "recStd": 0.02634186421064994,
        "precStd": 0.03190359666428208
    }
}