{
    "Timeout": 60,
    "Mean of all scores": {
        "f1Mean": 0.7468153208075625,
        "accMean": 0.8019360798078699,
        "recMean": 0.7385509558964565,
        "precMean": 0.8326386426747625
    },
    "Std of all Scores": {
        "f1Std": 0.03018767715370909,
        "accStd": 0.02708424600599383,
        "recStd": 0.026611714062984827,
        "precStd": 0.04174125489394481
    }
}