{
    "Timeout": 5,
    "Mean of all scores": {
        "f1Mean": 0.7497160600008451,
        "accMean": 0.8013418839126993,
        "recMean": 0.7409110373893669,
        "precMean": 0.7951712383241796
    },
    "Std of all Scores": {
        "f1Std": 0.02459790406082421,
        "accStd": 0.012959423366585903,
        "recStd": 0.020267840615918794,
        "precStd": 0.03711702591252979
    }
}