{
    "Timeout": 1,
    "Mean of all scores": {
        "f1Mean": 0.7450274404549723,
        "accMean": 0.7950805866632205,
        "recMean": 0.7405143533502089,
        "precMean": 0.807680918928216
    },
    "Std of all Scores": {
        "f1Std": 0.03492025655799355,
        "accStd": 0.03354446550330505,
        "recStd": 0.0322418588919558,
        "precStd": 0.03723749914491226
    }
}