{
    "Timeout": 3,
    "Mean of all scores": {
        "f1Mean": 0.7390519332190125,
        "accMean": 0.7944136137043146,
        "recMean": 0.7358947637695202,
        "precMean": 0.8143454738113876
    },
    "Std of all Scores": {
        "f1Std": 0.026243226403499985,
        "accStd": 0.026577011763101344,
        "recStd": 0.03651040952182779,
        "precStd": 0.011143581303118103
    }
}