{
    "Timeout": 4,
    "Mean of all scores": {
        "f1Mean": 0.7381765034642862,
        "accMean": 0.7890614078511025,
        "recMean": 0.7269624370189567,
        "precMean": 0.8148751262892293
    },
    "Std of all Scores": {
        "f1Std": 0.019341067292653672,
        "accStd": 0.023087982643935363,
        "recStd": 0.016838417518516332,
        "precStd": 0.02114510977695336
    }
}