{
    "Timeout": [
        0.5,
        5
    ],
    "Mean of all scores": {
        "f1Mean": 0.9534584220846906,
        "accMean": 0.9969915701044958,
        "recMean": 0.9315018955157746,
        "precMean": 0.9946630699124903
    },
    "Std of all Scores": {
        "f1Std": 0.029890048071611077,
        "accStd": 0.0034607181219749434,
        "recStd": 0.04764050375907493,
        "precStd": 0.006470960114078204
    }
}