{
    "Timeout": [
        5,
        60
    ],
    "Mean of all scores": {
        "f1Mean": 0.9180350253953993,
        "accMean": 0.9966372416752336,
        "recMean": 0.9048279143076204,
        "precMean": 0.95361571403005
    },
    "Std of all Scores": {
        "f1Std": 0.045440085960357465,
        "accStd": 0.004338776033283773,
        "recStd": 0.05197497786513587,
        "precStd": 0.030884336612670402
    }
}