{
    "Timeout": [
        0.5,
        60
    ],
    "Mean of all scores": {
        "f1Mean": 0.9645209284680876,
        "accMean": 0.9970093176005979,
        "recMean": 0.9479870178947281,
        "precMean": 0.9947771670766314
    },
    "Std of all Scores": {
        "f1Std": 0.026361521561711024,
        "accStd": 0.0034605173648349836,
        "recStd": 0.041364737031820184,
        "precStd": 0.0064626677222433156
    }
}