{
    "Timeout": [
        0.5,
        3
    ],
    "Mean of all scores": {
        "f1Mean": 0.9583594310017999,
        "accMean": 0.9970044521071232,
        "recMean": 0.9441887179493174,
        "precMean": 0.9804711557675487
    },
    "Std of all Scores": {
        "f1Std": 0.03517165962246211,
        "accStd": 0.0034563774385447366,
        "recStd": 0.04526255806190728,
        "precStd": 0.02578574811511799
    }
}