{
    "Timeout": [
        1,
        30
    ],
    "Mean of all scores": {
        "f1Mean": 0.9491895738734539,
        "accMean": 0.9967411377888581,
        "recMean": 0.9295625468019602,
        "precMean": 0.9901656553117395
    },
    "Std of all Scores": {
        "f1Std": 0.03117681995056255,
        "accStd": 0.0036608846509186654,
        "recStd": 0.04745838597882205,
        "precStd": 0.006260757412694796
    }
}