{
    "Timeout": [
        2,
        2
    ],
    "Mean of all scores": {
        "f1Mean": 0.9396604011208618,
        "accMean": 0.9965519091696079,
        "recMean": 0.9212784026047922,
        "precMean": 0.9909102320947708
    },
    "Std of all Scores": {
        "f1Std": 0.041599993374148894,
        "accStd": 0.0037538845496646695,
        "recStd": 0.05562374525525077,
        "precStd": 0.00660673244599029
    }
}