{
    "Timeout": [
        2,
        30
    ],
    "Mean of all scores": {
        "f1Mean": 0.9240715617849921,
        "accMean": 0.9966086864272438,
        "recMean": 0.9126292096411598,
        "precMean": 0.9528809761373092
    },
    "Std of all Scores": {
        "f1Std": 0.04719334811141652,
        "accStd": 0.0041244608314458305,
        "recStd": 0.05587096570714469,
        "precStd": 0.03682337186898617
    }
}