{
    "Timeout": [
        5,
        30
    ],
    "Mean of all scores": {
        "f1Mean": 0.9140300746975246,
        "accMean": 0.9966313870280483,
        "recMean": 0.9055508917183334,
        "precMean": 0.9408095114662844
    },
    "Std of all Scores": {
        "f1Std": 0.05313776651260888,
        "accStd": 0.004329013342003297,
        "recStd": 0.05911038755915461,
        "precStd": 0.04728981336143723
    }
}