{
    "Timeout": [
        3,
        5
    ],
    "Mean of all scores": {
        "f1Mean": 0.9432140999765298,
        "accMean": 0.9967223558438544,
        "recMean": 0.9240555957470317,
        "precMean": 0.9805533683475739
    },
    "Std of all Scores": {
        "f1Std": 0.03366890568897289,
        "accStd": 0.004135085516057209,
        "recStd": 0.04200892757916253,
        "precStd": 0.025470160039776715
    }
}