{
    "Timeout": [
        1,
        3
    ],
    "Mean of all scores": {
        "f1Mean": 0.9335345251430969,
        "accMean": 0.9967504173639903,
        "recMean": 0.9140206785915623,
        "precMean": 0.9789116547905712
    },
    "Std of all Scores": {
        "f1Std": 0.04636591986347854,
        "accStd": 0.0036044116878306497,
        "recStd": 0.05644243984214861,
        "precStd": 0.02547422035360547
    }
}