{
    "Timeout": [
        10,
        30
    ],
    "Mean of all scores": {
        "f1Mean": 0.9043056849772615,
        "accMean": 0.9963378893316645,
        "recMean": 0.8943395083059554,
        "precMean": 0.9349700547410176
    },
    "Std of all Scores": {
        "f1Std": 0.05545559382015071,
        "accStd": 0.004524780565241556,
        "recStd": 0.06097024679422148,
        "precStd": 0.03503329533216954
    }
}