{
    "Timeout": [
        5,
        5
    ],
    "Mean of all scores": {
        "f1Mean": 0.9478642449828143,
        "accMean": 0.9966279451329161,
        "recMean": 0.9323430512171293,
        "precMean": 0.9799421319060079
    },
    "Std of all Scores": {
        "f1Std": 0.037982732353994235,
        "accStd": 0.004188960555742856,
        "recStd": 0.050392097734601383,
        "precStd": 0.025502607761282162
    }
}