{
    "Timeout": [
        3,
        3
    ],
    "Mean of all scores": {
        "f1Mean": 0.9250818846707654,
        "accMean": 0.9922970724348434,
        "recMean": 0.907460209950172,
        "precMean": 0.9748285291570646
    },
    "Std of all Scores": {
        "f1Std": 0.048629099195101055,
        "accStd": 0.008515216372854831,
        "recStd": 0.06364271170172084,
        "precStd": 0.024251494189460095
    }
}