{
    "Timeout": [
        1,
        60
    ],
    "Mean of all scores": {
        "f1Mean": 0.9555914969332461,
        "accMean": 0.996907646202672,
        "recMean": 0.9384058658897849,
        "precMean": 0.9932052764021918
    },
    "Std of all Scores": {
        "f1Std": 0.03294474708660882,
        "accStd": 0.0037617377266125273,
        "recStd": 0.04799898991549447,
        "precStd": 0.006517632299927489
    }
}