{
    "Timeout": [
        3,
        30
    ],
    "Mean of all scores": {
        "f1Mean": 0.9104750671408139,
        "accMean": 0.9966445093549805,
        "recMean": 0.9012643256038831,
        "precMean": 0.9395759208211427
    },
    "Std of all Scores": {
        "f1Std": 0.046498835791106405,
        "accStd": 0.004199603908882353,
        "recStd": 0.04950597110841985,
        "precStd": 0.04707552352203566
    }
}