{
    "Timeout": [
        3,
        60
    ],
    "Mean of all scores": {
        "f1Mean": 0.9043693934560842,
        "accMean": 0.996630527825727,
        "recMean": 0.8977244085049986,
        "precMean": 0.9270744686529231
    },
    "Std of all Scores": {
        "f1Std": 0.045959387819093575,
        "accStd": 0.00418327959520362,
        "recStd": 0.052894995667486754,
        "precStd": 0.04191310600635133
    }
}