{
    "Timeout": [
        0.5,
        2
    ],
    "Mean of all scores": {
        "f1Mean": 0.9558021282950335,
        "accMean": 0.9970271054038623,
        "recMean": 0.9368169365314793,
        "precMean": 0.9938019597702414
    },
    "Std of all Scores": {
        "f1Std": 0.03256903080495247,
        "accStd": 0.003432892883184884,
        "recStd": 0.04995102525458301,
        "precStd": 0.005987122798075507
    }
}