{
    "Timeout": [
        1,
        2
    ],
    "Mean of all scores": {
        "f1Mean": 0.9501036722327745,
        "accMean": 0.9967916159023433,
        "recMean": 0.93313631159212,
        "precMean": 0.9801839337918123
    },
    "Std of all Scores": {
        "f1Std": 0.04171864942435147,
        "accStd": 0.0035725330839662035,
        "recStd": 0.053752031970703655,
        "precStd": 0.02600829131261737
    }
}