{
    "Timeout": [
        4,
        5
    ],
    "Mean of all scores": {
        "f1Mean": 0.9507296993533707,
        "accMean": 0.9966953483435923,
        "recMean": 0.9362763578323434,
        "precMean": 0.9810317395981876
    },
    "Std of all Scores": {
        "f1Std": 0.03633805832699629,
        "accStd": 0.00416617200326151,
        "recStd": 0.04756846163039238,
        "precStd": 0.025877519903043343
    }
}