{
    "Timeout": [
        4,
        30
    ],
    "Mean of all scores": {
        "f1Mean": 0.9248386988081416,
        "accMean": 0.9966569718392726,
        "recMean": 0.9155278598472781,
        "precMean": 0.9531387260150804
    },
    "Std of all Scores": {
        "f1Std": 0.05503366944200372,
        "accStd": 0.004262373490072961,
        "recStd": 0.06503664872680208,
        "precStd": 0.031942848728757606
    }
}