{
    "Timeout": [
        10,
        60
    ],
    "Mean of all scores": {
        "f1Mean": 0.8928649279885977,
        "accMean": 0.9963210279720066,
        "recMean": 0.8814320901961787,
        "precMean": 0.9221140612633052
    },
    "Std of all Scores": {
        "f1Std": 0.04981985194836592,
        "accStd": 0.004525558253029621,
        "recStd": 0.04995055643567307,
        "precStd": 0.04487745131098145
    }
}