{
    "Timeout": [
        1,
        5
    ],
    "Mean of all scores": {
        "f1Mean": 0.9463630713313547,
        "accMean": 0.996692391786674,
        "recMean": 0.9302519179047856,
        "precMean": 0.9785725629806029
    },
    "Std of all Scores": {
        "f1Std": 0.04615508931379724,
        "accStd": 0.003658193895415367,
        "recStd": 0.0573645287167807,
        "precStd": 0.02525711753448654
    }
}