{
    "Timeout": [
        4,
        60
    ],
    "Mean of all scores": {
        "f1Mean": 0.917676326397251,
        "accMean": 0.9966272293344567,
        "recMean": 0.9054255247274975,
        "precMean": 0.953135552025965
    },
    "Std of all Scores": {
        "f1Std": 0.04649245918074502,
        "accStd": 0.004243479471852742,
        "recStd": 0.05331501512601123,
        "precStd": 0.030280990615193636
    }
}