{
    "Timeout": [
        0.5,
        4
    ],
    "Mean of all scores": {
        "f1Mean": 0.9589485269920942,
        "accMean": 0.9970114333674266,
        "recMean": 0.9406611195684199,
        "precMean": 0.9938755668399564
    },
    "Std of all Scores": {
        "f1Std": 0.03417061505270518,
        "accStd": 0.0034537900574647235,
        "recStd": 0.05181806890974552,
        "precStd": 0.006009363560708183
    }
}