{
    "Timeout": [
        3,
        4
    ],
    "Mean of all scores": {
        "f1Mean": 0.9448495621018786,
        "accMean": 0.9966546523979831,
        "recMean": 0.9308145679927611,
        "precMean": 0.97918553562805
    },
    "Std of all Scores": {
        "f1Std": 0.04748224215877833,
        "accStd": 0.004117547303264476,
        "recStd": 0.05901433651244298,
        "precStd": 0.025084078193495354
    }
}