{
    "Timeout": [
        2,
        4
    ],
    "Mean of all scores": {
        "f1Mean": 0.9423768991868876,
        "accMean": 0.9966584959085651,
        "recMean": 0.9270130595262955,
        "precMean": 0.9781595712952449
    },
    "Std of all Scores": {
        "f1Std": 0.04491245472640819,
        "accStd": 0.004047487581172874,
        "recStd": 0.055862168248080005,
        "precStd": 0.025387667708134113
    }
}