{
    "Timeout": [
        0.5,
        30
    ],
    "Mean of all scores": {
        "f1Mean": 0.9605198546490975,
        "accMean": 0.9970065838702877,
        "recMean": 0.9424530612998921,
        "precMean": 0.9948053498792822
    },
    "Std of all Scores": {
        "f1Std": 0.02506353877423049,
        "accStd": 0.003462803832196773,
        "recStd": 0.04072507988994413,
        "precStd": 0.006452344871839305
    }
}