{
    "Timeout": [
        2,
        3
    ],
    "Mean of all scores": {
        "f1Mean": 0.9270928731829804,
        "accMean": 0.996380335699359,
        "recMean": 0.9146376584637453,
        "precMean": 0.9623781323214551
    },
    "Std of all Scores": {
        "f1Std": 0.06011198456083483,
        "accStd": 0.0037548918521046228,
        "recStd": 0.06792626939423178,
        "precStd": 0.049537072900076265
    }
}