{
    "Timeout": [
        2,
        5
    ],
    "Mean of all scores": {
        "f1Mean": 0.9430656507666452,
        "accMean": 0.9965792982869248,
        "recMean": 0.9226833706976698,
        "precMean": 0.9915485705187365
    },
    "Std of all Scores": {
        "f1Std": 0.028871776110172248,
        "accStd": 0.004049495816697512,
        "recStd": 0.04311986381048743,
        "precStd": 0.0065030149982202995
    }
}