{
    "Timeout": [
        4,
        4
    ],
    "Mean of all scores": {
        "f1Mean": 0.948951963052988,
        "accMean": 0.9966379884998524,
        "recMean": 0.9295258279714274,
        "precMean": 0.993227668081966
    },
    "Std of all Scores": {
        "f1Std": 0.028806197180085907,
        "accStd": 0.0041550358005886,
        "recStd": 0.044603597842113686,
        "precStd": 0.007266272104748048
    }
}