{
    "Timeout": [
        2,
        60
    ],
    "Mean of all scores": {
        "f1Mean": 0.9194041730667786,
        "accMean": 0.9966054926035985,
        "recMean": 0.9058167525815104,
        "precMean": 0.9526617829126323
    },
    "Std of all Scores": {
        "f1Std": 0.045467512351646554,
        "accStd": 0.0041237286811437145,
        "recStd": 0.05512160572251333,
        "precStd": 0.030294670934974476
    }
}