{
    "Timeout": [
        1,
        4
    ],
    "Mean of all scores": {
        "f1Mean": 0.93244388926786,
        "accMean": 0.9966963458556772,
        "recMean": 0.917286053507208,
        "precMean": 0.9648171671256994
    },
    "Std of all Scores": {
        "f1Std": 0.048714446832698925,
        "accStd": 0.0036523346426320692,
        "recStd": 0.06004750903326232,
        "precStd": 0.03223221278884802
    }
}