{
    "Best score": {
        "Best Timeout": 4,
        "Mean Scores (Best)": {
            "f1Mean": 0.7373881699926426,
            "accMean": 0.9728808784084189,
            "recMean": 0.7357286661564961,
            "precMean": 0.7432274623685814
        },
        "Std Scores (Best)": {
            "f1Std": 0.04542992473455213,
            "accStd": 0.02547676609058699,
            "recStd": 0.041952232488479256,
            "precStd": 0.048215989630920594
        }
    },
    "Worst score": {
        "Worst Timeout": 6,
        "Mean Scores (Worst)": {
            "f1Mean": 0.7112386009042974,
            "accMean": 0.9678577835388612,
            "recMean": 0.7180865890682061,
            "precMean": 0.7112635632960634
        },
        "Std Scores (Worst)": {
            "f1Std": 0.04887466666240663,
            "accStd": 0.03247008757873863,
            "recStd": 0.028951073794121224,
            "precStd": 0.06454893895027365
        }
    },
    "Difference": {
        "Accuracy": 0.5023094869557654,
        "F1 Score": 2.6149569088345204,
        "Precision": 3.1963899072517954,
        "Recall": 1.764207708829002
    }
}