{
    "Best score": {
        "Best Timeout": 60,
        "Mean Scores (Best)": {
            "f1Mean": 0.2958043765731388,
            "accMean": 0.9748607770805486,
            "recMean": 0.28066591959078196,
            "precMean": 0.4332457980772425
        },
        "Std Scores (Best)": {
            "f1Std": 0.06929691709657923,
            "accStd": 0.012086436958630667,
            "recStd": 0.07653075689396195,
            "precStd": 0.10235572875915444
        }
    },
    "Worst score": {
        "Worst Timeout": 1,
        "Mean Scores (Worst)": {
            "f1Mean": 0.2692062383148125,
            "accMean": 0.9747837430732442,
            "recMean": 0.2558095383492639,
            "precMean": 0.4028987273454387
        },
        "Std Scores (Worst)": {
            "f1Std": 0.053174558252051835,
            "accStd": 0.011773501001246127,
            "recStd": 0.06524438093709921,
            "precStd": 0.10251763584389914
        }
    },
    "Difference": {
        "Accuracy": 0.007703400730441068,
        "F1 Score": 2.6598138258326296,
        "Precision": 3.034707073180382,
        "Recall": 2.485638124151807
    }
}