{
    "Best score": {
        "Best Timeout": 10,
        "Mean Scores (Best)": {
            "f1Mean": 0.193481389196871,
            "accMean": 0.9746714018125917,
            "recMean": 0.18275402913379965,
            "precMean": 0.33753279780832646
        },
        "Std Scores (Best)": {
            "f1Std": 0.035865127132588194,
            "accStd": 0.00860476462216925,
            "recStd": 0.04067592876482632,
            "precStd": 0.08241881225189032
        }
    },
    "Worst score": {
        "Worst Timeout": 1,
        "Mean Scores (Worst)": {
            "f1Mean": 0.17691536002499816,
            "accMean": 0.9756132342590407,
            "recMean": 0.17012224546622806,
            "precMean": 0.28305442486086324
        },
        "Std Scores (Worst)": {
            "f1Std": 0.02887906753009122,
            "accStd": 0.005591732249120615,
            "recStd": 0.03791908117596358,
            "precStd": 0.06484006352363277
        }
    },
    "Difference": {
        "Accuracy": -0.09418324464489647,
        "F1 Score": 1.6566029171872831,
        "Precision": 5.447837294746321,
        "Recall": 1.2631783667571588
    }
}