{
    "Timeout": [
        2,
        2
    ],
    "Mean of all scores": {
        "f1Mean": 0.9059947223619014,
        "accMean": 0.92642301518706,
        "recMean": 0.9134325508636236,
        "precMean": 0.9107177479053365
    },
    "Std of all Scores": {
        "f1Std": 0.034729109436449995,
        "accStd": 0.025255411349031535,
        "recStd": 0.023618787548612755,
        "precStd": 0.04323909785460525
    }
}