{
    "Timeout": [
        2,
        4
    ],
    "Mean of all scores": {
        "f1Mean": 0.9052175921804435,
        "accMean": 0.9262718326092738,
        "recMean": 0.9126222883436339,
        "precMean": 0.9096112107619533
    },
    "Std of all Scores": {
        "f1Std": 0.03491434349491567,
        "accStd": 0.025472476083932032,
        "recStd": 0.023192585394157687,
        "precStd": 0.044139683412522446
    }
}