{
    "Timeout": [
        3,
        5
    ],
    "Mean of all scores": {
        "f1Mean": 0.9055638800168928,
        "accMean": 0.9267910705096434,
        "recMean": 0.9133797189221559,
        "precMean": 0.9102265431173728
    },
    "Std of all Scores": {
        "f1Std": 0.03447820848729382,
        "accStd": 0.024925052030566754,
        "recStd": 0.023073527176503725,
        "precStd": 0.04357647757385275
    }
}