{
    "Timeout": [
        0.5,
        5
    ],
    "Mean of all scores": {
        "f1Mean": 0.8984921351967425,
        "accMean": 0.9212260810960681,
        "recMean": 0.9005686222686098,
        "precMean": 0.9096219870668485
    },
    "Std of all Scores": {
        "f1Std": 0.0307318161252425,
        "accStd": 0.02426800961776199,
        "recStd": 0.02165211703717274,
        "precStd": 0.03880345688996725
    }
}