{
    "Timeout": [
        4,
        30
    ],
    "Mean of all scores": {
        "f1Mean": 0.9057810999514047,
        "accMean": 0.9268704990975858,
        "recMean": 0.9130307343116808,
        "precMean": 0.9105948715082102
    },
    "Std of all Scores": {
        "f1Std": 0.03364721490579831,
        "accStd": 0.02489934557745652,
        "recStd": 0.023102616433749074,
        "precStd": 0.04194906882850782
    }
}