{
    "Timeout": [
        10,
        30
    ],
    "Mean of all scores": {
        "f1Mean": 0.916444578069626,
        "accMean": 0.9336388034404528,
        "recMean": 0.9286725878592822,
        "precMean": 0.9158661688894144
    },
    "Std of all Scores": {
        "f1Std": 0.030651716050661092,
        "accStd": 0.022019770578677454,
        "recStd": 0.027892400616687404,
        "precStd": 0.0345427834642887
    }
}