{
    "Timeout": [
        0.5,
        60
    ],
    "Mean of all scores": {
        "f1Mean": 0.8983646807837811,
        "accMean": 0.9210124908185083,
        "recMean": 0.9005597426158868,
        "precMean": 0.9095299000966494
    },
    "Std of all Scores": {
        "f1Std": 0.03006262657470211,
        "accStd": 0.02392741887654086,
        "recStd": 0.02154107063178525,
        "precStd": 0.03792229957969101
    }
}