{
    "Timeout": [
        3,
        4
    ],
    "Mean of all scores": {
        "f1Mean": 0.9063370627518792,
        "accMean": 0.9269813095774296,
        "recMean": 0.9136979622126183,
        "precMean": 0.910930484432039
    },
    "Std of all Scores": {
        "f1Std": 0.03360125762062022,
        "accStd": 0.024746730007362792,
        "recStd": 0.022535892248667706,
        "precStd": 0.0428165440259273
    }
}