{
    "Timeout": [
        0.5,
        30
    ],
    "Mean of all scores": {
        "f1Mean": 0.8994160970333305,
        "accMean": 0.9230191449227119,
        "recMean": 0.9010414226023606,
        "precMean": 0.9112320688895679
    },
    "Std of all Scores": {
        "f1Std": 0.02894113346566144,
        "accStd": 0.02117730131269626,
        "recStd": 0.021496676698507456,
        "precStd": 0.03583550344445122
    }
}