{
    "Timeout": [
        0.5,
        4
    ],
    "Mean of all scores": {
        "f1Mean": 0.8987766052108176,
        "accMean": 0.9216708387231393,
        "recMean": 0.9008016302662558,
        "precMean": 0.9099682398948234
    },
    "Std of all Scores": {
        "f1Std": 0.030453144061957437,
        "accStd": 0.024030523306715002,
        "recStd": 0.02167993649256217,
        "precStd": 0.0384729254352975
    }
}