{
    "Timeout": [
        10,
        60
    ],
    "Mean of all scores": {
        "f1Mean": 0.9181529841759467,
        "accMean": 0.9346493846961967,
        "recMean": 0.9306672739037671,
        "precMean": 0.9171719240059453
    },
    "Std of all Scores": {
        "f1Std": 0.030429832882067756,
        "accStd": 0.021771433661166757,
        "recStd": 0.028490404575127175,
        "precStd": 0.03363844188245009
    }
}