{
    "Timeout": [
        1,
        60
    ],
    "Mean of all scores": {
        "f1Mean": 0.904561273862259,
        "accMean": 0.9264455610211104,
        "recMean": 0.9116627929385963,
        "precMean": 0.910927118311902
    },
    "Std of all Scores": {
        "f1Std": 0.03387575846971862,
        "accStd": 0.024753410019626013,
        "recStd": 0.022918513306462246,
        "precStd": 0.0397309942966782
    }
}