{
    "Timeout": [
        1,
        30
    ],
    "Mean of all scores": {
        "f1Mean": 0.9052192102277591,
        "accMean": 0.9263654381011281,
        "recMean": 0.9118946370543466,
        "precMean": 0.9116602173085016
    },
    "Std of all Scores": {
        "f1Std": 0.0334092978106179,
        "accStd": 0.024833287121183885,
        "recStd": 0.022761588498333627,
        "precStd": 0.03917958491130462
    }
}