{
    "Timeout": [
        2,
        60
    ],
    "Mean of all scores": {
        "f1Mean": 0.905153736714637,
        "accMean": 0.9262926792327179,
        "recMean": 0.9126103084579904,
        "precMean": 0.909756861613803
    },
    "Std of all Scores": {
        "f1Std": 0.03500868100638345,
        "accStd": 0.02537411633977232,
        "recStd": 0.02342852209409661,
        "precStd": 0.04437686034587922
    }
}