{
    "Timeout": [
        1,
        3
    ],
    "Mean of all scores": {
        "f1Mean": 0.9048567015514418,
        "accMean": 0.926499055235776,
        "recMean": 0.9121144690802755,
        "precMean": 0.9107684363445901
    },
    "Std of all Scores": {
        "f1Std": 0.033588291892333255,
        "accStd": 0.02479982097877878,
        "recStd": 0.022988172552533173,
        "precStd": 0.039409825503615714
    }
}