{
    "Timeout": [
        4,
        60
    ],
    "Mean of all scores": {
        "f1Mean": 0.9060016062652047,
        "accMean": 0.926821356365162,
        "recMean": 0.9130519291416365,
        "precMean": 0.910942868890379
    },
    "Std of all Scores": {
        "f1Std": 0.033478805318195026,
        "accStd": 0.024924516299460093,
        "recStd": 0.023215625596166606,
        "precStd": 0.04153239518798667
    }
}