{
    "Timeout": [
        4,
        5
    ],
    "Mean of all scores": {
        "f1Mean": 0.9059693163426081,
        "accMean": 0.9269586923707521,
        "recMean": 0.9133381568750792,
        "precMean": 0.910693116679792
    },
    "Std of all Scores": {
        "f1Std": 0.0339449923212326,
        "accStd": 0.024940369862443332,
        "recStd": 0.023207627114934244,
        "precStd": 0.04254413694271315
    }
}