{
    "Timeout": [
        2,
        30
    ],
    "Mean of all scores": {
        "f1Mean": 0.904600979066241,
        "accMean": 0.926441891071847,
        "recMean": 0.9127208016694436,
        "precMean": 0.9089126600859748
    },
    "Std of all Scores": {
        "f1Std": 0.03638308906185722,
        "accStd": 0.025672455080348017,
        "recStd": 0.02359243955208805,
        "precStd": 0.04659480872207036
    }
}