{
    "Timeout": [
        0.5,
        3
    ],
    "Mean of all scores": {
        "f1Mean": 0.898642447823903,
        "accMean": 0.9212623853305463,
        "recMean": 0.9008322721519388,
        "precMean": 0.9096664964612351
    },
    "Std of all Scores": {
        "f1Std": 0.03009958610251152,
        "accStd": 0.02392587221374016,
        "recStd": 0.021546072615074022,
        "precStd": 0.037773077114353765
    }
}