{
    "Timeout": [
        1,
        2
    ],
    "Mean of all scores": {
        "f1Mean": 0.9045610450838174,
        "accMean": 0.9254917838262617,
        "recMean": 0.9124071078734357,
        "precMean": 0.9088287145846013
    },
    "Std of all Scores": {
        "f1Std": 0.03278383472117686,
        "accStd": 0.024772380983199522,
        "recStd": 0.022911462180352563,
        "precStd": 0.039706050369546726
    }
}