{
    "Timeout": [
        5,
        30
    ],
    "Mean of all scores": {
        "f1Mean": 0.904928150897401,
        "accMean": 0.9266047285348715,
        "recMean": 0.9132467643221329,
        "precMean": 0.9091493909268371
    },
    "Std of all Scores": {
        "f1Std": 0.034560170479638816,
        "accStd": 0.024973828617189497,
        "recStd": 0.023485388552494137,
        "precStd": 0.04339525288573398
    }
}