{
    "Timeout": [
        1,
        5
    ],
    "Mean of all scores": {
        "f1Mean": 0.904645001846735,
        "accMean": 0.9280507966664203,
        "recMean": 0.9119312813713929,
        "precMean": 0.9091897289880979
    },
    "Std of all Scores": {
        "f1Std": 0.03155926169689958,
        "accStd": 0.021722106509335953,
        "recStd": 0.02361831036954586,
        "precStd": 0.037223653856325034
    }
}