{
    "Timeout": [
        5,
        60
    ],
    "Mean of all scores": {
        "f1Mean": 0.9051401744888313,
        "accMean": 0.9268332131203083,
        "recMean": 0.9132295327654525,
        "precMean": 0.9094360118220648
    },
    "Std of all Scores": {
        "f1Std": 0.03477809121112305,
        "accStd": 0.02513045502493193,
        "recStd": 0.023382239158915612,
        "precStd": 0.043579164685990636
    }
}