{
    "Timeout": [
        0.5,
        2
    ],
    "Mean of all scores": {
        "f1Mean": 0.8991763663223985,
        "accMean": 0.9213225270329509,
        "recMean": 0.9011449317314923,
        "precMean": 0.9104770731616829
    },
    "Std of all Scores": {
        "f1Std": 0.030206564772042064,
        "accStd": 0.023766955725604482,
        "recStd": 0.021797050563472656,
        "precStd": 0.038022672274611084
    }
}