{
    "Timeout": [
        3,
        30
    ],
    "Mean of all scores": {
        "f1Mean": 0.906711118914953,
        "accMean": 0.9283758741583107,
        "recMean": 0.9128310180483565,
        "precMean": 0.9124521739928907
    },
    "Std of all Scores": {
        "f1Std": 0.031565337446470734,
        "accStd": 0.022079436975408484,
        "recStd": 0.023208411696932614,
        "precStd": 0.037814837967579104
    }
}