{
    "Timeout": [
        2,
        3
    ],
    "Mean of all scores": {
        "f1Mean": 0.9058167754264211,
        "accMean": 0.9262054369605186,
        "recMean": 0.9127919130264217,
        "precMean": 0.9107858645946454
    },
    "Std of all Scores": {
        "f1Std": 0.03404182849115017,
        "accStd": 0.025377283703788278,
        "recStd": 0.023478745027377082,
        "precStd": 0.04202623044057367
    }
}