{
    "Timeout": [
        3,
        3
    ],
    "Mean of all scores": {
        "f1Mean": 0.9051063335318663,
        "accMean": 0.926507554426512,
        "recMean": 0.9130125040568544,
        "precMean": 0.909221321784158
    },
    "Std of all Scores": {
        "f1Std": 0.03423696838587397,
        "accStd": 0.024911290451065993,
        "recStd": 0.023278894219900134,
        "precStd": 0.043315778199536956
    }
}