{
    "Timeout": [
        2,
        5
    ],
    "Mean of all scores": {
        "f1Mean": 0.9059631455126702,
        "accMean": 0.92641633427101,
        "recMean": 0.9127178680046232,
        "precMean": 0.9110934755437603
    },
    "Std of all Scores": {
        "f1Std": 0.034494443207540144,
        "accStd": 0.025778216366526833,
        "recStd": 0.023636318034373074,
        "precStd": 0.04271542391505894
    }
}