{
    "Timeout": [
        4,
        4
    ],
    "Mean of all scores": {
        "f1Mean": 0.905651611527792,
        "accMean": 0.926766782093166,
        "recMean": 0.9134472976991519,
        "precMean": 0.9101342520629647
    },
    "Std of all Scores": {
        "f1Std": 0.03433946508015554,
        "accStd": 0.02490388698639895,
        "recStd": 0.022909580491709363,
        "precStd": 0.04311205730166035
    }
}