{
    "Timeout": [
        1,
        4
    ],
    "Mean of all scores": {
        "f1Mean": 0.9050388703800303,
        "accMean": 0.9264436956943763,
        "recMean": 0.9120950874178831,
        "precMean": 0.90987928338559
    },
    "Std of all Scores": {
        "f1Std": 0.033001249828138,
        "accStd": 0.024429022634786118,
        "recStd": 0.023029007540905727,
        "precStd": 0.04053284821700933
    }
}