{
    "Timeout": [
        5,
        5
    ],
    "Mean of all scores": {
        "f1Mean": 0.9053165527678797,
        "accMean": 0.926711043341341,
        "recMean": 0.9132630894723313,
        "precMean": 0.9096058353490128
    },
    "Std of all Scores": {
        "f1Std": 0.03461906180027202,
        "accStd": 0.024922273100619747,
        "recStd": 0.02306898203079953,
        "precStd": 0.044137611509696355
    }
}