{
    "Timeout": [
        3,
        60
    ],
    "Mean of all scores": {
        "f1Mean": 0.90489177103387,
        "accMean": 0.9264086118724142,
        "recMean": 0.9127125662093372,
        "precMean": 0.9094809627472442
    },
    "Std of all Scores": {
        "f1Std": 0.03466674962471005,
        "accStd": 0.025190250335700146,
        "recStd": 0.023167785440778087,
        "precStd": 0.04334526576446847
    }
}