{
    "Best score": {
        "Best Timeout": [
            0.5,
            60
        ],
        "Mean Scores (Best)": {
            "f1Mean": 0.9645209284680876,
            "accMean": 0.9970093176005979,
            "recMean": 0.9479870178947281,
            "precMean": 0.9947771670766314
        },
        "Std Scores (Best)": {
            "f1Std": 0.026361521561711024,
            "accStd": 0.0034605173648349836,
            "recStd": 0.041364737031820184,
            "precStd": 0.0064626677222433156
        }
    },
    "Worst score": {
        "Worst Timeout": [
            10,
            60
        ],
        "Mean Scores (Worst)": {
            "f1Mean": 0.8928649279885977,
            "accMean": 0.9963210279720066,
            "recMean": 0.8814320901961787,
            "precMean": 0.9221140612633052
        },
        "Std Scores (Worst)": {
            "f1Std": 0.04981985194836592,
            "accStd": 0.004525558253029621,
            "recStd": 0.04995055643567307,
            "precStd": 0.04487745131098145
        }
    },
    "Difference": {
        "Accuracy": 0.06882896285912432,
        "F1 Score": 7.165600047948983,
        "Precision": 7.2663105813326245,
        "Recall": 6.6554927698549315
    }
}