{
    "Best score": {
        "Best Timeout": [
            1,
            60
        ],
        "Mean Scores (Best)": {
            "f1Mean": 0.9221602693111866,
            "accMean": 0.9966464298762705,
            "recMean": 0.9263019343850019,
            "precMean": 0.9413984068496676
        },
        "Std Scores (Best)": {
            "f1Std": 0.04029887081426612,
            "accStd": 0.003665983705961459,
            "recStd": 0.05057887740848657,
            "precStd": 0.029072918292367154
        }
    },
    "Worst score": {
        "Worst Timeout": [
            10,
            60
        ],
        "Mean Scores (Worst)": {
            "f1Mean": 0.8438131029099178,
            "accMean": 0.9961634088672031,
            "recMean": 0.8557793636968679,
            "precMean": 0.8523419682496746
        },
        "Std Scores (Worst)": {
            "f1Std": 0.023057307554993675,
            "accStd": 0.0044973873459301286,
            "recStd": 0.045929546011912986,
            "precStd": 0.01255097369498296
        }
    },
    "Difference": {
        "Accuracy": 0.04830210090673859,
        "F1 Score": 7.834716640126871,
        "Precision": 8.905643859999302,
        "Recall": 7.052257068813395
    }
}