{
    "Best score": {
        "Best Timeout": [
            0.5,
            60
        ],
        "Mean Scores (Best)": {
            "f1Mean": 0.9497698043854156,
            "accMean": 0.9970006330574848,
            "recMean": 0.9319451091939033,
            "precMean": 0.9785406712568359
        },
        "Std Scores (Best)": {
            "f1Std": 0.03452428063077564,
            "accStd": 0.003500835316158844,
            "recStd": 0.044821237579942816,
            "precStd": 0.024821787398207177
        }
    },
    "Worst score": {
        "Worst Timeout": [
            10,
            60
        ],
        "Mean Scores (Worst)": {
            "f1Mean": 0.8627194642816208,
            "accMean": 0.996323416138641,
            "recMean": 0.8493329949269006,
            "precMean": 0.8975990811801763
        },
        "Std Scores (Worst)": {
            "f1Std": 0.041988195262438875,
            "accStd": 0.004580940593778612,
            "recStd": 0.051107458726943895,
            "precStd": 0.0345582439287154
        }
    },
    "Difference": {
        "Accuracy": 0.06772169188438149,
        "F1 Score": 8.705034010379475,
        "Precision": 8.094159007665958,
        "Recall": 8.261211426700266
    }
}