{
    "Timeout": 60,
    "Mean of all scores": {
        "f1Mean": 0.730792548186928,
        "accMean": 0.9673590164492119,
        "recMean": 0.7289230001519759,
        "precMean": 0.7401247625904526
    },
    "Std of all Scores": {
        "f1Std": 0.051582674718789495,
        "accStd": 0.030450554415017327,
        "recStd": 0.04748707375787944,
        "precStd": 0.05010174103345699
    }
}