{
    "Timeout": 4,
    "Mean of all scores": {
        "f1Mean": 0.7373881699926426,
        "accMean": 0.9728808784084189,
        "recMean": 0.7357286661564961,
        "precMean": 0.7432274623685814
    },
    "Std of all Scores": {
        "f1Std": 0.04542992473455213,
        "accStd": 0.02547676609058699,
        "recStd": 0.041952232488479256,
        "precStd": 0.048215989630920594
    }
}