{
    "Timeout": 5,
    "Mean of all scores": {
        "f1Mean": 0.7352340750363957,
        "accMean": 0.9706792849275063,
        "recMean": 0.733436944929055,
        "precMean": 0.7417437681725075
    },
    "Std of all Scores": {
        "f1Std": 0.04754228367843869,
        "accStd": 0.02857948149323036,
        "recStd": 0.043842017635478035,
        "precStd": 0.05025464389469039
    }
}