{
    "Timeout": 1,
    "Mean of all scores": {
        "f1Mean": 0.7246119816930414,
        "accMean": 0.9489004514680539,
        "recMean": 0.7257520123433149,
        "precMean": 0.7342191541518621
    },
    "Std of all Scores": {
        "f1Std": 0.058281884948514114,
        "accStd": 0.0726546833356804,
        "recStd": 0.04678246376498162,
        "precStd": 0.06040086005664981
    }
}