{
    "Timeout": 2,
    "Mean of all scores": {
        "f1Mean": 0.736094655657398,
        "accMean": 0.9725655512412198,
        "recMean": 0.7354937715057177,
        "precMean": 0.74115500493642
    },
    "Std of all Scores": {
        "f1Std": 0.04342312713232955,
        "accStd": 0.026426768410652043,
        "recStd": 0.04076371444237147,
        "precStd": 0.04579188434000006
    }
}