{
    "Timeout": 30,
    "Mean of all scores": {
        "f1Mean": 0.7172179191806594,
        "accMean": 0.968244374584424,
        "recMean": 0.7172032750664333,
        "precMean": 0.7248260681217842
    },
    "Std of all Scores": {
        "f1Std": 0.04165484366411632,
        "accStd": 0.03208428671014534,
        "recStd": 0.04263494496758309,
        "precStd": 0.03792776407417038
    }
}