{
    "Timeout": 6,
    "Mean of all scores": {
        "f1Mean": 0.7112386009042974,
        "accMean": 0.9678577835388612,
        "recMean": 0.7180865890682061,
        "precMean": 0.7112635632960634
    },
    "Std of all Scores": {
        "f1Std": 0.04887466666240663,
        "accStd": 0.03247008757873863,
        "recStd": 0.028951073794121224,
        "precStd": 0.06454893895027365
    }
}