{
    "Timeout": 10,
    "Mean of all scores": {
        "f1Mean": 0.7193326873014049,
        "accMean": 0.9683213332172492,
        "recMean": 0.7206515241382826,
        "precMean": 0.724016867463637
    },
    "Std of all Scores": {
        "f1Std": 0.04007026703561745,
        "accStd": 0.03313285501211985,
        "recStd": 0.03312343877777426,
        "precStd": 0.043525970051171786
    }
}