{
    "Timeout": 3,
    "Mean of all scores": {
        "f1Mean": 0.7190866531611219,
        "accMean": 0.9699697538840883,
        "recMean": 0.7184194190214742,
        "precMean": 0.7249785663580346
    },
    "Std of all Scores": {
        "f1Std": 0.03609658304926398,
        "accStd": 0.02902001019433829,
        "recStd": 0.02861803890525294,
        "precStd": 0.04181278821541571
    }
}