{
    "Timeout": "default",
    "Mean of all scores": {
        "f1Mean": 0.7346357335351448,
        "accMean": 0.9696817213151349,
        "recMean": 0.7342216446186507,
        "precMean": 0.7401859549054245
    },
    "Std of all Scores": {
        "f1Std": 0.04853712784408892,
        "accStd": 0.029512699991251938,
        "recStd": 0.043174717489551845,
        "precStd": 0.05211485198669563
    }
}