{
    "Best score": {
        "Best Timeout": 6,
        "Accuracy": 0.9309340287199271,
        "F1 Score": 0.7225617672991114,
        "Precision": 0.7312847197697083,
        "Recall": 0.7298495705756405
    },
    "Worst score": {
        "Worst Timeout": 5,
        "Accuracy": 0.8075857942541047,
        "F1 Score": 0.6905388064283138,
        "Precision": 0.7266761702704979,
        "Recall": 0.7214773642998407
    },
    "Difference": {
        "Accuracy": 0.12334823446582244,
        "F1 Score": 3.202296087079759,
        "Precision": 0.46085494992104126,
        "Recall": 0.8372206275799821
    }
}