{
    "Best score": {
        "Best Timeout": 6,
        "Accuracy": 0.9396982448994795,
        "F1 Score": 0.7058858757605757,
        "Precision": 0.7529652554141195,
        "Recall": 0.7068976294594156
    },
    "Worst score": {
        "Worst Timeout": 5,
        "Accuracy": 0.8632980506112204,
        "F1 Score": 0.6492088099486735,
        "Precision": 0.6976737003211599,
        "Recall": 0.6938922911019576
    },
    "Difference": {
        "Accuracy": 7.640019428825906,
        "F1 Score": 5.667706581190224,
        "Precision": 5.529155509295958,
        "Recall": 1.3005338357457985
    }
}