{
    "Best score": {
        "Best Timeout": 60,
        "Accuracy": 0.9302939236743153,
        "F1 Score": 0.7374421308423391,
        "Precision": 0.7575933430675039,
        "Recall": 0.7534504862763042
    },
    "Worst score": {
        "Worst Timeout": 2,
        "Accuracy": 0.8011268126721214,
        "F1 Score": 0.6948634354615117,
        "Precision": 0.7316749289122335,
        "Recall": 0.7254118760083714
    },
    "Difference": {
        "Accuracy": 0.1291671110021939,
        "F1 Score": 4.257869538082737,
        "Precision": 2.591841415527041,
        "Recall": 2.803861026793275
    }
}