{
    "Timeout": [
        3,
        30
    ],
    "Mean of all scores": {
        "f1Mean": 0.7222420396717173,
        "accMean": 0.9881218586521696,
        "recMean": 0.7122465651785597,
        "precMean": 0.7639168529378144
    },
    "Std of all Scores": {
        "f1Std": 0.019763628017011182,
        "accStd": 0.0026126310944195926,
        "recStd": 0.005734275275651127,
        "precStd": 0.07479103217022216
    }
}