{
    "Timeout": [
        4,
        5
    ],
    "Mean of all scores": {
        "f1Mean": 0.7248801803566035,
        "accMean": 0.9881571398228015,
        "recMean": 0.7133492132994818,
        "precMean": 0.7684672278434999
    },
    "Std of all Scores": {
        "f1Std": 0.014988248665003857,
        "accStd": 0.0025910006952542496,
        "recStd": 0.007482423641287856,
        "precStd": 0.062354879123533366
    }
}