{
    "Timeout": [
        2,
        30
    ],
    "Mean of all scores": {
        "f1Mean": 0.7193229943290101,
        "accMean": 0.9881022659158955,
        "recMean": 0.7108399851057721,
        "precMean": 0.7473031042942966
    },
    "Std of all Scores": {
        "f1Std": 0.016419418202491542,
        "accStd": 0.002611698941990254,
        "recStd": 0.0062561842102120185,
        "precStd": 0.05561442303289868
    }
}