{
    "Timeout": [
        0.5,
        3
    ],
    "Mean of all scores": {
        "f1Mean": 0.7207760578104907,
        "accMean": 0.9878927113414451,
        "recMean": 0.7100172664042395,
        "precMean": 0.7659368584721633
    },
    "Std of all Scores": {
        "f1Std": 0.018957447636577654,
        "accStd": 0.00263902445248731,
        "recStd": 0.006154165155678558,
        "precStd": 0.08447095725289266
    }
}