{
    "Timeout": [
        0.5,
        2
    ],
    "Mean of all scores": {
        "f1Mean": 0.720709668524437,
        "accMean": 0.9879230116905114,
        "recMean": 0.7090437217711424,
        "precMean": 0.7607637303824715
    },
    "Std of all Scores": {
        "f1Std": 0.01875922072475987,
        "accStd": 0.002636417570823276,
        "recStd": 0.00554789997896675,
        "precStd": 0.07189731309457782
    }
}