{
    "Timeout": [
        0.5,
        4
    ],
    "Mean of all scores": {
        "f1Mean": 0.7206301996666908,
        "accMean": 0.9879278677168273,
        "recMean": 0.7083433441348906,
        "precMean": 0.7663528201892535
    },
    "Std of all Scores": {
        "f1Std": 0.020986076167845976,
        "accStd": 0.0026362336077684796,
        "recStd": 0.006179414534120164,
        "precStd": 0.08365542820414203
    }
}