{
    "Timeout": [
        1,
        4
    ],
    "Mean of all scores": {
        "f1Mean": 0.7209832109223295,
        "accMean": 0.9880417629432736,
        "recMean": 0.7108398186253758,
        "precMean": 0.7670911298432841
    },
    "Std of all Scores": {
        "f1Std": 0.019994713168158484,
        "accStd": 0.002623194101522586,
        "recStd": 0.005488954440804591,
        "precStd": 0.08493275498006499
    }
}