{
    "Timeout": [
        0.5,
        60
    ],
    "Mean of all scores": {
        "f1Mean": 0.7175076194450114,
        "accMean": 0.987919114896697,
        "recMean": 0.7080174387824691,
        "precMean": 0.7624302060549981
    },
    "Std of all Scores": {
        "f1Std": 0.01802187260336165,
        "accStd": 0.0026567002033118852,
        "recStd": 0.0033690334837858747,
        "precStd": 0.08118695578628274
    }
}