{
    "Timeout": [
        1,
        3
    ],
    "Mean of all scores": {
        "f1Mean": 0.7221964765969787,
        "accMean": 0.9880246473891429,
        "recMean": 0.7104178592916182,
        "precMean": 0.768150323253906
    },
    "Std of all Scores": {
        "f1Std": 0.019073218681007316,
        "accStd": 0.00264231140969882,
        "recStd": 0.003487896397738246,
        "precStd": 0.0810798127434519
    }
}