{
    "Timeout": [
        5,
        60
    ],
    "Mean of all scores": {
        "f1Mean": 0.722999194531871,
        "accMean": 0.9881037350783728,
        "recMean": 0.7129451374737371,
        "precMean": 0.7669318493676385
    },
    "Std of all Scores": {
        "f1Std": 0.018723168316225232,
        "accStd": 0.002626510045440293,
        "recStd": 0.005789523705433104,
        "precStd": 0.08229247563509909
    }
}