{
    "Timeout": [
        1,
        5
    ],
    "Mean of all scores": {
        "f1Mean": 0.7199933656005749,
        "accMean": 0.988043765520913,
        "recMean": 0.7097729242582747,
        "precMean": 0.762327298119876
    },
    "Std of all Scores": {
        "f1Std": 0.01883736104910755,
        "accStd": 0.0026083935239781596,
        "recStd": 0.0063063087165596,
        "precStd": 0.08407932370429506
    }
}