{
    "Timeout": [
        4,
        30
    ],
    "Mean of all scores": {
        "f1Mean": 0.7232651661930793,
        "accMean": 0.9881267296357903,
        "recMean": 0.7138638760482761,
        "precMean": 0.7673244389953953
    },
    "Std of all Scores": {
        "f1Std": 0.018293138264874505,
        "accStd": 0.0026274967838637022,
        "recStd": 0.005551858330263274,
        "precStd": 0.08253655139011985
    }
}