{
    "Timeout": [
        3,
        4
    ],
    "Mean of all scores": {
        "f1Mean": 0.7209376935589378,
        "accMean": 0.9881013046537056,
        "recMean": 0.7101721575077773,
        "precMean": 0.7569392725639922
    },
    "Std of all Scores": {
        "f1Std": 0.017355581258337333,
        "accStd": 0.0026052040293000466,
        "recStd": 0.006217074206393453,
        "precStd": 0.06889536686799869
    }
}