{
    "Timeout": [
        2,
        4
    ],
    "Mean of all scores": {
        "f1Mean": 0.7213429195713347,
        "accMean": 0.9881060784550153,
        "recMean": 0.7107289932759825,
        "precMean": 0.7661495350774782
    },
    "Std of all Scores": {
        "f1Std": 0.020449725196293653,
        "accStd": 0.0025819709815324424,
        "recStd": 0.004415298379343741,
        "precStd": 0.08323510202034355
    }
}