{
    "Timeout": [
        2,
        2
    ],
    "Mean of all scores": {
        "f1Mean": 0.7211519390927664,
        "accMean": 0.9880834587234183,
        "recMean": 0.711036249459347,
        "precMean": 0.7547508726232097
    },
    "Std of all Scores": {
        "f1Std": 0.01823187320935898,
        "accStd": 0.002596583671295139,
        "recStd": 0.005195068750649234,
        "precStd": 0.06042195248676587
    }
}