{
    "Timeout": [
        1,
        60
    ],
    "Mean of all scores": {
        "f1Mean": 0.7216053346192689,
        "accMean": 0.9879983683219258,
        "recMean": 0.7108392763150642,
        "precMean": 0.7577285818868672
    },
    "Std of all Scores": {
        "f1Std": 0.019730199367368133,
        "accStd": 0.0026438976052440754,
        "recStd": 0.003981206184185973,
        "precStd": 0.07136610177653634
    }
}