{
    "Timeout": [
        1,
        30
    ],
    "Mean of all scores": {
        "f1Mean": 0.7218608507059374,
        "accMean": 0.9879974172622756,
        "recMean": 0.7111481567170062,
        "precMean": 0.7656297759569817
    },
    "Std of all Scores": {
        "f1Std": 0.01823893598288084,
        "accStd": 0.002660879763367531,
        "recStd": 0.0070075579784597995,
        "precStd": 0.08269881729325156
    }
}