{
    "Timeout": [
        5,
        5
    ],
    "Mean of all scores": {
        "f1Mean": 0.7213864106224861,
        "accMean": 0.9881127636672105,
        "recMean": 0.7122883271624281,
        "precMean": 0.7644746802811524
    },
    "Std of all Scores": {
        "f1Std": 0.016180444750694665,
        "accStd": 0.0026324976651707537,
        "recStd": 0.004763564186552072,
        "precStd": 0.07686290829562496
    }
}