{
    "Timeout": [
        10,
        30
    ],
    "Mean of all scores": {
        "f1Mean": 0.7217581100677477,
        "accMean": 0.9880894330790992,
        "recMean": 0.7111496038039584,
        "precMean": 0.7599800041452356
    },
    "Std of all Scores": {
        "f1Std": 0.01777622362261055,
        "accStd": 0.0026349901154281816,
        "recStd": 0.005481080920351592,
        "precStd": 0.0703036884683391
    }
}