{
    "Timeout": [
        4,
        60
    ],
    "Mean of all scores": {
        "f1Mean": 0.7225887607258048,
        "accMean": 0.9881242580714499,
        "recMean": 0.7114348071809854,
        "precMean": 0.7668704168675512
    },
    "Std of all Scores": {
        "f1Std": 0.018601411956133667,
        "accStd": 0.0026270712904081684,
        "recStd": 0.004030196562907905,
        "precStd": 0.08025094768016929
    }
}