{
    "Timeout": [
        5,
        30
    ],
    "Mean of all scores": {
        "f1Mean": 0.7218774305654765,
        "accMean": 0.9881101150492195,
        "recMean": 0.712131862561811,
        "precMean": 0.7663110666457458
    },
    "Std of all Scores": {
        "f1Std": 0.018794996264384356,
        "accStd": 0.002644121498928603,
        "recStd": 0.005795485374943546,
        "precStd": 0.083782524411242
    }
}