{
    "Timeout": [
        4,
        4
    ],
    "Mean of all scores": {
        "f1Mean": 0.7218120594255668,
        "accMean": 0.9881302832388681,
        "recMean": 0.7122049746655416,
        "precMean": 0.7648829495073103
    },
    "Std of all Scores": {
        "f1Std": 0.020882629146178677,
        "accStd": 0.0026505534416138674,
        "recStd": 0.005597252865589685,
        "precStd": 0.08315050462468482
    }
}