{
    "Timeout": [
        3,
        60
    ],
    "Mean of all scores": {
        "f1Mean": 0.7216777451661945,
        "accMean": 0.9880744546383428,
        "recMean": 0.7132611450814906,
        "precMean": 0.7523661503290635
    },
    "Std of all Scores": {
        "f1Std": 0.016825810925053523,
        "accStd": 0.00262962374750122,
        "recStd": 0.00574099107594309,
        "precStd": 0.061595920783004084
    }
}