{
    "Timeout": [
        2,
        3
    ],
    "Mean of all scores": {
        "f1Mean": 0.7199273181864765,
        "accMean": 0.9881168599108319,
        "recMean": 0.7106055433390831,
        "precMean": 0.7612794005989774
    },
    "Std of all Scores": {
        "f1Std": 0.018227449946618058,
        "accStd": 0.002606785595050441,
        "recStd": 0.00324970757751865,
        "precStd": 0.08020894484306662
    }
}