{
    "Timeout": [
        2,
        60
    ],
    "Mean of all scores": {
        "f1Mean": 0.720797549535477,
        "accMean": 0.9881051708446169,
        "recMean": 0.7111818104936958,
        "precMean": 0.75357859294024
    },
    "Std of all Scores": {
        "f1Std": 0.018174670618414157,
        "accStd": 0.00261455965368227,
        "recStd": 0.004730592761878418,
        "precStd": 0.06376962793753638
    }
}