{
    "Timeout": [
        0.5,
        5
    ],
    "Mean of all scores": {
        "f1Mean": 0.7188046724224938,
        "accMean": 0.9878946904768637,
        "recMean": 0.7081716844160248,
        "precMean": 0.7570413084034845
    },
    "Std of all Scores": {
        "f1Std": 0.02065262207015626,
        "accStd": 0.002660988283890204,
        "recStd": 0.002594745247944863,
        "precStd": 0.07147324146211823
    }
}