{
    "Timeout": [
        3,
        3
    ],
    "Mean of all scores": {
        "f1Mean": 0.7206073765624421,
        "accMean": 0.9881195367449574,
        "recMean": 0.7127594446099407,
        "precMean": 0.7506312795230367
    },
    "Std of all Scores": {
        "f1Std": 0.01835269600293505,
        "accStd": 0.0026375090720046667,
        "recStd": 0.006216969166871567,
        "precStd": 0.06424597426771214
    }
}