{
    "Timeout": [
        3,
        5
    ],
    "Mean of all scores": {
        "f1Mean": 0.7219514890468298,
        "accMean": 0.9881189182327293,
        "recMean": 0.7108089365546265,
        "precMean": 0.7652661341757024
    },
    "Std of all Scores": {
        "f1Std": 0.020143601876395537,
        "accStd": 0.002635711466550845,
        "recStd": 0.003534723963198803,
        "precStd": 0.0798568367013221
    }
}