{
    "Timeout": [
        0.5,
        30
    ],
    "Mean of all scores": {
        "f1Mean": 0.7202752350468751,
        "accMean": 0.987884970990305,
        "recMean": 0.7078989186300245,
        "precMean": 0.7636827676235775
    },
    "Std of all Scores": {
        "f1Std": 0.018082840736700908,
        "accStd": 0.0026241239151393618,
        "recStd": 0.004399260196784192,
        "precStd": 0.07149328705263602
    }
}