{
    "Timeout": [
        2,
        5
    ],
    "Mean of all scores": {
        "f1Mean": 0.7212671241153166,
        "accMean": 0.9881198114098041,
        "recMean": 0.7111348371647559,
        "precMean": 0.7566976042456403
    },
    "Std of all Scores": {
        "f1Std": 0.018757750901927644,
        "accStd": 0.002592663166374418,
        "recStd": 0.004245445968701385,
        "precStd": 0.06978706890985163
    }
}