{
    "Timeout": [
        10,
        60
    ],
    "Mean of all scores": {
        "f1Mean": 0.7213524284622016,
        "accMean": 0.9880962443780492,
        "recMean": 0.7108469447219232,
        "precMean": 0.7599173421995141
    },
    "Std of all Scores": {
        "f1Std": 0.019783552533150082,
        "accStd": 0.00263195880808557,
        "recStd": 0.004828972068431976,
        "precStd": 0.0748599901371842
    }
}