{
    "Timeout": [
        1,
        2
    ],
    "Mean of all scores": {
        "f1Mean": 0.7196414194474546,
        "accMean": 0.9880339761351788,
        "recMean": 0.7096512272343083,
        "precMean": 0.7548873043188985
    },
    "Std of all Scores": {
        "f1Std": 0.017539324709695048,
        "accStd": 0.0026225533633420966,
        "recStd": 0.004944141587039788,
        "precStd": 0.06430521829701655
    }
}