{
    "Best score": {
        "Best Timeout": 0.5,
        "Mean Scores (Best)": {
            "f1Mean": 0.7188808225105922,
            "accMean": 0.8816816845227677,
            "recMean": 0.737516399604518,
            "precMean": 0.7299121367411219
        },
        "Std Scores (Best)": {
            "f1Std": 0.059220992575897524,
            "accStd": 0.02779048011273995,
            "recStd": 0.06577774275561828,
            "precStd": 0.05509605539612502
        }
    },
    "Worst score": {
        "Worst Timeout": 4,
        "Mean Scores (Worst)": {
            "f1Mean": 0.6677191479517658,
            "accMean": 0.8850962703276053,
            "recMean": 0.6981484737469615,
            "precMean": 0.6767905681281622
        },
        "Std Scores (Worst)": {
            "f1Std": 0.05274526526283913,
            "accStd": 0.028387945825920347,
            "recStd": 0.06441654529120029,
            "precStd": 0.04139702013027459
        }
    },
    "Difference": {
        "Accuracy": -0.34145858048375555,
        "F1 Score": 5.116167455882636,
        "Precision": 5.3121568612959695,
        "Recall": 3.936792585755644
    }
}