{
    "Best score": {
        "Best Timeout": 6,
        "Accuracy": 0.8244098070977817,
        "F1 Score": 0.6430668776650493,
        "Precision": 0.6393762128252443,
        "Recall": 0.7155578779141166
    },
    "Worst score": {
        "Worst Timeout": 5,
        "Accuracy": 0.7629149332221307,
        "F1 Score": 0.5553699710613901,
        "Precision": 0.5516345123133874,
        "Recall": 0.6611454472001441
    },
    "Difference": {
        "Accuracy": 0.061494873875651,
        "F1 Score": 8.769690660365924,
        "Precision": 8.774170051185681,
        "Recall": 5.441243071397251
    }
}