{
    "Timeout": [
        1,
        4
    ],
    "Mean of all scores": {
        "f1Mean": 0.9427381938474092,
        "accMean": 0.968346757192303,
        "recMean": 0.9606044150198688,
        "precMean": 0.9522450117127745
    },
    "Std of all Scores": {
        "f1Std": 0.053665563622084675,
        "accStd": 0.04125373266205658,
        "recStd": 0.04970438655013393,
        "precStd": 0.04341875652077802
    }
}