{
    "Timeout": [
        0.5,
        4
    ],
    "Mean of all scores": {
        "f1Mean": 0.9178891123474606,
        "accMean": 0.9743381102088975,
        "recMean": 0.9660439754884524,
        "precMean": 0.9254597104532569
    },
    "Std of all Scores": {
        "f1Std": 0.09161389353978491,
        "accStd": 0.032387109257858274,
        "recStd": 0.050268544507215754,
        "precStd": 0.09626377914561556
    }
}