{
    "Timeout": [
        5,
        60
    ],
    "Mean of all scores": {
        "f1Mean": 0.9415872116941577,
        "accMean": 0.9664138949531269,
        "recMean": 0.9548233301576003,
        "precMean": 0.9522134895154304
    },
    "Std of all Scores": {
        "f1Std": 0.04101920837654622,
        "accStd": 0.032761000188883956,
        "recStd": 0.05469476243552978,
        "precStd": 0.03253821027694339
    }
}