{
    "Timeout": [
        3,
        5
    ],
    "Mean of all scores": {
        "f1Mean": 0.9380655269398662,
        "accMean": 0.9750425824866363,
        "recMean": 0.9463813890277308,
        "precMean": 0.9539470610879274
    },
    "Std of all Scores": {
        "f1Std": 0.047758175392381814,
        "accStd": 0.025166010518370568,
        "recStd": 0.04870890261319981,
        "precStd": 0.026709248133562444
    }
}