{
    "Timeout": [
        0.5,
        60
    ],
    "Mean of all scores": {
        "f1Mean": 0.915576573571605,
        "accMean": 0.9755467422655972,
        "recMean": 0.9113787671254923,
        "precMean": 0.9640081950214775
    },
    "Std of all Scores": {
        "f1Std": 0.058226954851914224,
        "accStd": 0.02639250337290746,
        "recStd": 0.08059128977429507,
        "precStd": 0.03596869260150587
    }
}