{
    "Timeout": [
        1,
        2
    ],
    "Mean of all scores": {
        "f1Mean": 0.9189717094222984,
        "accMean": 0.9682189583831988,
        "recMean": 0.9542181306934946,
        "precMean": 0.9286243362145372
    },
    "Std of all Scores": {
        "f1Std": 0.060934988990388794,
        "accStd": 0.04242712576116473,
        "recStd": 0.04643411252164247,
        "precStd": 0.0621251619221092
    }
}