{
    "Timeout": [
        2,
        3
    ],
    "Mean of all scores": {
        "f1Mean": 0.9209211078328364,
        "accMean": 0.9725813339600633,
        "recMean": 0.9140587202719516,
        "precMean": 0.9666421096719502
    },
    "Std of all Scores": {
        "f1Std": 0.06381230195824529,
        "accStd": 0.03341784150627774,
        "recStd": 0.08244269775440966,
        "precStd": 0.04320082021907559
    }
}