{
    "Timeout": [
        4,
        5
    ],
    "Mean of all scores": {
        "f1Mean": 0.932708575141232,
        "accMean": 0.9722370592286442,
        "recMean": 0.9439779374949376,
        "precMean": 0.949662755954192
    },
    "Std of all Scores": {
        "f1Std": 0.042275585019848474,
        "accStd": 0.033710450616777896,
        "recStd": 0.044613413506898104,
        "precStd": 0.040471236639857716
    }
}