{
    "Timeout": [
        3,
        3
    ],
    "Mean of all scores": {
        "f1Mean": 0.9460837054646453,
        "accMean": 0.9741005411649368,
        "recMean": 0.9634739076641186,
        "precMean": 0.9527733595301736
    },
    "Std of all Scores": {
        "f1Std": 0.05281432668656803,
        "accStd": 0.030657897406490636,
        "recStd": 0.04957418638545114,
        "precStd": 0.04148240999013349
    }
}