{
    "Timeout": [
        0.5,
        30
    ],
    "Mean of all scores": {
        "f1Mean": 0.9003147859866594,
        "accMean": 0.9716485305857931,
        "recMean": 0.9632821091725468,
        "precMean": 0.9073215704875379
    },
    "Std of all Scores": {
        "f1Std": 0.09117633353837039,
        "accStd": 0.03688062701137025,
        "recStd": 0.049862010630676155,
        "precStd": 0.10160694058762053
    }
}