{
    "Timeout": [
        4,
        4
    ],
    "Mean of all scores": {
        "f1Mean": 0.9371177552756638,
        "accMean": 0.970818005722308,
        "recMean": 0.955842496339511,
        "precMean": 0.9436668475569625
    },
    "Std of all Scores": {
        "f1Std": 0.046842233302840534,
        "accStd": 0.03302195732030603,
        "recStd": 0.04659006205769999,
        "precStd": 0.03927720364927189
    }
}