{
    "Timeout": [
        2,
        30
    ],
    "Mean of all scores": {
        "f1Mean": 0.9391647600028954,
        "accMean": 0.9741535796945211,
        "recMean": 0.9626083681024176,
        "precMean": 0.9414504838656367
    },
    "Std of all Scores": {
        "f1Std": 0.04886670098975552,
        "accStd": 0.03060531299529287,
        "recStd": 0.047624027350082754,
        "precStd": 0.044515726597034976
    }
}