{
    "Timeout": [
        4,
        30
    ],
    "Mean of all scores": {
        "f1Mean": 0.9332048694416499,
        "accMean": 0.96762311498816,
        "recMean": 0.948831827543421,
        "precMean": 0.9444974681255933
    },
    "Std of all Scores": {
        "f1Std": 0.0436462040084855,
        "accStd": 0.030952781741715774,
        "recStd": 0.0456819806977696,
        "precStd": 0.041334574398272685
    }
}