{
    "Timeout": [
        2,
        5
    ],
    "Mean of all scores": {
        "f1Mean": 0.9247844035641858,
        "accMean": 0.9769775869801274,
        "recMean": 0.9534075366940907,
        "precMean": 0.934006348414453
    },
    "Std of all Scores": {
        "f1Std": 0.049187930167201625,
        "accStd": 0.025411919667427098,
        "recStd": 0.04441815671099515,
        "precStd": 0.05181886506645643
    }
}