{
    "Timeout": [
        1,
        30
    ],
    "Mean of all scores": {
        "f1Mean": 0.945462234870924,
        "accMean": 0.9731413870767576,
        "recMean": 0.9621883771042334,
        "precMean": 0.9532801987452073
    },
    "Std of all Scores": {
        "f1Std": 0.050209903849365384,
        "accStd": 0.03298876550454119,
        "recStd": 0.049287218696146724,
        "precStd": 0.03727682942267265
    }
}