{
    "Timeout": [
        0.5,
        3
    ],
    "Mean of all scores": {
        "f1Mean": 0.9418414244315463,
        "accMean": 0.978228110192292,
        "recMean": 0.9505905211117757,
        "precMean": 0.9577473252372123
    },
    "Std of all Scores": {
        "f1Std": 0.059910487366781395,
        "accStd": 0.025376789912989972,
        "recStd": 0.05627005477086065,
        "precStd": 0.044141150376530464
    }
}