{
    "Timeout": [
        10,
        60
    ],
    "Mean of all scores": {
        "f1Mean": 0.9199146297715866,
        "accMean": 0.9696197416373735,
        "recMean": 0.9231220468085601,
        "precMean": 0.9557024883868032
    },
    "Std of all Scores": {
        "f1Std": 0.06712192748318532,
        "accStd": 0.03640463422007,
        "recStd": 0.09315478030247387,
        "precStd": 0.045597252910526985
    }
}