{
    "Timeout": [
        0.5,
        5
    ],
    "Mean of all scores": {
        "f1Mean": 0.9414174824798789,
        "accMean": 0.9781678301131483,
        "recMean": 0.946710005004376,
        "precMean": 0.9619558603190583
    },
    "Std of all Scores": {
        "f1Std": 0.05594202397274578,
        "accStd": 0.02475792507432355,
        "recStd": 0.05237897552377023,
        "precStd": 0.03580815387917964
    }
}