{
    "Timeout": [
        1,
        3
    ],
    "Mean of all scores": {
        "f1Mean": 0.9425935642953363,
        "accMean": 0.9766799529880865,
        "recMean": 0.9542520289733589,
        "precMean": 0.9566860025764139
    },
    "Std of all Scores": {
        "f1Std": 0.05461170635506893,
        "accStd": 0.027852038698916302,
        "recStd": 0.055058583904498325,
        "precStd": 0.031621546594192355
    }
}