{
    "Timeout": [
        2,
        60
    ],
    "Mean of all scores": {
        "f1Mean": 0.949827519898611,
        "accMean": 0.9744886630712365,
        "recMean": 0.9649093269872175,
        "precMean": 0.9569265029116089
    },
    "Std of all Scores": {
        "f1Std": 0.05375367614088356,
        "accStd": 0.03023268582661514,
        "recStd": 0.04973484647004257,
        "precStd": 0.04304244214663373
    }
}