{
    "Timeout": [
        1,
        60
    ],
    "Mean of all scores": {
        "f1Mean": 0.9279738026114558,
        "accMean": 0.9729763792180799,
        "recMean": 0.9622365042436897,
        "precMean": 0.9342902690392261
    },
    "Std of all Scores": {
        "f1Std": 0.05369242553192476,
        "accStd": 0.03329411086952365,
        "recStd": 0.053771465616229794,
        "precStd": 0.05212242593062681
    }
}