{
    "Timeout": [
        5,
        30
    ],
    "Mean of all scores": {
        "f1Mean": 0.9442567288708681,
        "accMean": 0.9716669468934315,
        "recMean": 0.9645736606457505,
        "precMean": 0.9483388253167458
    },
    "Std of all Scores": {
        "f1Std": 0.04701412131633517,
        "accStd": 0.032758393527449386,
        "recStd": 0.04775582036785089,
        "precStd": 0.03348267960586755
    }
}