{
    "Timeout": [
        3,
        30
    ],
    "Mean of all scores": {
        "f1Mean": 0.9262888497282142,
        "accMean": 0.9706413927132648,
        "recMean": 0.9337579275295578,
        "precMean": 0.9480071736341609
    },
    "Std of all Scores": {
        "f1Std": 0.03700781609224766,
        "accStd": 0.033519832285088494,
        "recStd": 0.04264187765828116,
        "precStd": 0.03577071705471116
    }
}