{
    "Timeout": [
        1,
        5
    ],
    "Mean of all scores": {
        "f1Mean": 0.9426365669774197,
        "accMean": 0.9751084597844585,
        "recMean": 0.9540332368560792,
        "precMean": 0.9553462153632178
    },
    "Std of all Scores": {
        "f1Std": 0.04677927113535605,
        "accStd": 0.028048395601689226,
        "recStd": 0.04826275621753802,
        "precStd": 0.034441293083159345
    }
}