{
    "Timeout": [
        5,
        5
    ],
    "Mean of all scores": {
        "f1Mean": 0.936988886742426,
        "accMean": 0.974978662117518,
        "recMean": 0.9425171114895152,
        "precMean": 0.9555546670692546
    },
    "Std of all Scores": {
        "f1Std": 0.04771799380228082,
        "accStd": 0.028478684555846887,
        "recStd": 0.04132277391909241,
        "precStd": 0.03895414950828223
    }
}