{
    "Timeout": [
        3,
        60
    ],
    "Mean of all scores": {
        "f1Mean": 0.9450722028991306,
        "accMean": 0.9735653792108161,
        "recMean": 0.9596769664107809,
        "precMean": 0.9525078142559998
    },
    "Std of all Scores": {
        "f1Std": 0.054557503413527296,
        "accStd": 0.031113247521663664,
        "recStd": 0.05394186483458392,
        "precStd": 0.03995527663030112
    }
}