{
    "Timeout": [
        2,
        2
    ],
    "Mean of all scores": {
        "f1Mean": 0.9218081480053912,
        "accMean": 0.9739828957592188,
        "recMean": 0.9576686355236582,
        "precMean": 0.9253998456891159
    },
    "Std of all Scores": {
        "f1Std": 0.05120335910719469,
        "accStd": 0.026511999993248,
        "recStd": 0.05018351905422657,
        "precStd": 0.0579137801951122
    }
}