{
    "Timeout": [
        0.5,
        2
    ],
    "Mean of all scores": {
        "f1Mean": 0.9484783496535204,
        "accMean": 0.979017150070851,
        "recMean": 0.9643891480918587,
        "precMean": 0.9559289212744115
    },
    "Std of all Scores": {
        "f1Std": 0.04710223966607987,
        "accStd": 0.023991482562168157,
        "recStd": 0.049222321693182386,
        "precStd": 0.03419069056651282
    }
}