{
    "Timeout": [
        10,
        30
    ],
    "Mean of all scores": {
        "f1Mean": 0.9153180785983791,
        "accMean": 0.9677110756548333,
        "recMean": 0.9238108647607731,
        "precMean": 0.950629558424939
    },
    "Std of all Scores": {
        "f1Std": 0.07951858629944915,
        "accStd": 0.03537072289355236,
        "recStd": 0.10237729302495598,
        "precStd": 0.04967260743466014
    }
}