{
    "Timeout": [
        2,
        4
    ],
    "Mean of all scores": {
        "f1Mean": 0.9285468172186091,
        "accMean": 0.97580525044086,
        "recMean": 0.9298430657982415,
        "precMean": 0.9634456823990728
    },
    "Std of all Scores": {
        "f1Std": 0.06628587889686535,
        "accStd": 0.028153416448542072,
        "recStd": 0.09158736016113,
        "precStd": 0.037824965923526105
    }
}