{
    "Timeout": [
        3,
        4
    ],
    "Mean of all scores": {
        "f1Mean": 0.9210766357187288,
        "accMean": 0.971698556043005,
        "recMean": 0.9349099505474818,
        "precMean": 0.9396349961556971
    },
    "Std of all Scores": {
        "f1Std": 0.04243815605862506,
        "accStd": 0.031752947998718944,
        "recStd": 0.0465730194522819,
        "precStd": 0.04984656760946275
    }
}