{
    "Timeout": [
        4,
        60
    ],
    "Mean of all scores": {
        "f1Mean": 0.9510199154858345,
        "accMean": 0.9714736114358681,
        "recMean": 0.9654319347153985,
        "precMean": 0.959465916361076
    },
    "Std of all Scores": {
        "f1Std": 0.054373703644797135,
        "accStd": 0.03135356614789998,
        "recStd": 0.04975793477542626,
        "precStd": 0.0436046227662219
    }
}