{
    "Best score": {
        "Best Timeout": [
            1,
            30
        ],
        "Mean Scores (Best)": {
            "f1Mean": 0.9530160633422398,
            "accMean": 0.994346998795215,
            "recMean": 0.9342382424194502,
            "precMean": 0.991888692568409
        },
        "Std Scores (Best)": {
            "f1Std": 0.01849618533696942,
            "accStd": 0.00325616373080997,
            "recStd": 0.030940959954632464,
            "precStd": 0.009508647887870321
        }
    },
    "Worst score": {
        "Worst Timeout": [
            10,
            60
        ],
        "Mean Scores (Worst)": {
            "f1Mean": 0.8725166982778237,
            "accMean": 0.9933889531197575,
            "recMean": 0.8577221343280759,
            "precMean": 0.9074567629926721
        },
        "Std Scores (Worst)": {
            "f1Std": 0.051029808513818414,
            "accStd": 0.004114314266710771,
            "recStd": 0.058021767306800566,
            "precStd": 0.026226530158916364
        }
    },
    "Difference": {
        "Accuracy": 0.09580456754575417,
        "F1 Score": 8.049936506441602,
        "Precision": 8.443192957573686,
        "Recall": 7.651610809137432
    }
}