{
    "Best score": {
        "Best Timeout": [
            4,
            4
        ],
        "Mean Scores (Best)": {
            "f1Mean": 0.9581543083394883,
            "accMean": 0.9939914126802275,
            "recMean": 0.9402118101517793,
            "precMean": 0.9922889512319821
        },
        "Std Scores (Best)": {
            "f1Std": 0.020345274693251227,
            "accStd": 0.0036342062753333703,
            "recStd": 0.03267854599869536,
            "precStd": 0.008891751443777431
        }
    },
    "Worst score": {
        "Worst Timeout": [
            10,
            60
        ],
        "Mean Scores (Worst)": {
            "f1Mean": 0.8978869197273024,
            "accMean": 0.9931668535782077,
            "recMean": 0.8824888796722984,
            "precMean": 0.9334090037120069
        },
        "Std Scores (Worst)": {
            "f1Std": 0.04656188483190216,
            "accStd": 0.0040565711732752155,
            "recStd": 0.05156090895113133,
            "precStd": 0.04391570317424304
        }
    },
    "Difference": {
        "Accuracy": 0.08245591020198395,
        "F1 Score": 6.026738861218595,
        "Precision": 5.887994751997527,
        "Recall": 5.7722930479480965
    }
}