{
    "Best score": {
        "Best Timeout": [
            10,
            60
        ],
        "Mean Scores (Best)": {
            "f1Mean": 0.9540058457091607,
            "accMean": 0.9716489376896007,
            "recMean": 0.9657472595306889,
            "precMean": 0.9534703660514678
        },
        "Std Scores (Best)": {
            "f1Std": 0.030168629918365195,
            "accStd": 0.020819348386219558,
            "recStd": 0.028369442983467746,
            "precStd": 0.030859605341132797
        }
    },
    "Worst score": {
        "Worst Timeout": [
            0.5,
            60
        ],
        "Mean Scores (Worst)": {
            "f1Mean": 0.9294727599161898,
            "accMean": 0.9573642613160678,
            "recMean": 0.93436557265288,
            "precMean": 0.9381633333973352
        },
        "Std Scores (Worst)": {
            "f1Std": 0.029134928270786835,
            "accStd": 0.02227066363828742,
            "recStd": 0.019276695326425404,
            "precStd": 0.033225371991282754
        }
    },
    "Difference": {
        "Accuracy": 1.4284676373532923,
        "F1 Score": 2.4533085792970866,
        "Precision": 1.530703265413269,
        "Recall": 3.1381686877808845
    }
}