{
    "Best score": {
        "Best Timeout": [
            10,
            60
        ],
        "Mean Scores (Best)": {
            "f1Mean": 0.9551120489795816,
            "accMean": 0.9719375252003214,
            "recMean": 0.9670699533052913,
            "precMean": 0.9541163767328932
        },
        "Std Scores (Best)": {
            "f1Std": 0.029241348209320395,
            "accStd": 0.0207598870971605,
            "recStd": 0.026926322231483033,
            "precStd": 0.030361704916562614
        }
    },
    "Worst score": {
        "Worst Timeout": [
            0.5,
            60
        ],
        "Mean Scores (Worst)": {
            "f1Mean": 0.9290281996162033,
            "accMean": 0.9571662336311879,
            "recMean": 0.9341847199333083,
            "precMean": 0.9374455516137049
        },
        "Std Scores (Worst)": {
            "f1Std": 0.02948715777330556,
            "accStd": 0.02236083127032596,
            "recStd": 0.01950115155102714,
            "precStd": 0.03373277145099803
        }
    },
    "Difference": {
        "Accuracy": 1.4771291569133482,
        "F1 Score": 2.6083849363378264,
        "Precision": 1.667082511918827,
        "Recall": 3.2885233371983014
    }
}