{
    "Timeout": [
        2,
        4
    ],
    "Mean of all scores": {
        "f1Mean": 0.9225789235133817,
        "accMean": 0.9952935805382224,
        "recMean": 0.9210908561814051,
        "precMean": 0.9447949887084581
    },
    "Std of all Scores": {
        "f1Std": 0.04132383554564527,
        "accStd": 0.0051918645627049495,
        "recStd": 0.041177243521937267,
        "precStd": 0.03977493910360159
    }
}