{
    "Timeout": [
        3,
        30
    ],
    "Mean of all scores": {
        "f1Mean": 0.8884086970356376,
        "accMean": 0.9951892475304487,
        "recMean": 0.9036039865742526,
        "precMean": 0.8887590104457752
    },
    "Std of all Scores": {
        "f1Std": 0.035812515140246165,
        "accStd": 0.004714980099299629,
        "recStd": 0.0394297872014596,
        "precStd": 0.03157310104934905
    }
}