{
    "Timeout": [
        3,
        5
    ],
    "Mean of all scores": {
        "f1Mean": 0.9151700210742566,
        "accMean": 0.993620174436967,
        "recMean": 0.9245427689745721,
        "precMean": 0.9339933568519904
    },
    "Std of all Scores": {
        "f1Std": 0.04467648121026099,
        "accStd": 0.0074175238759282645,
        "recStd": 0.058603345475271046,
        "precStd": 0.0416171780308146
    }
}