{
    "Timeout": [
        10,
        60
    ],
    "Mean of all scores": {
        "f1Mean": 0.8701143226872441,
        "accMean": 0.9938874811544558,
        "recMean": 0.8723737218942043,
        "precMean": 0.8838205466343808
    },
    "Std of all Scores": {
        "f1Std": 0.05886980440619255,
        "accStd": 0.00604545665140597,
        "recStd": 0.06441299224463325,
        "precStd": 0.03202083046810437
    }
}