{
    "Timeout": [
        0.5,
        5
    ],
    "Mean of all scores": {
        "f1Mean": 0.9436706048945689,
        "accMean": 0.9959288039410465,
        "recMean": 0.9470342264096875,
        "precMean": 0.9505733982937958
    },
    "Std of all Scores": {
        "f1Std": 0.03617220446743651,
        "accStd": 0.0035843708929858653,
        "recStd": 0.032751462658316036,
        "precStd": 0.04109314382419217
    }
}