{
    "Timeout": [
        5,
        30
    ],
    "Mean of all scores": {
        "f1Mean": 0.8699128701953149,
        "accMean": 0.9953169452184476,
        "recMean": 0.8714082846321165,
        "precMean": 0.8854382862045995
    },
    "Std of all Scores": {
        "f1Std": 0.037440393882368785,
        "accStd": 0.004376301661599328,
        "recStd": 0.03203374933125718,
        "precStd": 0.0386865914828324
    }
}