{
    "Timeout": [
        1,
        2
    ],
    "Mean of all scores": {
        "f1Mean": 0.9552040319368101,
        "accMean": 0.9963099561159675,
        "recMean": 0.9495487383932396,
        "precMean": 0.9693910738987107
    },
    "Std of all Scores": {
        "f1Std": 0.03237883766385821,
        "accStd": 0.003761764468859078,
        "recStd": 0.04035718272865435,
        "precStd": 0.022544296819884426
    }
}