{
    "Timeout": [
        4,
        5
    ],
    "Mean of all scores": {
        "f1Mean": 0.9170075811248992,
        "accMean": 0.9958430617009812,
        "recMean": 0.9122239398234979,
        "precMean": 0.9339247230890392
    },
    "Std of all Scores": {
        "f1Std": 0.05177972249478234,
        "accStd": 0.004334644865496512,
        "recStd": 0.0470470061825968,
        "precStd": 0.060440500182966005
    }
}