{
    "Timeout": [
        4,
        4
    ],
    "Mean of all scores": {
        "f1Mean": 0.9114431985721969,
        "accMean": 0.9950027051639847,
        "recMean": 0.9195563746857494,
        "precMean": 0.9231232746096619
    },
    "Std of all Scores": {
        "f1Std": 0.03158481655137604,
        "accStd": 0.0050941180736720215,
        "recStd": 0.04276336779085348,
        "precStd": 0.03219370043259782
    }
}