{
    "Timeout": [
        1,
        3
    ],
    "Mean of all scores": {
        "f1Mean": 0.9107816009616544,
        "accMean": 0.9962675835229489,
        "recMean": 0.9150727418462241,
        "precMean": 0.9299995528074572
    },
    "Std of all Scores": {
        "f1Std": 0.0449874613684221,
        "accStd": 0.003789681355229792,
        "recStd": 0.042953304203136186,
        "precStd": 0.04625075964966311
    }
}