{
    "Timeout": [
        0.5,
        2
    ],
    "Mean of all scores": {
        "f1Mean": 0.9071409129562612,
        "accMean": 0.9962205587827491,
        "recMean": 0.9127036768712857,
        "precMean": 0.9108729817291403
    },
    "Std of all Scores": {
        "f1Std": 0.030627457032228928,
        "accStd": 0.003468925251812498,
        "recStd": 0.026527527303434165,
        "precStd": 0.03843468852350348
    }
}