{
    "Timeout": [
        0.5,
        4
    ],
    "Mean of all scores": {
        "f1Mean": 0.9416338506145966,
        "accMean": 0.9963918187651195,
        "recMean": 0.9436737655016669,
        "precMean": 0.9497879834708275
    },
    "Std of all Scores": {
        "f1Std": 0.0521281849485147,
        "accStd": 0.0034063349392696477,
        "recStd": 0.05532611893317868,
        "precStd": 0.05233358908340857
    }
}