{
    "Timeout": [
        2,
        30
    ],
    "Mean of all scores": {
        "f1Mean": 0.8975244451219913,
        "accMean": 0.9943906182384714,
        "recMean": 0.9060158887578682,
        "precMean": 0.9059175379833821
    },
    "Std of all Scores": {
        "f1Std": 0.04445045746945758,
        "accStd": 0.006944989853876626,
        "recStd": 0.054872965204264094,
        "precStd": 0.0342133171317521
    }
}