{
    "Timeout": [
        1,
        30
    ],
    "Mean of all scores": {
        "f1Mean": 0.9432088610172575,
        "accMean": 0.9961512202259838,
        "recMean": 0.9454305674055032,
        "precMean": 0.9578035218192076
    },
    "Std of all Scores": {
        "f1Std": 0.03930541388075287,
        "accStd": 0.0037584173080638886,
        "recStd": 0.05328691986964031,
        "precStd": 0.029468042468066974
    }
}