{
    "Timeout": [
        2,
        60
    ],
    "Mean of all scores": {
        "f1Mean": 0.9107618449562846,
        "accMean": 0.9946178798071166,
        "recMean": 0.9216095334264807,
        "precMean": 0.9176539012145281
    },
    "Std of all Scores": {
        "f1Std": 0.03762175017645105,
        "accStd": 0.0056571800848843135,
        "recStd": 0.05296333681155213,
        "precStd": 0.025983240815297674
    }
}