{
    "Timeout": [
        1,
        5
    ],
    "Mean of all scores": {
        "f1Mean": 0.9221017328190569,
        "accMean": 0.9958628257322321,
        "recMean": 0.9278348250305053,
        "precMean": 0.9359642259316894
    },
    "Std of all Scores": {
        "f1Std": 0.06336172005640506,
        "accStd": 0.0037265527362541884,
        "recStd": 0.060667368158035084,
        "precStd": 0.06294470431375053
    }
}