{
    "Timeout": [
        2,
        3
    ],
    "Mean of all scores": {
        "f1Mean": 0.9061250686274178,
        "accMean": 0.993927445591493,
        "recMean": 0.9049105419583311,
        "precMean": 0.9292550529369367
    },
    "Std of all Scores": {
        "f1Std": 0.05475632329943259,
        "accStd": 0.004666707739705724,
        "recStd": 0.059076754914415205,
        "precStd": 0.044680411444596835
    }
}