{
    "Timeout": [
        10,
        30
    ],
    "Mean of all scores": {
        "f1Mean": 0.881896879511436,
        "accMean": 0.9950069181883716,
        "recMean": 0.9095417307367197,
        "precMean": 0.8919726633579377
    },
    "Std of all Scores": {
        "f1Std": 0.04654992252615144,
        "accStd": 0.004663703861926445,
        "recStd": 0.07204678792049458,
        "precStd": 0.021311075126369813
    }
}