{
    "Timeout": [
        0.5,
        60
    ],
    "Mean of all scores": {
        "f1Mean": 0.9470322709387119,
        "accMean": 0.9959580308027032,
        "recMean": 0.9476785250415467,
        "precMean": 0.9564910044161936
    },
    "Std of all Scores": {
        "f1Std": 0.03420951145558303,
        "accStd": 0.004059188382202886,
        "recStd": 0.033125718631654005,
        "precStd": 0.04182648670473636
    }
}