{
    "Timeout": [
        5,
        5
    ],
    "Mean of all scores": {
        "f1Mean": 0.8969024859083344,
        "accMean": 0.9949158518230977,
        "recMean": 0.9005627227439648,
        "precMean": 0.9096156202625553
    },
    "Std of all Scores": {
        "f1Std": 0.04171137169632486,
        "accStd": 0.006002319365146354,
        "recStd": 0.04464494779634469,
        "precStd": 0.03487918598235242
    }
}