{
    "Timeout": [
        1,
        4
    ],
    "Mean of all scores": {
        "f1Mean": 0.9275430643650278,
        "accMean": 0.9954148434646524,
        "recMean": 0.9365671417814887,
        "precMean": 0.9466936920878462
    },
    "Std of all Scores": {
        "f1Std": 0.04499693915050747,
        "accStd": 0.004845864627535817,
        "recStd": 0.0499811115368328,
        "precStd": 0.03737546705753561
    }
}