{
    "Timeout": [
        3,
        60
    ],
    "Mean of all scores": {
        "f1Mean": 0.8663623051099233,
        "accMean": 0.9947127659376495,
        "recMean": 0.8763801516463199,
        "precMean": 0.8717957146448265
    },
    "Std of all Scores": {
        "f1Std": 0.05378718455334207,
        "accStd": 0.00562283307636653,
        "recStd": 0.05887671121069887,
        "precStd": 0.03714492043944882
    }
}