{
    "Timeout": [
        4,
        30
    ],
    "Mean of all scores": {
        "f1Mean": 0.8733053255975426,
        "accMean": 0.99436878416798,
        "recMean": 0.8711231199257465,
        "precMean": 0.8859892630198674
    },
    "Std of all Scores": {
        "f1Std": 0.038780632958398335,
        "accStd": 0.005680070470461385,
        "recStd": 0.04322540678709862,
        "precStd": 0.029803458097010984
    }
}