{
    "Timeout": [
        0.5,
        30
    ],
    "Mean of all scores": {
        "f1Mean": 0.9358085231632947,
        "accMean": 0.9964164933861721,
        "recMean": 0.9318737897558975,
        "precMean": 0.9473708401831337
    },
    "Std of all Scores": {
        "f1Std": 0.028828771898903625,
        "accStd": 0.003480406267246895,
        "recStd": 0.03611320097696002,
        "precStd": 0.023728349706712785
    }
}