{
    "Timeout": [
        0.5,
        3
    ],
    "Mean of all scores": {
        "f1Mean": 0.9195751951134484,
        "accMean": 0.9955711637595754,
        "recMean": 0.9294069113573833,
        "precMean": 0.9422383045966516
    },
    "Std of all Scores": {
        "f1Std": 0.04594446284450336,
        "accStd": 0.0037930841460274995,
        "recStd": 0.044364274609197514,
        "precStd": 0.05143729915058588
    }
}