{
    "Timeout": [
        3,
        3
    ],
    "Mean of all scores": {
        "f1Mean": 0.9052126637053348,
        "accMean": 0.9915740499601092,
        "recMean": 0.9074818187193883,
        "precMean": 0.9267629265628452
    },
    "Std of all Scores": {
        "f1Std": 0.04589523575359795,
        "accStd": 0.009455291443502442,
        "recStd": 0.04190158826279606,
        "precStd": 0.04836415310460457
    }
}