{
    "Timeout": [
        1,
        60
    ],
    "Mean of all scores": {
        "f1Mean": 0.9216945916585434,
        "accMean": 0.9953083040839659,
        "recMean": 0.9257476080207182,
        "precMean": 0.9397857152853227
    },
    "Std of all Scores": {
        "f1Std": 0.0505412542205186,
        "accStd": 0.0041748062497281215,
        "recStd": 0.0624397585221879,
        "precStd": 0.025757988696984917
    }
}