{
    "Timeout": [
        4,
        60
    ],
    "Mean of all scores": {
        "f1Mean": 0.8871993425052713,
        "accMean": 0.9958957649270908,
        "recMean": 0.8963838002644007,
        "precMean": 0.9032199989758525
    },
    "Std of all Scores": {
        "f1Std": 0.05088260911036958,
        "accStd": 0.004392210299518141,
        "recStd": 0.05750637012753051,
        "precStd": 0.049473838432377855
    }
}