{
    "Timeout": [
        5,
        60
    ],
    "Mean of all scores": {
        "f1Mean": 0.8873824035086818,
        "accMean": 0.9957484964359459,
        "recMean": 0.8906721603302064,
        "precMean": 0.9024245146439013
    },
    "Std of all Scores": {
        "f1Std": 0.05129946346114975,
        "accStd": 0.004306119719783967,
        "recStd": 0.04496845818517464,
        "precStd": 0.05370590395272569
    }
}