{
    "Timeout": [
        2,
        5
    ],
    "Mean of all scores": {
        "f1Mean": 0.8935806004767881,
        "accMean": 0.9951187684406854,
        "recMean": 0.9024132212479146,
        "precMean": 0.9052419909826428
    },
    "Std of all Scores": {
        "f1Std": 0.05148527737850819,
        "accStd": 0.004668292547588269,
        "recStd": 0.05935979915818506,
        "precStd": 0.05433521584512501
    }
}