{
    "Timeout": [
        3,
        4
    ],
    "Mean of all scores": {
        "f1Mean": 0.9178556913842646,
        "accMean": 0.9948965294144884,
        "recMean": 0.9217206696093733,
        "precMean": 0.9369328149663108
    },
    "Std of all Scores": {
        "f1Std": 0.0459569093263436,
        "accStd": 0.0051040661881573725,
        "recStd": 0.048673538974679804,
        "precStd": 0.03827381724010472
    }
}