{
    "Timeout": [
        2,
        2
    ],
    "Mean of all scores": {
        "f1Mean": 0.9308295653167328,
        "accMean": 0.9951160049825056,
        "recMean": 0.9344458162144127,
        "precMean": 0.9496882612012867
    },
    "Std of all Scores": {
        "f1Std": 0.03378987297356227,
        "accStd": 0.004319561562910748,
        "recStd": 0.037079232557255676,
        "precStd": 0.03079531271194127
    }
}