{
    "Timeout": [
        1,
        4
    ],
    "Mean of all scores": {
        "f1Mean": 0.9355219694502732,
        "accMean": 0.9617001197289732,
        "recMean": 0.9454885952903502,
        "precMean": 0.9403798498805603
    },
    "Std of all Scores": {
        "f1Std": 0.031079881059091992,
        "accStd": 0.019922438820385507,
        "recStd": 0.02333250933795042,
        "precStd": 0.03836010329886997
    }
}