{
    "Timeout": [
        3,
        4
    ],
    "Mean of all scores": {
        "f1Mean": 0.9351052936672248,
        "accMean": 0.9626063970301736,
        "recMean": 0.9449794404603755,
        "precMean": 0.9388697965994355
    },
    "Std of all Scores": {
        "f1Std": 0.02839354174339296,
        "accStd": 0.019312834707082484,
        "recStd": 0.023424712383310082,
        "precStd": 0.0336597447161501
    }
}