{
    "Timeout": [
        2,
        30
    ],
    "Mean of all scores": {
        "f1Mean": 0.9070363148330258,
        "accMean": 0.9933512399543811,
        "recMean": 0.8895310537997565,
        "precMean": 0.9385200796585942
    },
    "Std of all Scores": {
        "f1Std": 0.06880302231240877,
        "accStd": 0.002479370824268283,
        "recStd": 0.0805427844912321,
        "precStd": 0.05276140743294502
    }
}