{
    "Timeout": [
        3,
        30
    ],
    "Mean of all scores": {
        "f1Mean": 0.8825620295700098,
        "accMean": 0.992747432107244,
        "recMean": 0.8685455886252903,
        "precMean": 0.9119148200166126
    },
    "Std of all Scores": {
        "f1Std": 0.04501369019210017,
        "accStd": 0.0039006444863696316,
        "recStd": 0.05676350150611508,
        "precStd": 0.025133799382084706
    }
}