{
    "Timeout": [
        5,
        60
    ],
    "Mean of all scores": {
        "f1Mean": 0.9077781268337233,
        "accMean": 0.9934220440339899,
        "recMean": 0.887550011099737,
        "precMean": 0.9523419732094413
    },
    "Std of all Scores": {
        "f1Std": 0.06483860108414251,
        "accStd": 0.004320744051662587,
        "recStd": 0.07883243522561655,
        "precStd": 0.032950394782980105
    }
}