{
    "Timeout": [
        10,
        30
    ],
    "Mean of all scores": {
        "f1Mean": 0.899708498570084,
        "accMean": 0.9917274729231844,
        "recMean": 0.8814222843440584,
        "precMean": 0.9377874703674379
    },
    "Std of all Scores": {
        "f1Std": 0.06324707867495453,
        "accStd": 0.003917293360459957,
        "recStd": 0.07694479399781362,
        "precStd": 0.03239215246730313
    }
}