{
    "Timeout": [
        0.5,
        3
    ],
    "Mean of all scores": {
        "f1Mean": 0.9348074024097903,
        "accMean": 0.9943147018256461,
        "recMean": 0.9155684523877887,
        "precMean": 0.9674356524404774
    },
    "Std of all Scores": {
        "f1Std": 0.03140968457096484,
        "accStd": 0.0026263398906289544,
        "recStd": 0.03796686746784313,
        "precStd": 0.035903178635507044
    }
}