{
    "Timeout": [
        2,
        4
    ],
    "Mean of all scores": {
        "f1Mean": 0.9339597059693048,
        "accMean": 0.9938193236696471,
        "recMean": 0.9066016780137437,
        "precMean": 0.9910477498294616
    },
    "Std of all Scores": {
        "f1Std": 0.03527426477786988,
        "accStd": 0.003304650865207921,
        "recStd": 0.053822563597334755,
        "precStd": 0.010123040647269441
    }
}