{
    "Timeout": [
        2,
        2
    ],
    "Mean of all scores": {
        "f1Mean": 0.9235490176103511,
        "accMean": 0.992815929341813,
        "recMean": 0.9002435489458408,
        "precMean": 0.976125235997865
    },
    "Std of all Scores": {
        "f1Std": 0.054630673660179464,
        "accStd": 0.0039169481193672365,
        "recStd": 0.07040726614851042,
        "precStd": 0.025351238682427963
    }
}