{
    "Timeout": [
        2,
        5
    ],
    "Mean of all scores": {
        "f1Mean": 0.931725899616902,
        "accMean": 0.9920644024700458,
        "recMean": 0.9092902508252981,
        "precMean": 0.9768857967405185
    },
    "Std of all Scores": {
        "f1Std": 0.049583334275341145,
        "accStd": 0.0030169656981874297,
        "recStd": 0.06439591902725517,
        "precStd": 0.024669064677433676
    }
}