{
    "Timeout": [
        3,
        4
    ],
    "Mean of all scores": {
        "f1Mean": 0.9248952590312337,
        "accMean": 0.9922732337324891,
        "recMean": 0.90353290350644,
        "precMean": 0.9643461851889696
    },
    "Std of all Scores": {
        "f1Std": 0.05448426378468605,
        "accStd": 0.002923912117724142,
        "recStd": 0.07366546396808174,
        "precStd": 0.027055974958950447
    }
}