{
    "Timeout": [
        5,
        5
    ],
    "Mean of all scores": {
        "f1Mean": 0.9334488592399076,
        "accMean": 0.9939670691553593,
        "recMean": 0.9159096014302571,
        "precMean": 0.9638572576441191
    },
    "Std of all Scores": {
        "f1Std": 0.04416169140069891,
        "accStd": 0.0037331800617810005,
        "recStd": 0.05909455247725079,
        "precStd": 0.02710411247419071
    }
}