{
    "Timeout": [
        5,
        30
    ],
    "Mean of all scores": {
        "f1Mean": 0.8926158510072266,
        "accMean": 0.9921856807775772,
        "recMean": 0.8755807878187097,
        "precMean": 0.9261632763915044
    },
    "Std of all Scores": {
        "f1Std": 0.055915194831185996,
        "accStd": 0.003817132748736962,
        "recStd": 0.06893238280085799,
        "precStd": 0.043348480761444194
    }
}