{
    "Timeout": [
        0.5,
        2
    ],
    "Mean of all scores": {
        "f1Mean": 0.9581222531732326,
        "accMean": 0.9938879172066301,
        "recMean": 0.9359661306595717,
        "precMean": 0.9952130627748195
    },
    "Std of all Scores": {
        "f1Std": 0.027731865262974754,
        "accStd": 0.003314581254781799,
        "recStd": 0.04561647102060675,
        "precStd": 0.00653679293593553
    }
}