{
    "Timeout": [
        10,
        60
    ],
    "Mean of all scores": {
        "f1Mean": 0.8777358170143975,
        "accMean": 0.9925321951778944,
        "recMean": 0.8640271672505364,
        "precMean": 0.9081446410251403
    },
    "Std of all Scores": {
        "f1Std": 0.051373722929563284,
        "accStd": 0.004434245175167544,
        "recStd": 0.06236037454523633,
        "precStd": 0.026046781562885268
    }
}