{
    "Timeout": [
        0.5,
        60
    ],
    "Mean of all scores": {
        "f1Mean": 0.9463400195626168,
        "accMean": 0.9939436738816936,
        "recMean": 0.9247111070978928,
        "precMean": 0.981363233968068
    },
    "Std of all Scores": {
        "f1Std": 0.038980320414723144,
        "accStd": 0.0035636764353615354,
        "recStd": 0.05022045579695137,
        "precStd": 0.02591488821951305
    }
}