{
    "Timeout": [
        4,
        60
    ],
    "Mean of all scores": {
        "f1Mean": 0.9101365244544057,
        "accMean": 0.993639439935948,
        "recMean": 0.8920946572193676,
        "precMean": 0.9508752764199482
    },
    "Std of all Scores": {
        "f1Std": 0.061172386157010296,
        "accStd": 0.0036212989718890807,
        "recStd": 0.0715876379478886,
        "precStd": 0.03475234953226527
    }
}