{
    "Timeout": [
        0.5,
        5
    ],
    "Mean of all scores": {
        "f1Mean": 0.9405642911200545,
        "accMean": 0.9939507290193855,
        "recMean": 0.9220590786724143,
        "precMean": 0.968367845135424
    },
    "Std of all Scores": {
        "f1Std": 0.05314859428128344,
        "accStd": 0.00275546668116188,
        "recStd": 0.06035226180086093,
        "precStd": 0.05149455395824401
    }
}