{
    "Timeout": [
        4,
        4
    ],
    "Mean of all scores": {
        "f1Mean": 0.923747733365677,
        "accMean": 0.9930672627456574,
        "recMean": 0.8967270381866438,
        "precMean": 0.9766732219503981
    },
    "Std of all Scores": {
        "f1Std": 0.04674201137557954,
        "accStd": 0.004318966043443991,
        "recStd": 0.06119840570288301,
        "precStd": 0.025325678498249637
    }
}