{
    "Timeout": [
        1,
        30
    ],
    "Mean of all scores": {
        "f1Mean": 0.9416093447526833,
        "accMean": 0.9929307128227153,
        "recMean": 0.9213209466758077,
        "precMean": 0.977723453403385
    },
    "Std of all Scores": {
        "f1Std": 0.03411741289226378,
        "accStd": 0.002986630650344535,
        "recStd": 0.0443985436748115,
        "precStd": 0.024277511640722657
    }
}