{
    "Timeout": [
        0.5,
        4
    ],
    "Mean of all scores": {
        "f1Mean": 0.9455863022624934,
        "accMean": 0.9931345094248926,
        "recMean": 0.9247823505904007,
        "precMean": 0.9809715944906265
    },
    "Std of all Scores": {
        "f1Std": 0.043084173589526556,
        "accStd": 0.002409627750478462,
        "recStd": 0.055250342619470705,
        "precStd": 0.02544571809302677
    }
}