{
    "Timeout": [
        0.5,
        30
    ],
    "Mean of all scores": {
        "f1Mean": 0.9459617213251447,
        "accMean": 0.9942531361438768,
        "recMean": 0.9255786208163113,
        "precMean": 0.9789657863859109
    },
    "Std of all Scores": {
        "f1Std": 0.03512162131567871,
        "accStd": 0.0026234344300397837,
        "recStd": 0.044849730524088735,
        "precStd": 0.025269037997108657
    }
}