{
    "Timeout": [
        3,
        3
    ],
    "Mean of all scores": {
        "f1Mean": 0.9158645540899795,
        "accMean": 0.9879460115664424,
        "recMean": 0.8903190946202191,
        "precMean": 0.9754789593781238
    },
    "Std of all Scores": {
        "f1Std": 0.057504256168747485,
        "accStd": 0.011318552369542817,
        "recStd": 0.07650640763515133,
        "precStd": 0.026756336842812974
    }
}