{
    "Timeout": [
        2,
        60
    ],
    "Mean of all scores": {
        "f1Mean": 0.9103418755441698,
        "accMean": 0.9929709695327043,
        "recMean": 0.8910500775318846,
        "precMean": 0.9496676085498492
    },
    "Std of all Scores": {
        "f1Std": 0.05950373763908529,
        "accStd": 0.0037816643707116824,
        "recStd": 0.07166125187653433,
        "precStd": 0.03604679357667528
    }
}