{
    "Timeout": [
        3,
        60
    ],
    "Mean of all scores": {
        "f1Mean": 0.8810913255560953,
        "accMean": 0.9937872957556582,
        "recMean": 0.8665183294082807,
        "precMean": 0.9106184581237395
    },
    "Std of all Scores": {
        "f1Std": 0.046872641613754644,
        "accStd": 0.004054049791019018,
        "recStd": 0.05985194714912708,
        "precStd": 0.02461490834753028
    }
}