{
    "Timeout": [
        1,
        3
    ],
    "Mean of all scores": {
        "f1Mean": 0.9391016811443713,
        "accMean": 0.9944731817879919,
        "recMean": 0.9219074682756956,
        "precMean": 0.967729646672753
    },
    "Std of all Scores": {
        "f1Std": 0.033994109441052446,
        "accStd": 0.003091647086107293,
        "recStd": 0.04258185941227668,
        "precStd": 0.03600363217220153
    }
}