{
    "Timeout": [
        2,
        3
    ],
    "Mean of all scores": {
        "f1Mean": 0.9190383167689777,
        "accMean": 0.9928938396585465,
        "recMean": 0.898918347592932,
        "precMean": 0.9610672352232965
    },
    "Std of all Scores": {
        "f1Std": 0.06005962536834851,
        "accStd": 0.004418554271404871,
        "recStd": 0.07215996713211423,
        "precStd": 0.05030005744913762
    }
}