{
    "Timeout": [
        4,
        30
    ],
    "Mean of all scores": {
        "f1Mean": 0.8835130161683307,
        "accMean": 0.9920560585446883,
        "recMean": 0.8666029186137602,
        "precMean": 0.923391678788043
    },
    "Std of all Scores": {
        "f1Std": 0.0439498192531423,
        "accStd": 0.004294386850078311,
        "recStd": 0.0556498490834158,
        "precStd": 0.011609749694058848
    }
}