{
    "Timeout": [
        4,
        5
    ],
    "Mean of all scores": {
        "f1Mean": 0.9276418407939641,
        "accMean": 0.9920050505875118,
        "recMean": 0.9080889193222988,
        "precMean": 0.9646839308781212
    },
    "Std of all Scores": {
        "f1Std": 0.03959221337292076,
        "accStd": 0.003963581388070879,
        "recStd": 0.05332320134496098,
        "precStd": 0.03474122779704198
    }
}