{
    "Timeout": [
        1,
        2
    ],
    "Mean of all scores": {
        "f1Mean": 0.932722738355174,
        "accMean": 0.9934559562815675,
        "recMean": 0.9141392014781632,
        "precMean": 0.9671230644187995
    },
    "Std of all Scores": {
        "f1Std": 0.041048167872559924,
        "accStd": 0.003162782182038997,
        "recStd": 0.05249401218130818,
        "precStd": 0.03572560092957991
    }
}