{
    "Timeout": [
        1,
        60
    ],
    "Mean of all scores": {
        "f1Mean": 0.9236552395683407,
        "accMean": 0.9932676121009976,
        "recMean": 0.9075700957571188,
        "precMean": 0.9512427802402273
    },
    "Std of all Scores": {
        "f1Std": 0.05983405522628641,
        "accStd": 0.003310539182392256,
        "recStd": 0.07036520213562823,
        "precStd": 0.0486147513832823
    }
}