{
    "Timeout": [
        1,
        4
    ],
    "Mean of all scores": {
        "f1Mean": 0.9355802503693063,
        "accMean": 0.9939698273672599,
        "recMean": 0.9171912848256749,
        "precMean": 0.9676251399097555
    },
    "Std of all Scores": {
        "f1Std": 0.0522950890317309,
        "accStd": 0.0036662406940530467,
        "recStd": 0.05748208097120004,
        "precStd": 0.051702913546058146
    }
}