{
    "Timeout": [
        1,
        5
    ],
    "Mean of all scores": {
        "f1Mean": 0.9261727411413823,
        "accMean": 0.9939291084100358,
        "recMean": 0.9091001242531129,
        "precMean": 0.9532813359843925
    },
    "Std of all Scores": {
        "f1Std": 0.05247056326183237,
        "accStd": 0.003469651467102001,
        "recStd": 0.059348658066020694,
        "precStd": 0.053697538558841316
    }
}