{
    "Timeout": [
        3,
        5
    ],
    "Mean of all scores": {
        "f1Mean": 0.9412761235517264,
        "accMean": 0.9933891034933284,
        "recMean": 0.9190282715394258,
        "precMean": 0.9788254364476907
    },
    "Std of all Scores": {
        "f1Std": 0.03791266653363768,
        "accStd": 0.0034828921991351164,
        "recStd": 0.05084691390916124,
        "precStd": 0.02457375476348948
    }
}