{
    "Timeout": [
        1,
        2
    ],
    "Mean of all scores": {
        "f1Mean": 0.9606205292143433,
        "accMean": 0.9751915250653104,
        "recMean": 0.9678699759291602,
        "precMean": 0.9724602195468766
    },
    "Std of all Scores": {
        "f1Std": 0.042780848372244155,
        "accStd": 0.031246708032397274,
        "recStd": 0.04335915471789339,
        "precStd": 0.0452995285995003
    }
}