{
    "Timeout": [
        0.5,
        60
    ],
    "Mean of all scores": {
        "f1Mean": 0.9623449741260632,
        "accMean": 0.9754119088071438,
        "recMean": 0.9704657285294533,
        "precMean": 0.9730673501183913
    },
    "Std of all Scores": {
        "f1Std": 0.04324316950834473,
        "accStd": 0.031920129406720385,
        "recStd": 0.04377034157720062,
        "precStd": 0.04558697926410578
    }
}