{
    "Timeout": [
        2,
        30
    ],
    "Mean of all scores": {
        "f1Mean": 0.9613041122543917,
        "accMean": 0.9696218814207137,
        "recMean": 0.9702569473680022,
        "precMean": 0.970875699535266
    },
    "Std of all Scores": {
        "f1Std": 0.04359968477182628,
        "accStd": 0.03895201363293673,
        "recStd": 0.042207595960705314,
        "precStd": 0.04731823201423047
    }
}