{
    "Timeout": [
        0.5,
        2
    ],
    "Mean of all scores": {
        "f1Mean": 0.9618875787218295,
        "accMean": 0.9770763004976224,
        "recMean": 0.9698868008695325,
        "precMean": 0.9725870645581877
    },
    "Std of all Scores": {
        "f1Std": 0.043000085694743936,
        "accStd": 0.028884100686893198,
        "recStd": 0.044287155428051,
        "precStd": 0.04496910836470907
    }
}