{
    "Timeout": [
        0.5,
        30
    ],
    "Mean of all scores": {
        "f1Mean": 0.9629752137903258,
        "accMean": 0.976013903548999,
        "recMean": 0.97009855377223,
        "precMean": 0.9744154115541107
    },
    "Std of all Scores": {
        "f1Std": 0.04189488165817275,
        "accStd": 0.03024156660071071,
        "recStd": 0.04430100706664998,
        "precStd": 0.04168661462936969
    }
}