{
    "Timeout": [
        3,
        4
    ],
    "Mean of all scores": {
        "f1Mean": 0.9622905457978561,
        "accMean": 0.9721032304783268,
        "recMean": 0.9699592765683771,
        "precMean": 0.9727194965919523
    },
    "Std of all Scores": {
        "f1Std": 0.04136223510140415,
        "accStd": 0.03376209048445611,
        "recStd": 0.04329281417788576,
        "precStd": 0.04205838225025464
    }
}