{
    "Timeout": [
        10,
        60
    ],
    "Mean of all scores": {
        "f1Mean": 0.9609221325925056,
        "accMean": 0.9674150966746156,
        "recMean": 0.9694565489355096,
        "precMean": 0.9707362148487254
    },
    "Std of all Scores": {
        "f1Std": 0.04365209525007095,
        "accStd": 0.04119717183801111,
        "recStd": 0.043227239153484066,
        "precStd": 0.04638595523724058
    }
}