{
    "Timeout": [
        1,
        3
    ],
    "Mean of all scores": {
        "f1Mean": 0.9602173345957963,
        "accMean": 0.9739684658742471,
        "recMean": 0.968736362192254,
        "precMean": 0.9715143119555962
    },
    "Std of all Scores": {
        "f1Std": 0.043081480083114916,
        "accStd": 0.030069574439487677,
        "recStd": 0.04635021283122717,
        "precStd": 0.04262388372957481
    }
}