{
    "Timeout": [
        0.5,
        5
    ],
    "Mean of all scores": {
        "f1Mean": 0.9603818113796262,
        "accMean": 0.9755412699822099,
        "recMean": 0.9685265461941388,
        "precMean": 0.97290981426122
    },
    "Std of all Scores": {
        "f1Std": 0.04565016135081138,
        "accStd": 0.030911271093548333,
        "recStd": 0.04713716682233526,
        "precStd": 0.04558779412347256
    }
}