{
    "Timeout": [
        1,
        5
    ],
    "Mean of all scores": {
        "f1Mean": 0.9590217661783113,
        "accMean": 0.9720433257606924,
        "recMean": 0.9680286158930294,
        "precMean": 0.970722213792697
    },
    "Std of all Scores": {
        "f1Std": 0.04468105554075183,
        "accStd": 0.03332046709269895,
        "recStd": 0.046733211834572665,
        "precStd": 0.04447428143691201
    }
}