{
    "Timeout": [
        2,
        3
    ],
    "Mean of all scores": {
        "f1Mean": 0.9614224599287166,
        "accMean": 0.9723079039612956,
        "recMean": 0.970026409222017,
        "precMean": 0.9717669166333858
    },
    "Std of all Scores": {
        "f1Std": 0.04355452231299104,
        "accStd": 0.034807595586171296,
        "recStd": 0.04377455622110936,
        "precStd": 0.04628335026388698
    }
}