{
    "Timeout": [
        1,
        4
    ],
    "Mean of all scores": {
        "f1Mean": 0.9593207819017916,
        "accMean": 0.9726622096293374,
        "recMean": 0.9691906639384597,
        "precMean": 0.9681209439427155
    },
    "Std of all Scores": {
        "f1Std": 0.040467396972433706,
        "accStd": 0.029150833533721623,
        "recStd": 0.04405823104087894,
        "precStd": 0.04303805586574702
    }
}