{
    "Timeout": [
        3,
        3
    ],
    "Mean of all scores": {
        "f1Mean": 0.9610506827369777,
        "accMean": 0.9717011254034714,
        "recMean": 0.9698319509030746,
        "precMean": 0.9712852415692834
    },
    "Std of all Scores": {
        "f1Std": 0.0439712783386345,
        "accStd": 0.03571405464557425,
        "recStd": 0.04362145019553042,
        "precStd": 0.04718958307353196
    }
}