{
    "Timeout": [
        4,
        5
    ],
    "Mean of all scores": {
        "f1Mean": 0.9612797221399079,
        "accMean": 0.9712892533324491,
        "recMean": 0.9700548548302788,
        "precMean": 0.9708648931078603
    },
    "Std of all Scores": {
        "f1Std": 0.04290168214201785,
        "accStd": 0.035343762172920304,
        "recStd": 0.04300079246533052,
        "precStd": 0.04616746552601118
    }
}