{
    "Timeout": [
        5,
        60
    ],
    "Mean of all scores": {
        "f1Mean": 0.9613015850237335,
        "accMean": 0.9684146654680879,
        "recMean": 0.97015221658617,
        "precMean": 0.9708480540883553
    },
    "Std of all Scores": {
        "f1Std": 0.043254180802287094,
        "accStd": 0.04000228074798558,
        "recStd": 0.04208603278265681,
        "precStd": 0.04651123588895753
    }
}