{
    "Timeout": [
        1,
        30
    ],
    "Mean of all scores": {
        "f1Mean": 0.9616317458401544,
        "accMean": 0.9719854992756606,
        "recMean": 0.9700807570282965,
        "precMean": 0.9722269178405407
    },
    "Std of all Scores": {
        "f1Std": 0.04353738578236829,
        "accStd": 0.035982078653656005,
        "recStd": 0.043493873409625364,
        "precStd": 0.0458691776574564
    }
}