{
    "Timeout": [
        5,
        30
    ],
    "Mean of all scores": {
        "f1Mean": 0.9605326744296537,
        "accMean": 0.968505127740556,
        "recMean": 0.9689074787001779,
        "precMean": 0.970697995045733
    },
    "Std of all Scores": {
        "f1Std": 0.04261155235647809,
        "accStd": 0.039153079485436997,
        "recStd": 0.04123450406152532,
        "precStd": 0.04688582000409046
    }
}