{
    "Timeout": [
        3,
        5
    ],
    "Mean of all scores": {
        "f1Mean": 0.9611856049739537,
        "accMean": 0.9703350377602901,
        "recMean": 0.9702672749619943,
        "precMean": 0.9707431358682754
    },
    "Std of all Scores": {
        "f1Std": 0.043856459944866796,
        "accStd": 0.03796124007385613,
        "recStd": 0.042468258136007804,
        "precStd": 0.047951725909055325
    }
}