{
    "Timeout": [
        2,
        4
    ],
    "Mean of all scores": {
        "f1Mean": 0.9629910785181928,
        "accMean": 0.9733267098719958,
        "recMean": 0.9700763939003625,
        "precMean": 0.9736435093562132
    },
    "Std of all Scores": {
        "f1Std": 0.0409052982119663,
        "accStd": 0.03212216311811167,
        "recStd": 0.04342142476368913,
        "precStd": 0.04101300158693354
    }
}