{
    "Timeout": [
        3,
        60
    ],
    "Mean of all scores": {
        "f1Mean": 0.9610185492872058,
        "accMean": 0.9687586241818895,
        "recMean": 0.9701037678316936,
        "precMean": 0.9704971022820112
    },
    "Std of all Scores": {
        "f1Std": 0.04369020035542195,
        "accStd": 0.039631194361311156,
        "recStd": 0.04228835270079713,
        "precStd": 0.0474064043285664
    }
}