{
    "Timeout": [
        3,
        30
    ],
    "Mean of all scores": {
        "f1Mean": 0.9611603373158966,
        "accMean": 0.9687647449768647,
        "recMean": 0.9701544009484312,
        "precMean": 0.9707749681258575
    },
    "Std of all Scores": {
        "f1Std": 0.04362428749610802,
        "accStd": 0.039806687585768594,
        "recStd": 0.04233627806330552,
        "precStd": 0.04698430481326151
    }
}