{
    "Timeout": [
        4,
        60
    ],
    "Mean of all scores": {
        "f1Mean": 0.9607783636743459,
        "accMean": 0.9685829685995515,
        "recMean": 0.9699387639292958,
        "precMean": 0.9703435810739244
    },
    "Std of all Scores": {
        "f1Std": 0.043641610258789515,
        "accStd": 0.039435684217508385,
        "recStd": 0.04263037397140098,
        "precStd": 0.04698918181401412
    }
}