{
    "Timeout": [
        4,
        30
    ],
    "Mean of all scores": {
        "f1Mean": 0.9613395310072537,
        "accMean": 0.96883311324376,
        "recMean": 0.9703722377425532,
        "precMean": 0.9708655856014499
    },
    "Std of all Scores": {
        "f1Std": 0.04335451533961716,
        "accStd": 0.039607267631606054,
        "recStd": 0.04215208324320013,
        "precStd": 0.04682786066779485
    }
}