{
    "Timeout": [
        2,
        60
    ],
    "Mean of all scores": {
        "f1Mean": 0.9606242930173237,
        "accMean": 0.969182634787342,
        "recMean": 0.9703930622012187,
        "precMean": 0.969600958420626
    },
    "Std of all Scores": {
        "f1Std": 0.042615691257780565,
        "accStd": 0.03784982023722738,
        "recStd": 0.04218844624514559,
        "precStd": 0.0462672251805974
    }
}