{
    "Timeout": [
        4,
        4
    ],
    "Mean of all scores": {
        "f1Mean": 0.961207045136644,
        "accMean": 0.9707220415489328,
        "recMean": 0.9703810453261923,
        "precMean": 0.9709552942832584
    },
    "Std of all Scores": {
        "f1Std": 0.043675820649504815,
        "accStd": 0.037225929912775686,
        "recStd": 0.04290281430695388,
        "precStd": 0.047301802111814076
    }
}