{
    "Timeout": [
        10,
        30
    ],
    "Mean of all scores": {
        "f1Mean": 0.960830237626956,
        "accMean": 0.9678806009839118,
        "recMean": 0.9692993949270423,
        "precMean": 0.970750604659093
    },
    "Std of all Scores": {
        "f1Std": 0.04370536148075465,
        "accStd": 0.04040392650561323,
        "recStd": 0.04369197881259463,
        "precStd": 0.04641519592041367
    }
}