{
    "Timeout": [
        0.5,
        3
    ],
    "Mean of all scores": {
        "f1Mean": 0.9614481859309315,
        "accMean": 0.9758030057070914,
        "recMean": 0.9688453751400534,
        "precMean": 0.9740460555450333
    },
    "Std of all Scores": {
        "f1Std": 0.043879532705263555,
        "accStd": 0.03018804140977708,
        "recStd": 0.04649668722118352,
        "precStd": 0.04221926604075571
    }
}