{
    "Timeout": [
        2,
        5
    ],
    "Mean of all scores": {
        "f1Mean": 0.9626676753527617,
        "accMean": 0.9715999611565651,
        "recMean": 0.9704781541873606,
        "precMean": 0.9731893081124277
    },
    "Std of all Scores": {
        "f1Std": 0.041632513748734425,
        "accStd": 0.03555432447448242,
        "recStd": 0.04283633450056601,
        "precStd": 0.042507386830587204
    }
}