{
    "Timeout": [
        2,
        2
    ],
    "Mean of all scores": {
        "f1Mean": 0.9612413354273409,
        "accMean": 0.9745807102505394,
        "recMean": 0.9700514777821028,
        "precMean": 0.9710412211405004
    },
    "Std of all Scores": {
        "f1Std": 0.04373417743408411,
        "accStd": 0.03205200841429457,
        "recStd": 0.04343502412032219,
        "precStd": 0.045721117731824745
    }
}