{
    "Timeout": [
        0.5,
        4
    ],
    "Mean of all scores": {
        "f1Mean": 0.9611416240835957,
        "accMean": 0.9750749029996255,
        "recMean": 0.9696029493275284,
        "precMean": 0.9726247898194457
    },
    "Std of all Scores": {
        "f1Std": 0.04470632557041563,
        "accStd": 0.032203694159659006,
        "recStd": 0.0453832890754019,
        "precStd": 0.04632300622209999
    }
}