{
    "Timeout": [
        1,
        60
    ],
    "Mean of all scores": {
        "f1Mean": 0.9620645757381038,
        "accMean": 0.972769475891346,
        "recMean": 0.9701946024481248,
        "precMean": 0.9724459951348499
    },
    "Std of all Scores": {
        "f1Std": 0.04274915701539497,
        "accStd": 0.034366487613984656,
        "recStd": 0.04334123430820544,
        "precStd": 0.04498404071208282
    }
}