{
    "Timeout": [
        5,
        5
    ],
    "Mean of all scores": {
        "f1Mean": 0.9606156354013727,
        "accMean": 0.9703059238385444,
        "recMean": 0.9685783496198516,
        "precMean": 0.9713824873824487
    },
    "Std of all Scores": {
        "f1Std": 0.04281047156139167,
        "accStd": 0.03700556363591394,
        "recStd": 0.042050034321596506,
        "precStd": 0.046500217195924905
    }
}