{"accuracy": {"all_test_sets": 0.9909363612817087, "(0.5, 2)": 0.9844698164299541, "(1, 2)": 0.9841184336035975, "(2, 2)": 0.9946980644064504, "(0.5, 3)": 0.9847745717848314, "(1, 3)": 0.985159023245162, "(2, 3)": 0.9946218714658013, "(3, 3)": 0.9948860533240653, "(0.5, 4)": 0.9849307380639509, "(1, 4)": 0.984824911759242, "(2, 4)": 0.9950890593306289, "(3, 4)": 0.9952887474685329, "(4, 4)": 0.9954217124118877, "(0.5, 5)": 0.9849416566232059, "(1, 5)": 0.9856073769729654, "(2, 5)": 0.9958198955693772, "(3, 5)": 0.995974299004872, "(4, 5)": 0.9956348454766321, "(5, 5)": 0.9952917160542605, "(0.5, 30)": 0.9849910320542355, "(1, 30)": 0.9855956348466487, "(2, 30)": 0.9957774461916206, "(3, 30)": 0.995808048017808, "(4, 30)": 0.9957392829410662, "(5, 30)": 0.995567562252482, "(10, 30)": 0.9916805547608148, "(0.5, 60)": 0.9849910320542355, "(1, 60)": 0.985597819753892, "(2, 60)": 0.995777600710591, "(3, 60)": 0.9957930780852418, "(4, 60)": 0.9957291638769116, "(5, 60)": 0.9955307471030421, "(10, 60)": 0.9911732676104774}, "f1Score": {"all_test_sets": 0.8093680876856488, "(0.5, 2)": 0.7128543901646155, "(1, 2)": 0.7249767947026576, "(2, 2)": 0.7725869642350057, "(0.5, 3)": 0.7787070804867485, "(1, 3)": 0.8347145209784012, "(2, 3)": 0.8498337468298763, "(3, 3)": 0.8416056758756115, "(0.5, 4)": 0.7521095102789721, "(1, 4)": 0.81782525914055, "(2, 4)": 0.8391392020581268, "(3, 4)": 0.8330240977195891, "(4, 4)": 0.8346470723591322, "(0.5, 5)": 0.7853025886502729, "(1, 5)": 0.8180930286937949, "(2, 5)": 0.8460404587536483, "(3, 5)": 0.8491689900630276, "(4, 5)": 0.8367170596522001, "(5, 5)": 0.8307538791167264, "(0.5, 30)": 0.7591933916277956, "(1, 30)": 0.764647770033422, "(2, 30)": 0.8500465382181551, "(3, 30)": 0.7949137447229435, "(4, 30)": 0.7836283072660631, "(5, 30)": 0.8478208122603539, "(10, 30)": 0.7071237469698873, "(0.5, 60)": 0.7596904147130871, "(1, 60)": 0.7646440400709597, "(2, 60)": 0.8500461080356299, "(3, 60)": 0.7948990408620789, "(4, 60)": 0.7836170586072064, "(5, 60)": 0.7832163495918426, "(10, 60)": 0.7094755283207621}, "precision": {"all_test_sets": 0.9051518977780145, "(0.5, 2)": 0.8341156288381985, "(1, 2)": 0.8379487883488567, "(2, 2)": 0.8428113769485552, "(0.5, 3)": 0.9016900690261241, "(1, 3)": 0.9039104212759071, "(2, 3)": 0.913123280351345, "(3, 3)": 0.8343496484068729, "(0.5, 4)": 0.83640478867914, "(1, 4)": 0.8371643239828799, "(2, 4)": 0.8448429711800404, "(3, 4)": 0.8398588049249025, "(4, 4)": 0.8419872260947824, "(0.5, 5)": 0.9029912527603339, "(1, 5)": 0.8368111068961345, "(2, 5)": 0.855149323793544, "(3, 5)": 0.8547167721293432, "(4, 5)": 0.8427739574759463, "(5, 5)": 0.8428757204101495, "(0.5, 30)": 0.8174950564662673, "(1, 30)": 0.8226362369585695, "(2, 30)": 0.8565498034762018, "(3, 30)": 0.8561396977644246, "(4, 30)": 0.78953844204961, "(5, 30)": 0.8564875361102987, "(10, 30)": 0.8843850228500872, "(0.5, 60)": 0.8172731590425398, "(1, 60)": 0.8226279471885353, "(2, 60)": 0.8565491573547652, "(3, 60)": 0.8561326361899027, "(4, 60)": 0.7895935056627619, "(5, 60)": 0.7896747959838962, "(10, 60)": 0.884216588920927}, "recall": {"all_test_sets": 0.78563698813549, "(0.5, 2)": 0.6984377183099981, "(1, 2)": 0.7054042799349094, "(2, 2)": 0.758190636288473, "(0.5, 3)": 0.7640889911520993, "(1, 3)": 0.8248613581616488, "(2, 3)": 0.8439731996863177, "(3, 3)": 0.8515543991213405, "(0.5, 4)": 0.7461399001997698, "(1, 4)": 0.8152150893431096, "(2, 4)": 0.837315083940997, "(3, 4)": 0.832278006512159, "(4, 4)": 0.8321266086738255, "(0.5, 5)": 0.7688737164085054, "(1, 5)": 0.8160098298422399, "(2, 5)": 0.839408107495774, "(3, 5)": 0.8449088881384896, "(4, 5)": 0.8352194403004797, "(5, 5)": 0.8256835851715382, "(0.5, 30)": 0.7586401179810454, "(1, 30)": 0.7626418241399051, "(2, 30)": 0.8447539325846058, "(3, 30)": 0.7868893789067666, "(4, 30)": 0.7792963920900043, "(5, 30)": 0.8409443586054314, "(10, 30)": 0.6714625377727027, "(0.5, 60)": 0.7590866679982342, "(1, 60)": 0.7626440976308207, "(2, 60)": 0.8447537689676534, "(3, 60)": 0.7868648230366352, "(4, 60)": 0.779219869586533, "(5, 60)": 0.7783575899942101, "(10, 60)": 0.6710230243585497}}