{"accuracy": {"all_test_sets": 0.8367936935530393, "(0.5, 2)": 0.7939723926380368, "(1, 2)": 0.841269549314723, "(2, 2)": 0.848975531284396, "(0.5, 3)": 0.7963480271774722, "(1, 3)": 0.8451303422405799, "(2, 3)": 0.8630345150046757, "(3, 3)": 0.8670829069668287, "(0.5, 4)": 0.8066834875532264, "(1, 4)": 0.8501523490215924, "(2, 4)": 0.8658388661899897, "(3, 4)": 0.8698090144333419, "(4, 4)": 0.8857042133151013, "(0.5, 5)": 0.8077728296478296, "(1, 5)": 0.857897012910303, "(2, 5)": 0.8681223916191125, "(3, 5)": 0.8862376057782716, "(4, 5)": 0.9007480323380956, "(5, 5)": 0.9050887276307903, "(0.5, 30)": 0.8418474475581776, "(1, 30)": 0.8387106141240074, "(2, 30)": 0.8736480288420514, "(3, 30)": 0.8737658485393643, "(4, 30)": 0.8198018528049408, "(5, 30)": 0.8075878285517952, "(10, 30)": 0.7855896701085054, "(0.5, 60)": 0.8030684053101697, "(1, 60)": 0.8086983610712174, "(2, 60)": 0.8139080901177675, "(3, 60)": 0.8065932653585811, "(4, 60)": 0.8042263641043239, "(5, 60)": 0.7867375429553265, "(10, 60)": 0.7563453445554971}, "f1Score": {"all_test_sets": 0.6866044577103974, "(0.5, 2)": 0.6182983116194509, "(1, 2)": 0.6757467672495286, "(2, 2)": 0.6899790173065783, "(0.5, 3)": 0.6217132439018868, "(1, 3)": 0.6793983356365602, "(2, 3)": 0.7123874529808254, "(3, 3)": 0.7228890593188569, "(0.5, 4)": 0.6125194915790195, "(1, 4)": 0.6886853643764005, "(2, 4)": 0.7171124810533689, "(3, 4)": 0.7304091980765205, "(4, 4)": 0.7988493216441145, "(0.5, 5)": 0.6141434374782387, "(1, 5)": 0.6980550853337584, "(2, 5)": 0.7254431910296306, "(3, 5)": 0.790559204271391, "(4, 5)": 0.8461440205026168, "(5, 5)": 0.8556771518574301, "(0.5, 30)": 0.6678616425542306, "(1, 30)": 0.7118655033368124, "(2, 30)": 0.7174399636725048, "(3, 30)": 0.7247462755399319, "(4, 30)": 0.6633327029979502, "(5, 30)": 0.6631075322227384, "(10, 30)": 0.6619226087011518, "(0.5, 60)": 0.618444047619802, "(1, 60)": 0.6483246694769643, "(2, 60)": 0.6679071459574569, "(3, 60)": 0.6515899108251993, "(4, 60)": 0.6490819191219906, "(5, 60)": 0.6295065608232047, "(10, 60)": 0.6038768046039523}, "precision": {"all_test_sets": 0.7724925803596201, "(0.5, 2)": 0.7741233605651288, "(1, 2)": 0.8603198125509954, "(2, 2)": 0.8701936180793638, "(0.5, 3)": 0.7814779663392323, "(1, 3)": 0.8435392616700227, "(2, 3)": 0.8646292858848217, "(3, 3)": 0.8630390622796433, "(0.5, 4)": 0.7829314564128033, "(1, 4)": 0.8439341943201858, "(2, 4)": 0.8637757588889571, "(3, 4)": 0.872219911657097, "(4, 4)": 0.882363410865273, "(0.5, 5)": 0.7538741506154704, "(1, 5)": 0.844324268662974, "(2, 5)": 0.8676608377262408, "(3, 5)": 0.8665800538872223, "(4, 5)": 0.9164290752353899, "(5, 5)": 0.9131661287097045, "(0.5, 30)": 0.8104099048364218, "(1, 30)": 0.7971728139914507, "(2, 30)": 0.8185499858694272, "(3, 30)": 0.8434699088328479, "(4, 30)": 0.8135203502909035, "(5, 30)": 0.8343443499850957, "(10, 30)": 0.8053515148083601, "(0.5, 60)": 0.7884559027445593, "(1, 60)": 0.8084381120852051, "(2, 60)": 0.8264432182102834, "(3, 60)": 0.840553875070919, "(4, 60)": 0.8295193284462169, "(5, 60)": 0.8221566224612255, "(10, 60)": 0.7660013078256122}, "recall": {"all_test_sets": 0.6673053144528289, "(0.5, 2)": 0.5654809401376202, "(1, 2)": 0.618866246334941, "(2, 2)": 0.6345847869333584, "(0.5, 3)": 0.5705292070929853, "(1, 3)": 0.6306012312628719, "(2, 3)": 0.6688299222551098, "(3, 3)": 0.6813801939476466, "(0.5, 4)": 0.5769275875581278, "(1, 4)": 0.6446420395683309, "(2, 4)": 0.6752950444940886, "(3, 4)": 0.6868399818067515, "(4, 4)": 0.7627402135020852, "(0.5, 5)": 0.5815964696203095, "(1, 5)": 0.6564795474420806, "(2, 5)": 0.6855527663258154, "(3, 5)": 0.7630152222557155, "(4, 5)": 0.8123450909029728, "(5, 5)": 0.828689075342279, "(0.5, 30)": 0.6442754683417538, "(1, 30)": 0.7163789573945958, "(2, 30)": 0.7504336335837124, "(3, 30)": 0.7375277185156112, "(4, 30)": 0.690427244917685, "(5, 30)": 0.6513862566651402, "(10, 30)": 0.6773676397932339, "(0.5, 60)": 0.6216193052126741, "(1, 60)": 0.670874897910729, "(2, 60)": 0.6841652056636423, "(3, 60)": 0.659532054498257, "(4, 60)": 0.6542803761654296, "(5, 60)": 0.6128927806993137, "(10, 60)": 0.6132355536254054}}