{
    "Timeout": 2,
    "Mean of all scores": {
        "f1Mean": 0.8747042901979827,
        "accMean": 0.9561687698939527,
        "recMean": 0.8963855364680665,
        "precMean": 0.8790224535630082
    },
    "Std of all Scores": {
        "f1Std": 0.0628278197447863,
        "accStd": 0.023439211032583642,
        "recStd": 0.044827522195203216,
        "precStd": 0.06732010595379051
    }
}