{
    "Timeout": 10,
    "Mean of all scores": {
        "f1Mean": 0.8773752937610851,
        "accMean": 0.954500855174793,
        "recMean": 0.8976822230672132,
        "precMean": 0.8929791852410631
    },
    "Std of all Scores": {
        "f1Std": 0.04422145066312436,
        "accStd": 0.014841574523985768,
        "recStd": 0.031236296179044113,
        "precStd": 0.06132120859232951
    }
}