{"accuracy": {"all_test_sets": 0.9852209861310448, "(0.5, 2)": 0.9834019798272917, "(1, 2)": 0.985127373065849, "(2, 2)": 0.9860132287520487, "(0.5, 3)": 0.9833708414300096, "(1, 3)": 0.985061443257927, "(2, 3)": 0.9860121278489611, "(3, 3)": 0.9860556310474896, "(0.5, 4)": 0.9832960133473833, "(1, 4)": 0.9850253554446865, "(2, 4)": 0.9860304109460662, "(3, 4)": 0.9860636746028026, "(4, 4)": 0.9859718837149352, "(0.5, 5)": 0.9832460947563175, "(1, 5)": 0.9849855345764618, "(2, 5)": 0.9860368289711086, "(3, 5)": 0.9860715624926761, "(4, 5)": 0.9859819587024797, "(5, 5)": 0.9859161119444966, "(0.5, 30)": 0.9827591256267278, "(1, 30)": 0.984753257481662, "(2, 30)": 0.985985847398031, "(3, 30)": 0.9860935265292725, "(4, 30)": 0.9860310755991183, "(5, 30)": 0.9859534752837444, "(10, 30)": 0.9851357650452648, "(0.5, 60)": 0.9827518040391734, "(1, 60)": 0.984753257481662, "(2, 60)": 0.985985847398031, "(3, 60)": 0.9860927938383626, "(4, 60)": 0.9860332739295596, "(5, 60)": 0.9859534752837444, "(10, 60)": 0.9851335663023594}, "f1Score": {"all_test_sets": 0.4766574319551943, "(0.5, 2)": 0.43123731030279056, "(1, 2)": 0.45807554763012687, "(2, 2)": 0.4838379772777948, "(0.5, 3)": 0.43023538642132453, "(1, 3)": 0.4564835571314295, "(2, 3)": 0.4845866660258638, "(3, 3)": 0.4947482428951617, "(0.5, 4)": 0.42899315590293685, "(1, 4)": 0.45587431962467023, "(2, 4)": 0.4846721936556292, "(3, 4)": 0.4959728737587805, "(4, 4)": 0.5014764871273694, "(0.5, 5)": 0.42844150099843636, "(1, 5)": 0.45521478235493557, "(2, 5)": 0.48445265220258393, "(3, 5)": 0.49657614782166287, "(4, 5)": 0.5012407784631261, "(5, 5)": 0.5015646515192704, "(0.5, 30)": 0.4240051536886291, "(1, 30)": 0.45159823294159096, "(2, 30)": 0.4831695303038779, "(3, 30)": 0.49696655127905043, "(4, 30)": 0.5015969459499419, "(5, 30)": 0.5025367630184331, "(10, 30)": 0.49533564293499427, "(0.5, 60)": 0.423832325449965, "(1, 60)": 0.4514619135790854, "(2, 60)": 0.4832257814649658, "(3, 60)": 0.49708356602230247, "(4, 60)": 0.5016203424621006, "(5, 60)": 0.5025850463787049, "(10, 60)": 0.4953225201836563}, "precision": {"all_test_sets": 0.5758036510744466, "(0.5, 2)": 0.5748449748001052, "(1, 2)": 0.5832006612746348, "(2, 2)": 0.5878653229083448, "(0.5, 3)": 0.5753570591409172, "(1, 3)": 0.5762726482529934, "(2, 3)": 0.5850156274488522, "(3, 3)": 0.5863081150915306, "(0.5, 4)": 0.5760739385258671, "(1, 4)": 0.5750904741962088, "(2, 4)": 0.5862734352050045, "(3, 4)": 0.5872295976218187, "(4, 4)": 0.5817531469077741, "(0.5, 5)": 0.5768590946757854, "(1, 5)": 0.5735842053237674, "(2, 5)": 0.5870119792697965, "(3, 5)": 0.5876132562456833, "(4, 5)": 0.5817750371254343, "(5, 5)": 0.5757427173712688, "(0.5, 30)": 0.574725845728865, "(1, 30)": 0.5770032949210961, "(2, 30)": 0.5890691293320094, "(3, 30)": 0.5860654933885211, "(4, 30)": 0.5834651627569143, "(5, 30)": 0.5816424773955481, "(10, 30)": 0.550177902317284, "(0.5, 60)": 0.5744996395568249, "(1, 60)": 0.5769795530224449, "(2, 60)": 0.5892205150727206, "(3, 60)": 0.5871216751094117, "(4, 60)": 0.5834869277245239, "(5, 60)": 0.5816949997447123, "(10, 60)": 0.550150505924561}, "recall": {"all_test_sets": 0.4610420299503269, "(0.5, 2)": 0.4028228550518353, "(1, 2)": 0.44067123912916983, "(2, 2)": 0.48075913859122765, "(0.5, 3)": 0.40164198008136937, "(1, 3)": 0.4392286571974857, "(2, 3)": 0.48022481211175555, "(3, 3)": 0.48872014831469335, "(0.5, 4)": 0.3997811372825584, "(1, 4)": 0.43793663953891954, "(2, 4)": 0.47955917299623874, "(3, 4)": 0.4895561651171927, "(4, 4)": 0.49388962259219016, "(0.5, 5)": 0.3986265749370595, "(1, 5)": 0.4367707175759167, "(2, 5)": 0.4786347559689375, "(3, 5)": 0.4900026984690326, "(4, 5)": 0.4937269736917135, "(5, 5)": 0.4943989049454961, "(0.5, 30)": 0.39027668364081447, "(1, 30)": 0.4292524191674678, "(2, 30)": 0.475198256170685, "(3, 30)": 0.4900003678271707, "(4, 30)": 0.4936686564919273, "(5, 30)": 0.49436423838373056, "(10, 30)": 0.4909967754037609, "(0.5, 60)": 0.3901098785315208, "(1, 60)": 0.42902051753500176, "(2, 60)": 0.47521466101211624, "(3, 60)": 0.49000378998993754, "(4, 60)": 0.4936838002503314, "(5, 60)": 0.49440285494749914, "(10, 60)": 0.4909887695750882}}