{
    "Best score": {
        "Best Timeout": 10,
        "Mean Scores (Best)": {
            "f1Mean": 0.7131225005639936,
            "accMean": 0.967011182716784,
            "recMean": 0.7072839192550942,
            "precMean": 0.7496671713560149
        },
        "Std Scores (Best)": {
            "f1Std": 0.09043961541975623,
            "accStd": 0.03811656791619338,
            "recStd": 0.07693809125385832,
            "precStd": 0.10824645725935307
        }
    },
    "Worst score": {
        "Worst Timeout": 0.5,
        "Mean Scores (Worst)": {
            "f1Mean": 0.6595102376479014,
            "accMean": 0.916610462589605,
            "recMean": 0.714546860392695,
            "precMean": 0.6870421558889948
        },
        "Std Scores (Worst)": {
            "f1Std": 0.20371217766514604,
            "accStd": 0.1460320572620374,
            "recStd": 0.07384510110633732,
            "precStd": 0.2272583266741586
        }
    },
    "Difference": {
        "Accuracy": 5.0400720127179,
        "F1 Score": 5.361226291609222,
        "Precision": 6.2625015467020155,
        "Recall": -0.7262941137600842
    }
}