{
    "Best score": {
        "Best Timeout": 5,
        "Mean Scores (Best)": {
            "f1Mean": 0.6960705747813611,
            "accMean": 0.9694493059342969,
            "recMean": 0.6899831515676954,
            "precMean": 0.7282300154404844
        },
        "Std Scores (Best)": {
            "f1Std": 0.05382840849179157,
            "accStd": 0.03769747429076733,
            "recStd": 0.05452271118716465,
            "precStd": 0.051404657052299435
        }
    },
    "Worst score": {
        "Worst Timeout": 30,
        "Mean Scores (Worst)": {
            "f1Mean": 0.6370182584844076,
            "accMean": 0.9217286465178309,
            "recMean": 0.6972776805355565,
            "precMean": 0.6578628256143078
        },
        "Std Scores (Worst)": {
            "f1Std": 0.1562548293544175,
            "accStd": 0.09859705975191302,
            "recStd": 0.053452645662119755,
            "precStd": 0.1764691716081214
        }
    },
    "Difference": {
        "Accuracy": 4.772065941646597,
        "F1 Score": 5.905231629695351,
        "Precision": 7.036718982617662,
        "Recall": -0.7294528967861091
    }
}