{
    "Best score": {
        "Best Timeout": [
            0.5,
            60
        ],
        "Mean Scores (Best)": {
            "f1Mean": 0.9583252413181895,
            "accMean": 0.9947467655790418,
            "recMean": 0.9404351488760978,
            "precMean": 0.9940236271510928
        },
        "Std Scores (Best)": {
            "f1Std": 0.029981059693885922,
            "accStd": 0.003007247613987949,
            "recStd": 0.04058943327713561,
            "precStd": 0.0065261795099244785
        }
    },
    "Worst score": {
        "Worst Timeout": [
            10,
            60
        ],
        "Mean Scores (Worst)": {
            "f1Mean": 0.8757511400330799,
            "accMean": 0.9933764152057168,
            "recMean": 0.8648161935160008,
            "precMean": 0.9065605843583884
        },
        "Std Scores (Worst)": {
            "f1Std": 0.040488592541891896,
            "accStd": 0.0039613443459371655,
            "recStd": 0.04195598659562077,
            "precStd": 0.0269563326383204
        }
    },
    "Difference": {
        "Accuracy": 0.13703503733250022,
        "F1 Score": 8.257410128510967,
        "Precision": 8.746304279270445,
        "Recall": 7.5618955360096995
    }
}