{
    "Best score": {
        "Best Timeout": [
            0.5,
            60
        ],
        "Mean Scores (Best)": {
            "f1Mean": 0.9470322709387119,
            "accMean": 0.9959580308027032,
            "recMean": 0.9476785250415467,
            "precMean": 0.9564910044161936
        },
        "Std Scores (Best)": {
            "f1Std": 0.03420951145558303,
            "accStd": 0.004059188382202886,
            "recStd": 0.033125718631654005,
            "precStd": 0.04182648670473636
        }
    },
    "Worst score": {
        "Worst Timeout": [
            3,
            60
        ],
        "Mean Scores (Worst)": {
            "f1Mean": 0.8663623051099233,
            "accMean": 0.9947127659376495,
            "recMean": 0.8763801516463199,
            "precMean": 0.8717957146448265
        },
        "Std Scores (Worst)": {
            "f1Std": 0.05378718455334207,
            "accStd": 0.00562283307636653,
            "recStd": 0.05887671121069887,
            "precStd": 0.03714492043944882
        }
    },
    "Difference": {
        "Accuracy": 0.1245264865053719,
        "F1 Score": 8.066996582878861,
        "Precision": 8.469528977136708,
        "Recall": 7.129837339522682
    }
}