{
    "Best score": {
        "Best Timeout": [
            0.5,
            2
        ],
        "Mean Scores (Best)": {
            "f1Mean": 0.9581222531732326,
            "accMean": 0.9938879172066301,
            "recMean": 0.9359661306595717,
            "precMean": 0.9952130627748195
        },
        "Std Scores (Best)": {
            "f1Std": 0.027731865262974754,
            "accStd": 0.003314581254781799,
            "recStd": 0.04561647102060675,
            "precStd": 0.00653679293593553
        }
    },
    "Worst score": {
        "Worst Timeout": [
            10,
            60
        ],
        "Mean Scores (Worst)": {
            "f1Mean": 0.8777358170143975,
            "accMean": 0.9925321951778944,
            "recMean": 0.8640271672505364,
            "precMean": 0.9081446410251403
        },
        "Std Scores (Worst)": {
            "f1Std": 0.051373722929563284,
            "accStd": 0.004434245175167544,
            "recStd": 0.06236037454523633,
            "precStd": 0.026046781562885268
        }
    },
    "Difference": {
        "Accuracy": 0.13557220287356841,
        "F1 Score": 8.038643615883512,
        "Precision": 8.706842174967921,
        "Recall": 7.193896340903527
    }
}