{
    "Timeout": 60,
    "Mean of all scores": {
        "f1Mean": 0.7502291778906893,
        "accMean": 0.9640516467726746,
        "recMean": 0.788147605709212,
        "precMean": 0.7428869202529389
    },
    "Std of all Scores": {
        "f1Std": 0.08475943813642808,
        "accStd": 0.03685098773119374,
        "recStd": 0.03542229694441318,
        "precStd": 0.09766853143991198
    }
}