{
    "Timeout": 4,
    "Mean of all scores": {
        "f1Mean": 0.7646892959466036,
        "accMean": 0.9630921451551157,
        "recMean": 0.8038599306637216,
        "precMean": 0.7552088731825451
    },
    "Std of all Scores": {
        "f1Std": 0.0839024864937538,
        "accStd": 0.040607025518515416,
        "recStd": 0.056420672422129184,
        "precStd": 0.09499899497116732
    }
}