{
    "Timeout": 30,
    "Mean of all scores": {
        "f1Mean": 0.7383546596682512,
        "accMean": 0.9639567525070747,
        "recMean": 0.7656332176024809,
        "precMean": 0.7375042393776521
    },
    "Std of all Scores": {
        "f1Std": 0.07838271179818457,
        "accStd": 0.03712033580586284,
        "recStd": 0.0475020129122991,
        "precStd": 0.09445814822625799
    }
}