{
    "Timeout": "default",
    "Mean of all scores": {
        "f1Mean": 0.755946861307675,
        "accMean": 0.9626436590672371,
        "recMean": 0.7904109296727396,
        "precMean": 0.7488829655318966
    },
    "Std of all Scores": {
        "f1Std": 0.09661363149109703,
        "accStd": 0.04081010407661601,
        "recStd": 0.06338251556389947,
        "precStd": 0.10465507795078655
    }
}