{
    "Timeout": 1,
    "Mean of all scores": {
        "f1Mean": 0.7458755901549045,
        "accMean": 0.9629929710831115,
        "recMean": 0.8057758067302396,
        "precMean": 0.7409465739645212
    },
    "Std of all Scores": {
        "f1Std": 0.09014311064423759,
        "accStd": 0.04833872978758382,
        "recStd": 0.04292999063004434,
        "precStd": 0.10485864714883074
    }
}