{
    "Timeout": 2,
    "Mean of all scores": {
        "f1Mean": 0.714915559357325,
        "accMean": 0.9633883774704419,
        "recMean": 0.7522524622435698,
        "precMean": 0.7122371321515484
    },
    "Std of all Scores": {
        "f1Std": 0.08995635467796463,
        "accStd": 0.0407463525380144,
        "recStd": 0.037607711071882904,
        "precStd": 0.09554497983889867
    }
}