{
    "Timeout": 0.5,
    "Mean of all scores": {
        "f1Mean": 0.7126646424994134,
        "accMean": 0.9477000812395602,
        "recMean": 0.7169267396166423,
        "precMean": 0.7186993766899077
    },
    "Std of all Scores": {
        "f1Std": 0.04550600434155551,
        "accStd": 0.08094665152367668,
        "recStd": 0.02549127065539516,
        "precStd": 0.053704322748317525
    }
}