{
    "Timeout": [
        0.5,
        2
    ],
    "accuracy": 0.9879230116905114,
    "f1_score": 0.720709668524437,
    "precision": 0.7607637303824715,
    "recall": 0.7090437217711424
}