{
    "Best score": {
        "Best Timeout": [
            2,
            4
        ],
        "Mean Scores (Best)": {
            "f1Mean": 0.7421224168798491,
            "accMean": 0.9877033985810371,
            "recMean": 0.7369003038283842,
            "precMean": 0.782191132856276
        },
        "Std Scores (Best)": {
            "f1Std": 0.02028166276122017,
            "accStd": 0.00323007172925639,
            "recStd": 0.005940879068852882,
            "precStd": 0.0820970634978856
        }
    },
    "Worst score": {
        "Worst Timeout": [
            0.5,
            5
        ],
        "Mean Scores (Worst)": {
            "f1Mean": 0.7358513221754925,
            "accMean": 0.9874546032924302,
            "recMean": 0.7284536813400204,
            "precMean": 0.7779077717717106
        },
        "Std Scores (Worst)": {
            "f1Std": 0.0171000855347485,
            "accStd": 0.0032794799199463796,
            "recStd": 0.009098137779462402,
            "precStd": 0.08003819748727314
        }
    },
    "Difference": {
        "Accuracy": 0.02487952886068845,
        "F1 Score": 0.6271094704356606,
        "Precision": 0.4283361084565396,
        "Recall": 0.8446622488363809
    }
}