{
    "Best score": {
        "Best Timeout": [
            3,
            4
        ],
        "Mean Scores (Best)": {
            "f1Mean": 0.7460529543525857,
            "accMean": 0.9876560736016664,
            "recMean": 0.7463814263986734,
            "precMean": 0.7827006060289012
        },
        "Std Scores (Best)": {
            "f1Std": 0.019356242880489455,
            "accStd": 0.003266739874609759,
            "recStd": 0.005205915294956188,
            "precStd": 0.07691849500790578
        }
    },
    "Worst score": {
        "Worst Timeout": [
            2,
            30
        ],
        "Mean Scores (Worst)": {
            "f1Mean": 0.7404346298138227,
            "accMean": 0.9874698490519951,
            "recMean": 0.7398332575472855,
            "precMean": 0.7738129123625945
        },
        "Std Scores (Worst)": {
            "f1Std": 0.018358997894457885,
            "accStd": 0.0032811366703823686,
            "recStd": 0.006079579212403925,
            "precStd": 0.07896471271531266
        }
    },
    "Difference": {
        "Accuracy": 0.018622454967132107,
        "F1 Score": 0.5618324538762987,
        "Precision": 0.8887693666306706,
        "Recall": 0.6548168851387981
    }
}