{
    "Best score": {
        "Best Timeout": [
            4,
            5
        ],
        "Accuracy": 0.9881571398228015,
        "F1 Score": 0.7248801803566035,
        "Precision": 0.7684672278434999,
        "Recall": 0.7133492132994818
    },
    "Worst score": {
        "Worst Timeout": [
            0.5,
            60
        ],
        "Accuracy": 0.987919114896697,
        "F1 Score": 0.7175076194450114,
        "Precision": 0.7624302060549981,
        "Recall": 0.7080174387824691
    },
    "Difference": {
        "Accuracy": 0.023802492610447423,
        "F1 Score": 0.7372560911592108,
        "Precision": 0.603702178850174,
        "Recall": 0.5331774517012611
    }
}