{
    "Best score": {
        "Best Timeout": [
            0.5,
            3
        ],
        "Accuracy": 0.9854193579415126,
        "F1 Score": 0.5385025982201224,
        "Precision": 0.6060281025748958,
        "Recall": 0.5305862878354152
    },
    "Worst score": {
        "Worst Timeout": [
            4,
            60
        ],
        "Accuracy": 0.9857310347185922,
        "F1 Score": 0.5114983481436209,
        "Precision": 0.6287420530341901,
        "Recall": 0.4961080679392261
    },
    "Difference": {
        "Accuracy": -0.031167677707966135,
        "F1 Score": 2.7004250076501424,
        "Precision": -2.271395045929425,
        "Recall": 3.4478219896189044
    }
}