{
    "Best score": {
        "Best Timeout": [
            2,
            2
        ],
        "Accuracy": 0.9883351548488418,
        "F1 Score": 0.7197034319401785,
        "Precision": 0.7730769897378899,
        "Recall": 0.7083895689649256
    },
    "Worst score": {
        "Worst Timeout": [
            0.5,
            3
        ],
        "Accuracy": 0.9881034171162018,
        "F1 Score": 0.7149427942094987,
        "Precision": 0.7674769896601521,
        "Recall": 0.7015176718417777
    },
    "Difference": {
        "Accuracy": 0.023173773264006936,
        "F1 Score": 0.47606377306798064,
        "Precision": 0.5600000077737755,
        "Recall": 0.6871897123147841
    }
}