{
    "Timeout": 0.5,
    "accuracy": 0.9051536340097094,
    "f1_score": 0.6767232809467544,
    "precision": 0.7492361396108095,
    "recall": 0.7015667693979732
}