{
    "Best score": {
        "Best Timeout": 6,
        "Mean Scores (Best)": {
            "f1Mean": 0.6430668776650493,
            "accMean": 0.8244098070977817,
            "recMean": 0.7155578779141166,
            "precMean": 0.6393762128252443
        },
        "Std Scores (Best)": {
            "f1Std": 0.08968687161645668,
            "accStd": 0.12251489047694349,
            "recStd": 0.05764166761303751,
            "precStd": 0.09715678622003268
        }
    },
    "Worst score": {
        "Worst Timeout": 5,
        "Mean Scores (Worst)": {
            "f1Mean": 0.5553699710613901,
            "accMean": 0.7629149332221307,
            "recMean": 0.6611454472001441,
            "precMean": 0.5516345123133874
        },
        "Std Scores (Worst)": {
            "f1Std": 0.11129148642286929,
            "accStd": 0.17742301498464783,
            "recStd": 0.06466800662850354,
            "precStd": 0.1219474192596221
        }
    },
    "Difference": {
        "Accuracy": 6.149487387565101,
        "F1 Score": 8.769690660365924,
        "Precision": 8.774170051185681,
        "Recall": 5.441243071397251
    }
}