{
    "Best score": {
        "Best Timeout": 1,
        "Mean Scores (Best)": {
            "f1Mean": 0.6783183577278329,
            "accMean": 0.7829608448430806,
            "recMean": 0.7054322930257093,
            "precMean": 0.7120361801271653
        },
        "Std Scores (Best)": {
            "f1Std": 0.11530032656479855,
            "accStd": 0.2052762992329806,
            "recStd": 0.08387104738299167,
            "precStd": 0.09127242324708848
        }
    },
    "Worst score": {
        "Worst Timeout": 3,
        "Mean Scores (Worst)": {
            "f1Mean": 0.643224668072998,
            "accMean": 0.781459843335642,
            "recMean": 0.6731939119386023,
            "precMean": 0.6722481703596177
        },
        "Std Scores (Worst)": {
            "f1Std": 0.10180783680007752,
            "accStd": 0.21702395118883355,
            "recStd": 0.07665696849930125,
            "precStd": 0.07853209618548683
        }
    },
    "Difference": {
        "Accuracy": 0.1501001507438593,
        "F1 Score": 3.5093689654834836,
        "Precision": 3.9788009767547594,
        "Recall": 3.223838108710697
    }
}