{
    "Timeout": [
        4,
        5
    ],
    "Mean of all scores": {
        "f1Mean": 0.941752263410043,
        "accMean": 0.964086155882115,
        "recMean": 0.9488753242890935,
        "precMean": 0.9465597995115773
    },
    "Std of all Scores": {
        "f1Std": 0.03204419356598578,
        "accStd": 0.024080216807858074,
        "recStd": 0.019988651652260436,
        "precStd": 0.03633406120746244
    }
}