{
    "Timeout": [
        0.5,
        30
    ],
    "Mean of all scores": {
        "f1Mean": 0.9292930542164719,
        "accMean": 0.957077134492442,
        "recMean": 0.9340465995279421,
        "precMean": 0.9381595705405947
    },
    "Std of all Scores": {
        "f1Std": 0.02970741659865317,
        "accStd": 0.02240083576755702,
        "recStd": 0.019934483961215454,
        "precStd": 0.03375890496948808
    }
}