{
    "Timeout": [
        2,
        5
    ],
    "Mean of all scores": {
        "f1Mean": 0.9409293213905698,
        "accMean": 0.9637156405353242,
        "recMean": 0.9486932892628277,
        "precMean": 0.9451119013137195
    },
    "Std of all Scores": {
        "f1Std": 0.03344163189262526,
        "accStd": 0.024578039130955867,
        "recStd": 0.020210801195560568,
        "precStd": 0.0386235274783826
    }
}