{
    "Timeout": [
        3,
        60
    ],
    "Mean of all scores": {
        "f1Mean": 0.9411803550881748,
        "accMean": 0.9639762887855869,
        "recMean": 0.948596168675033,
        "precMean": 0.9456835173361284
    },
    "Std of all Scores": {
        "f1Std": 0.0322732792844139,
        "accStd": 0.02422209910523792,
        "recStd": 0.020282024255066665,
        "precStd": 0.03649201061196381
    }
}