{
    "Timeout": [
        3,
        30
    ],
    "Mean of all scores": {
        "f1Mean": 0.9386582346431152,
        "accMean": 0.9639050369694655,
        "recMean": 0.9484420209011107,
        "precMean": 0.9408060407188887
    },
    "Std of all Scores": {
        "f1Std": 0.03626626452264291,
        "accStd": 0.024239052253563157,
        "recStd": 0.020422566879203477,
        "precStd": 0.045124585100128206
    }
}