{
    "Timeout": [
        10,
        60
    ],
    "Mean of all scores": {
        "f1Mean": 0.9532686343119827,
        "accMean": 0.9722169793401537,
        "recMean": 0.9673622174793882,
        "precMean": 0.9498727565515251
    },
    "Std of all Scores": {
        "f1Std": 0.03272136672713656,
        "accStd": 0.020759204837972764,
        "recStd": 0.02675319228120896,
        "precStd": 0.03930736264764434
    }
}