{
    "Timeout": [
        1,
        3
    ],
    "Mean of all scores": {
        "f1Mean": 0.9374313087020514,
        "accMean": 0.9627744701851002,
        "recMean": 0.9461486899292192,
        "precMean": 0.9412846525952601
    },
    "Std of all Scores": {
        "f1Std": 0.03350037465958012,
        "accStd": 0.0239046497059383,
        "recStd": 0.023724040970346656,
        "precStd": 0.036591481426523104
    }
}