{
    "Timeout": [
        4,
        30
    ],
    "Mean of all scores": {
        "f1Mean": 0.9412018125224881,
        "accMean": 0.9639784850163506,
        "recMean": 0.9485882426314799,
        "precMean": 0.9456851738624609
    },
    "Std of all Scores": {
        "f1Std": 0.03241335969936448,
        "accStd": 0.024353666903878374,
        "recStd": 0.020091832385721965,
        "precStd": 0.03662850011935335
    }
}