{
    "Timeout": [
        2,
        60
    ],
    "Mean of all scores": {
        "f1Mean": 0.9407209302639329,
        "accMean": 0.9638005726702543,
        "recMean": 0.9486041475215041,
        "precMean": 0.9448007742219412
    },
    "Std of all Scores": {
        "f1Std": 0.03325205533570943,
        "accStd": 0.024485770882451786,
        "recStd": 0.019975374694401023,
        "precStd": 0.03830656849410062
    }
}