{
    "Timeout": [
        0.5,
        60
    ],
    "Mean of all scores": {
        "f1Mean": 0.9287913286882681,
        "accMean": 0.9568691923151551,
        "recMean": 0.9335728393820883,
        "precMean": 0.9376704969788691
    },
    "Std of all Scores": {
        "f1Std": 0.02980685036221633,
        "accStd": 0.022536679516198,
        "recStd": 0.020058991017860676,
        "precStd": 0.03390810702971566
    }
}