{
    "Timeout": [
        2,
        4
    ],
    "Mean of all scores": {
        "f1Mean": 0.9413439778116958,
        "accMean": 0.9638815497827821,
        "recMean": 0.949162689510047,
        "precMean": 0.9453693617463779
    },
    "Std of all Scores": {
        "f1Std": 0.0331145993406339,
        "accStd": 0.024460687161908513,
        "recStd": 0.019634288587293717,
        "precStd": 0.03829026862111818
    }
}