{
    "Timeout": [
        5,
        30
    ],
    "Mean of all scores": {
        "f1Mean": 0.9405793265657758,
        "accMean": 0.9637112176762377,
        "recMean": 0.9480831212980467,
        "precMean": 0.9450218411772926
    },
    "Std of all Scores": {
        "f1Std": 0.03250304030402312,
        "accStd": 0.02428114063229271,
        "recStd": 0.020585604752288704,
        "precStd": 0.03669757870677635
    }
}