{
    "Timeout": [
        3,
        5
    ],
    "Mean of all scores": {
        "f1Mean": 0.9416761978970399,
        "accMean": 0.9640499603849191,
        "recMean": 0.9490141664713665,
        "precMean": 0.9462000055605966
    },
    "Std of all Scores": {
        "f1Std": 0.03181338226948016,
        "accStd": 0.02403759557466762,
        "recStd": 0.01969978494431129,
        "precStd": 0.03606981070171526
    }
}