{
    "Timeout": [
        1,
        5
    ],
    "Mean of all scores": {
        "f1Mean": 0.9379622634129628,
        "accMean": 0.9628968083720325,
        "recMean": 0.9465696231354956,
        "precMean": 0.9417558683516247
    },
    "Std of all Scores": {
        "f1Std": 0.03319943835692755,
        "accStd": 0.023985033988800007,
        "recStd": 0.0228641103163446,
        "precStd": 0.03656844077576439
    }
}