{
    "Timeout": [
        4,
        4
    ],
    "Mean of all scores": {
        "f1Mean": 0.9416098039380143,
        "accMean": 0.9641044357602571,
        "recMean": 0.9490595026864312,
        "precMean": 0.9460121824936458
    },
    "Std of all Scores": {
        "f1Std": 0.032081381135073354,
        "accStd": 0.024062884039735576,
        "recStd": 0.019995545905913892,
        "precStd": 0.03627090367590709
    }
}