{
    "Timeout": [
        0.5,
        4
    ],
    "Mean of all scores": {
        "f1Mean": 0.9289867181827873,
        "accMean": 0.9569151889087891,
        "recMean": 0.9338551367358974,
        "precMean": 0.9376855408444372
    },
    "Std of all Scores": {
        "f1Std": 0.029730316348212427,
        "accStd": 0.02235111583235773,
        "recStd": 0.020220037448497413,
        "precStd": 0.03377581088735713
    }
}