{
    "Timeout": [
        1,
        4
    ],
    "Mean of all scores": {
        "f1Mean": 0.9381203980309814,
        "accMean": 0.9628949883259279,
        "recMean": 0.9465339732697686,
        "precMean": 0.9420666132737321
    },
    "Std of all Scores": {
        "f1Std": 0.033171255092598884,
        "accStd": 0.02411708479422379,
        "recStd": 0.022854063755678087,
        "precStd": 0.036431246072829854
    }
}