{
    "Timeout": [
        0.5,
        2
    ],
    "Mean of all scores": {
        "f1Mean": 0.9294686828288917,
        "accMean": 0.9569974886038188,
        "recMean": 0.9342106311397451,
        "precMean": 0.938218173364884
    },
    "Std of all Scores": {
        "f1Std": 0.02974114085861441,
        "accStd": 0.022331340757715472,
        "recStd": 0.0202321643071309,
        "precStd": 0.033766329089953244
    }
}