{
    "Timeout": [
        3,
        4
    ],
    "Mean of all scores": {
        "f1Mean": 0.9418018293479709,
        "accMean": 0.9640688723982336,
        "recMean": 0.9490660356737175,
        "precMean": 0.9463694443670482
    },
    "Std of all Scores": {
        "f1Std": 0.03201570402359345,
        "accStd": 0.02407854929892883,
        "recStd": 0.01981579309387827,
        "precStd": 0.036286038992075276
    }
}