{
    "Timeout": [
        5,
        5
    ],
    "Mean of all scores": {
        "f1Mean": 0.9415852698917734,
        "accMean": 0.9640975540914762,
        "recMean": 0.9490354874226703,
        "precMean": 0.9460076807492379
    },
    "Std of all Scores": {
        "f1Std": 0.03216062939687887,
        "accStd": 0.024139500325028113,
        "recStd": 0.0197926715642828,
        "precStd": 0.036430718303546286
    }
}