{
    "Timeout": [
        1,
        2
    ],
    "Mean of all scores": {
        "f1Mean": 0.9374563050867885,
        "accMean": 0.962660901659045,
        "recMean": 0.9461843382797435,
        "precMean": 0.9413643843571119
    },
    "Std of all Scores": {
        "f1Std": 0.03344309117591863,
        "accStd": 0.02389053218844857,
        "recStd": 0.023691356779484488,
        "precStd": 0.03634649271685928
    }
}