{
    "Timeout": [
        2,
        3
    ],
    "Mean of all scores": {
        "f1Mean": 0.9417155845220366,
        "accMean": 0.9638367786841933,
        "recMean": 0.9491805891132099,
        "precMean": 0.9461631233808727
    },
    "Std of all Scores": {
        "f1Std": 0.03251292307962667,
        "accStd": 0.024354144828404995,
        "recStd": 0.019777684717514475,
        "precStd": 0.03689064707250655
    }
}