{
    "Timeout": [
        0.5,
        3
    ],
    "Mean of all scores": {
        "f1Mean": 0.9290802786625296,
        "accMean": 0.9569390139903516,
        "recMean": 0.9339884053320953,
        "precMean": 0.9378061442323211
    },
    "Std of all Scores": {
        "f1Std": 0.029619476487895265,
        "accStd": 0.022380411485499612,
        "recStd": 0.019754770810233413,
        "precStd": 0.03375125194829659
    }
}