{
    "Timeout": [
        1,
        60
    ],
    "Mean of all scores": {
        "f1Mean": 0.9376992238648982,
        "accMean": 0.9628514356614251,
        "recMean": 0.9464377447931234,
        "precMean": 0.9415068974045828
    },
    "Std of all Scores": {
        "f1Std": 0.03323083586834751,
        "accStd": 0.02400087104300456,
        "recStd": 0.02264443557359185,
        "precStd": 0.036647352660042605
    }
}