{
    "Timeout": [
        3,
        3
    ],
    "Mean of all scores": {
        "f1Mean": 0.9418435999486864,
        "accMean": 0.9639927875434123,
        "recMean": 0.9491006045389794,
        "precMean": 0.9463623019135851
    },
    "Std of all Scores": {
        "f1Std": 0.03192650862421172,
        "accStd": 0.02399595787578598,
        "recStd": 0.019633301762382947,
        "precStd": 0.03607206402491979
    }
}