{
    "Timeout": [
        2,
        2
    ],
    "Mean of all scores": {
        "f1Mean": 0.9414728054759653,
        "accMean": 0.963626902792232,
        "recMean": 0.9490035400372367,
        "precMean": 0.9458715759546548
    },
    "Std of all Scores": {
        "f1Std": 0.03282865192285917,
        "accStd": 0.024616758313139676,
        "recStd": 0.020234303819304616,
        "precStd": 0.03694402662651862
    }
}