{
    "Timeout": [
        5,
        60
    ],
    "Mean of all scores": {
        "f1Mean": 0.9411026932426632,
        "accMean": 0.9640465729514409,
        "recMean": 0.9485349283840836,
        "precMean": 0.9455420042249848
    },
    "Std of all Scores": {
        "f1Std": 0.03240624498914586,
        "accStd": 0.024295742849236322,
        "recStd": 0.020723267180202863,
        "precStd": 0.03657385370331477
    }
}