{
    "Timeout": [
        0.5,
        5
    ],
    "Mean of all scores": {
        "f1Mean": 0.928940441601908,
        "accMean": 0.9569421339543931,
        "recMean": 0.9339053037907501,
        "precMean": 0.9376075571508279
    },
    "Std of all Scores": {
        "f1Std": 0.02959245807221385,
        "accStd": 0.02235019956217401,
        "recStd": 0.019982092099224396,
        "precStd": 0.03369966830360738
    }
}