{
    "Timeout": [
        1,
        30
    ],
    "Mean of all scores": {
        "f1Mean": 0.9378980854680641,
        "accMean": 0.9628756371160476,
        "recMean": 0.9464929537255715,
        "precMean": 0.9417242224179339
    },
    "Std of all Scores": {
        "f1Std": 0.03326865431827045,
        "accStd": 0.024038205040704086,
        "recStd": 0.02272871939747282,
        "precStd": 0.036713552389740854
    }
}