{
    "Timeout": [
        2,
        30
    ],
    "Mean of all scores": {
        "f1Mean": 0.9404306540314545,
        "accMean": 0.9636333131746045,
        "recMean": 0.9484646213393895,
        "precMean": 0.9443291834216211
    },
    "Std of all Scores": {
        "f1Std": 0.03333847765198607,
        "accStd": 0.024541254030421615,
        "recStd": 0.01998258392418601,
        "precStd": 0.03844225354051949
    }
}