{
    "Timeout": [
        10,
        30
    ],
    "Mean of all scores": {
        "f1Mean": 0.953901521409672,
        "accMean": 0.9714031975801214,
        "recMean": 0.9654569445292223,
        "precMean": 0.9532823808964148
    },
    "Std of all Scores": {
        "f1Std": 0.02957330985390796,
        "accStd": 0.020997847026236433,
        "recStd": 0.025878310022150457,
        "precStd": 0.03149579769106662
    }
}