{
    "Timeout": [
        4,
        60
    ],
    "Mean of all scores": {
        "f1Mean": 0.940555465167338,
        "accMean": 0.9638851915006086,
        "recMean": 0.9484359778740219,
        "precMean": 0.9436364393842306
    },
    "Std of all Scores": {
        "f1Std": 0.03298278079927347,
        "accStd": 0.024275612748015703,
        "recStd": 0.02029051646614242,
        "precStd": 0.03961212987494598
    }
}