{"accuracy": {"all_test_sets": 0.9890703029032032, "(0.5, 2)": 0.9277835899386833, "(1, 2)": 0.9218518675824576, "(2, 2)": 0.9192110900319119, "(0.5, 3)": 0.9972748591765066, "(1, 3)": 0.9972852332350101, "(2, 3)": 0.9973120683487879, "(3, 3)": 0.9972436959002478, "(0.5, 4)": 0.9972709002266503, "(1, 4)": 0.9972781328238239, "(2, 4)": 0.9973309078939997, "(3, 4)": 0.9973252065998353, "(4, 4)": 0.9972561062299184, "(0.5, 5)": 0.9972808748463938, "(1, 5)": 0.9973047920697606, "(2, 5)": 0.9973447712418301, "(3, 5)": 0.9973255638340717, "(4, 5)": 0.9972312861958683, "(5, 5)": 0.9967107639189853, "(0.5, 30)": 0.9971106785646568, "(1, 30)": 0.9972648584715464, "(2, 30)": 0.9972884536595359, "(3, 30)": 0.9971499848805564, "(4, 30)": 0.9968286502340283, "(5, 30)": 0.996157559226455, "(10, 30)": 0.9951225787407857, "(0.5, 60)": 0.9970943671321211, "(1, 60)": 0.997264836495761, "(2, 60)": 0.997270245677889, "(3, 60)": 0.99691231428311, "(4, 60)": 0.9967590117611119, "(5, 60)": 0.9960442672214517, "(10, 60)": 0.9951315154440155}, "f1Score": {"all_test_sets": 0.9293069772453842, "(0.5, 2)": 0.7813370256147715, "(1, 2)": 0.7880724420255373, "(2, 2)": 0.8060344553838817, "(0.5, 3)": 0.8848287681353666, "(1, 3)": 0.8991236370833736, "(2, 3)": 0.9342769115758066, "(3, 3)": 0.9358906370086588, "(0.5, 4)": 0.8848301737931284, "(1, 4)": 0.8991521098431087, "(2, 4)": 0.937166450393304, "(3, 4)": 0.9704696164704308, "(4, 4)": 0.9811186013969523, "(0.5, 5)": 0.8848670266652806, "(1, 5)": 0.9024246068911941, "(2, 5)": 0.9645646494940153, "(3, 5)": 0.9814639916570432, "(4, 5)": 0.9696668866053025, "(5, 5)": 0.967080043513671, "(0.5, 30)": 0.884587996815149, "(1, 30)": 0.8992091532686297, "(2, 30)": 0.9609703911847053, "(3, 30)": 0.969446941292346, "(4, 30)": 0.9803093594170557, "(5, 30)": 0.9773904540006911, "(10, 30)": 0.9747584625420992, "(0.5, 60)": 0.884560578762684, "(1, 60)": 0.8992155401260171, "(2, 60)": 0.960949600600685, "(3, 60)": 0.9693509711928426, "(4, 60)": 0.9803221490338448, "(5, 60)": 0.9771701802580469, "(10, 60)": 0.974407625577182}, "precision": {"all_test_sets": 0.9766523703417734, "(0.5, 2)": 0.9851360053153769, "(1, 2)": 0.9840876181287529, "(2, 2)": 0.975632060358988, "(0.5, 3)": 0.9985866876240269, "(1, 3)": 0.9987953284503893, "(2, 3)": 0.9924854501109349, "(3, 3)": 0.9920105582870397, "(0.5, 4)": 0.998589750650347, "(1, 4)": 0.9987865325861224, "(2, 4)": 0.992764975329039, "(3, 4)": 0.9905711075189029, "(4, 4)": 0.9912120238642395, "(0.5, 5)": 0.9986646590244135, "(1, 5)": 0.9989000751827231, "(2, 5)": 0.9905622232841851, "(3, 5)": 0.9915635977580375, "(4, 5)": 0.967669476454904, "(5, 5)": 0.9650506680971783, "(0.5, 30)": 0.9986589249001631, "(1, 30)": 0.9988631465408185, "(2, 30)": 0.9667260994972207, "(3, 30)": 0.9677239604386104, "(4, 30)": 0.9706860956906259, "(5, 30)": 0.968146208339603, "(10, 30)": 0.963345622405797, "(0.5, 60)": 0.9986668009607521, "(1, 60)": 0.9988733314002434, "(2, 60)": 0.9667123524677005, "(3, 60)": 0.9678741785469818, "(4, 60)": 0.9708616940099501, "(5, 60)": 0.9679735967536908, "(10, 60)": 0.9638910364335795}, "recall": {"all_test_sets": 0.8961535140608277, "(0.5, 2)": 0.7371082511060579, "(1, 2)": 0.7428975965995508, "(2, 2)": 0.7593844972804606, "(0.5, 3)": 0.8592444107449322, "(1, 3)": 0.8706052320199856, "(2, 3)": 0.9046713175186806, "(3, 3)": 0.9065636853433058, "(0.5, 4)": 0.8592442914229891, "(1, 4)": 0.8706686760527806, "(2, 4)": 0.9078819161367155, "(3, 4)": 0.9539290323678218, "(4, 4)": 0.971816290283563, "(0.5, 5)": 0.8592429609913516, "(1, 5)": 0.873284683783281, "(2, 5)": 0.9446743172822639, "(3, 5)": 0.9721370370588204, "(4, 5)": 0.9720907704876159, "(5, 5)": 0.9697411590675467, "(0.5, 30)": 0.8587141254744677, "(1, 30)": 0.8707074517948161, "(2, 30)": 0.9554628608545442, "(3, 30)": 0.9715948105319786, "(4, 30)": 0.9925758958609435, "(5, 30)": 0.9897516609548114, "(10, 30)": 0.9896232988286412, "(0.5, 60)": 0.8586546780841616, "(1, 60)": 0.8707100405823719, "(2, 60)": 0.9554340910922926, "(3, 60)": 0.9712605408642303, "(4, 60)": 0.9923820765986964, "(5, 60)": 0.9894844962946919, "(10, 60)": 0.9884034165125583}}