{
    "Timeout": [
        4,
        30
    ],
    "Mean of all scores": {
        "f1Mean": 0.7395622513996121,
        "accMean": 0.9877403170927709,
        "recMean": 0.733097117260057,
        "precMean": 0.7804422316008651
    },
    "Std of all Scores": {
        "f1Std": 0.020145613464238987,
        "accStd": 0.0031954482392087544,
        "recStd": 0.004118148316705302,
        "precStd": 0.08212288054855087
    }
}