{
    "Timeout": [
        1,
        60
    ],
    "Mean of all scores": {
        "f1Mean": 0.7391685065455169,
        "accMean": 0.9875780030050446,
        "recMean": 0.7331348995422371,
        "precMean": 0.769905813318705
    },
    "Std of all Scores": {
        "f1Std": 0.020422988944628098,
        "accStd": 0.0032961215931803945,
        "recStd": 0.004889448892980178,
        "precStd": 0.06492835919433557
    }
}