{
    "Timeout": [
        3,
        4
    ],
    "Mean of all scores": {
        "f1Mean": 0.7400392828744045,
        "accMean": 0.9877219795348602,
        "recMean": 0.7344069139723803,
        "precMean": 0.7797712579372542
    },
    "Std of all Scores": {
        "f1Std": 0.0198191898833244,
        "accStd": 0.003190975206335924,
        "recStd": 0.005619734008883877,
        "precStd": 0.08188568068907914
    }
}