{
    "Timeout": [
        2,
        60
    ],
    "Mean of all scores": {
        "f1Mean": 0.7378656898801434,
        "accMean": 0.9877291379842548,
        "recMean": 0.7318602634631123,
        "precMean": 0.7792671649535727
    },
    "Std of all Scores": {
        "f1Std": 0.01964978894473794,
        "accStd": 0.0031997567397715862,
        "recStd": 0.005344494226794632,
        "precStd": 0.08329820516069725
    }
}