{
    "Timeout": [
        0.5,
        3
    ],
    "Mean of all scores": {
        "f1Mean": 0.7366852044218903,
        "accMean": 0.9874986128252317,
        "recMean": 0.7288812661464644,
        "precMean": 0.7802572692615962
    },
    "Std of all Scores": {
        "f1Std": 0.020439515461616244,
        "accStd": 0.003248719822100015,
        "recStd": 0.005158049177979724,
        "precStd": 0.08385923229498249
    }
}