{
    "Timeout": [
        1,
        30
    ],
    "Mean of all scores": {
        "f1Mean": 0.7379003701801718,
        "accMean": 0.9875873060124214,
        "recMean": 0.7320145051021575,
        "precMean": 0.7792058388644139
    },
    "Std of all Scores": {
        "f1Std": 0.019329959943278838,
        "accStd": 0.0032788287277714222,
        "recStd": 0.005857004372810549,
        "precStd": 0.08133518490948691
    }
}