{
    "Timeout": [
        5,
        30
    ],
    "Mean of all scores": {
        "f1Mean": 0.7386586152438491,
        "accMean": 0.9877803561396223,
        "recMean": 0.7316537190994722,
        "precMean": 0.7803047466372389
    },
    "Std of all Scores": {
        "f1Std": 0.01860650251228237,
        "accStd": 0.0032141955254851896,
        "recStd": 0.0070425157714733705,
        "precStd": 0.08126992767674944
    }
}