{
    "Timeout": [
        1,
        3
    ],
    "Mean of all scores": {
        "f1Mean": 0.7386277388369126,
        "accMean": 0.9876031243444194,
        "recMean": 0.7305710242489509,
        "precMean": 0.7888718358746636
    },
    "Std of all Scores": {
        "f1Std": 0.018913967403639004,
        "accStd": 0.0032522147323277005,
        "recStd": 0.006211166265169771,
        "precStd": 0.07604023680072039
    }
}