{
    "Timeout": [
        2,
        2
    ],
    "Mean of all scores": {
        "f1Mean": 0.7387980197283645,
        "accMean": 0.9877029872854758,
        "recMean": 0.7331029960207556,
        "precMean": 0.7803795837438046
    },
    "Std of all Scores": {
        "f1Std": 0.019812081632383072,
        "accStd": 0.003227453451120172,
        "recStd": 0.006828923376205839,
        "precStd": 0.08257118112525264
    }
}