{
    "Timeout": [
        0.5,
        2
    ],
    "Mean of all scores": {
        "f1Mean": 0.7371665604823183,
        "accMean": 0.9874759323101252,
        "recMean": 0.7294639932258056,
        "precMean": 0.7800356977890447
    },
    "Std of all Scores": {
        "f1Std": 0.019205449818544915,
        "accStd": 0.0032889469207064946,
        "recStd": 0.004873099469972262,
        "precStd": 0.08187488866148569
    }
}