{
    "Timeout": [
        3,
        30
    ],
    "Mean of all scores": {
        "f1Mean": 0.7392215074824,
        "accMean": 0.9877384249422407,
        "recMean": 0.7321028360025018,
        "precMean": 0.7815191033694727
    },
    "Std of all Scores": {
        "f1Std": 0.017641380981012755,
        "accStd": 0.0031868230696223015,
        "recStd": 0.008637638075706586,
        "precStd": 0.08009881557998624
    }
}