{
    "Timeout": [
        2,
        30
    ],
    "Mean of all scores": {
        "f1Mean": 0.7401654346763149,
        "accMean": 0.9876593299162894,
        "recMean": 0.7347151292006113,
        "precMean": 0.780249003655236
    },
    "Std of all Scores": {
        "f1Std": 0.020017140543829588,
        "accStd": 0.0032340703707605164,
        "recStd": 0.005884936727023518,
        "precStd": 0.08319452344496729
    }
}