{
    "Timeout": [
        5,
        60
    ],
    "Mean of all scores": {
        "f1Mean": 0.7414797252761411,
        "accMean": 0.9877304959341849,
        "recMean": 0.734511263114222,
        "precMean": 0.7848374557930954
    },
    "Std of all Scores": {
        "f1Std": 0.018059395099883885,
        "accStd": 0.0032248445645484875,
        "recStd": 0.008485101122504621,
        "precStd": 0.08019152246150277
    }
}