{
    "Timeout": [
        2,
        3
    ],
    "Mean of all scores": {
        "f1Mean": 0.7375126820767065,
        "accMean": 0.9876757131555596,
        "recMean": 0.7319035000651104,
        "precMean": 0.7772096862117179
    },
    "Std of all Scores": {
        "f1Std": 0.018242696497592872,
        "accStd": 0.003248536314960689,
        "recStd": 0.007142558982269204,
        "precStd": 0.08163432007818267
    }
}