{
    "Timeout": [
        10,
        60
    ],
    "Mean of all scores": {
        "f1Mean": 0.7413100002014048,
        "accMean": 0.9877732799456679,
        "recMean": 0.734971149275857,
        "precMean": 0.7741139234183269
    },
    "Std of all Scores": {
        "f1Std": 0.021510652871342895,
        "accStd": 0.0032100963924354695,
        "recStd": 0.004979922583062172,
        "precStd": 0.0714452727752366
    }
}