{
    "Timeout": [
        0.5,
        60
    ],
    "Mean of all scores": {
        "f1Mean": 0.737959099191861,
        "accMean": 0.9875178993075897,
        "recMean": 0.7318992918141077,
        "precMean": 0.7798263119228364
    },
    "Std of all Scores": {
        "f1Std": 0.017335247929819518,
        "accStd": 0.0032432303731706816,
        "recStd": 0.0077734445222367755,
        "precStd": 0.0814748147814151
    }
}