{
    "Timeout": [
        4,
        4
    ],
    "Mean of all scores": {
        "f1Mean": 0.739593555691358,
        "accMean": 0.9877079682521235,
        "recMean": 0.7332117762621648,
        "precMean": 0.7722487663501598
    },
    "Std of all Scores": {
        "f1Std": 0.018674013697100103,
        "accStd": 0.0032143656791714286,
        "recStd": 0.008518408855690274,
        "precStd": 0.062491433651177423
    }
}