{
    "Timeout": [
        5,
        5
    ],
    "Mean of all scores": {
        "f1Mean": 0.7407515751378566,
        "accMean": 0.9877265161853535,
        "recMean": 0.7339621243844394,
        "precMean": 0.7822543084609073
    },
    "Std of all Scores": {
        "f1Std": 0.020294634420927424,
        "accStd": 0.003238058583911029,
        "recStd": 0.006945942243681797,
        "precStd": 0.0830346437232017
    }
}