{
    "Timeout": [
        2,
        5
    ],
    "Mean of all scores": {
        "f1Mean": 0.7365586730456032,
        "accMean": 0.9876907239778614,
        "recMean": 0.7287284434651105,
        "precMean": 0.7801816295916243
    },
    "Std of all Scores": {
        "f1Std": 0.020021716194476652,
        "accStd": 0.0032284836785234665,
        "recStd": 0.0063364857091336374,
        "precStd": 0.08474595095618417
    }
}