{
    "Timeout": [
        1,
        4
    ],
    "Mean of all scores": {
        "f1Mean": 0.7363863519120242,
        "accMean": 0.9876211312081222,
        "recMean": 0.7309188244382957,
        "precMean": 0.776432773018344
    },
    "Std of all Scores": {
        "f1Std": 0.021083506294562765,
        "accStd": 0.0032855237126661807,
        "recStd": 0.004784451714433752,
        "precStd": 0.08365568522726981
    }
}