{
    "Timeout": [
        0.5,
        4
    ],
    "Mean of all scores": {
        "f1Mean": 0.7363496105908879,
        "accMean": 0.987497591281292,
        "recMean": 0.7282087071882012,
        "precMean": 0.7894245128905025
    },
    "Std of all Scores": {
        "f1Std": 0.018436663960194603,
        "accStd": 0.0032676993099036806,
        "recStd": 0.006986499501804098,
        "precStd": 0.07642456305863514
    }
}