{
    "Timeout": [
        3,
        5
    ],
    "Mean of all scores": {
        "f1Mean": 0.7403464384649812,
        "accMean": 0.9877156235199914,
        "recMean": 0.733783172776806,
        "precMean": 0.7820495444627783
    },
    "Std of all Scores": {
        "f1Std": 0.019585129499396513,
        "accStd": 0.003222112865941596,
        "recStd": 0.006904572272870338,
        "precStd": 0.08254587286515044
    }
}