{
    "Timeout": [
        10,
        30
    ],
    "Mean of all scores": {
        "f1Mean": 0.7413257485508347,
        "accMean": 0.9877444825008428,
        "recMean": 0.7351946287369744,
        "precMean": 0.7815827990293175
    },
    "Std of all Scores": {
        "f1Std": 0.020552863752125405,
        "accStd": 0.0031922879502127672,
        "recStd": 0.006100176343736893,
        "precStd": 0.08149871378238885
    }
}