{
    "Timeout": [
        1,
        2
    ],
    "Mean of all scores": {
        "f1Mean": 0.736530505298589,
        "accMean": 0.987581903383435,
        "recMean": 0.7310950217439321,
        "precMean": 0.7768106951863256
    },
    "Std of all Scores": {
        "f1Std": 0.019299149052735047,
        "accStd": 0.003284984964772401,
        "recStd": 0.006438692429974499,
        "precStd": 0.08337473488002381
    }
}