{
    "Timeout": [
        3,
        60
    ],
    "Mean of all scores": {
        "f1Mean": 0.7399939249909824,
        "accMean": 0.987761356995631,
        "recMean": 0.7340267416059658,
        "precMean": 0.781410662723084
    },
    "Std of all Scores": {
        "f1Std": 0.018553943735215572,
        "accStd": 0.003192462801597387,
        "recStd": 0.008778250762489913,
        "precStd": 0.0824167351980636
    }
}