{
    "Timeout": [
        0.5,
        30
    ],
    "Mean of all scores": {
        "f1Mean": 0.7391577187867092,
        "accMean": 0.9874871720877378,
        "recMean": 0.7328783368160124,
        "precMean": 0.7805997903105658
    },
    "Std of all Scores": {
        "f1Std": 0.01869665941705628,
        "accStd": 0.0032441575409279813,
        "recStd": 0.006721721177190567,
        "precStd": 0.08242794125463027
    }
}