{
    "Timeout": [
        4,
        60
    ],
    "Mean of all scores": {
        "f1Mean": 0.7391113269124393,
        "accMean": 0.9877432182234749,
        "recMean": 0.7320019385723711,
        "precMean": 0.7862301583398084
    },
    "Std of all Scores": {
        "f1Std": 0.021330785742710745,
        "accStd": 0.0031717906297192592,
        "recStd": 0.006256536348303867,
        "precStd": 0.08601909494916574
    }
}