{
    "Timeout": [
        1,
        5
    ],
    "Mean of all scores": {
        "f1Mean": 0.7380137588023701,
        "accMean": 0.9875986819745176,
        "recMean": 0.731110389971677,
        "precMean": 0.7803231353428468
    },
    "Std of all Scores": {
        "f1Std": 0.02104745331957697,
        "accStd": 0.003292989758838646,
        "recStd": 0.004265407956253167,
        "precStd": 0.0835934788007763
    }
}