{
    "Timeout": [
        2,
        4
    ],
    "Mean of all scores": {
        "f1Mean": 0.7421224168798491,
        "accMean": 0.9877033985810371,
        "recMean": 0.7369003038283842,
        "precMean": 0.782191132856276
    },
    "Std of all Scores": {
        "f1Std": 0.02028166276122017,
        "accStd": 0.00323007172925639,
        "recStd": 0.005940879068852882,
        "precStd": 0.0820970634978856
    }
}