{
    "Timeout": [
        0.5,
        5
    ],
    "Mean of all scores": {
        "f1Mean": 0.7358513221754925,
        "accMean": 0.9874546032924302,
        "recMean": 0.7284536813400204,
        "precMean": 0.7779077717717106
    },
    "Std of all Scores": {
        "f1Std": 0.0171000855347485,
        "accStd": 0.0032794799199463796,
        "recStd": 0.009098137779462402,
        "precStd": 0.08003819748727314
    }
}