{
    "Timeout": [
        3,
        3
    ],
    "Mean of all scores": {
        "f1Mean": 0.7392093347388746,
        "accMean": 0.9876885579513066,
        "recMean": 0.7331071986251303,
        "precMean": 0.7894511646729223
    },
    "Std of all Scores": {
        "f1Std": 0.019344032795995923,
        "accStd": 0.00322384266042911,
        "recStd": 0.00544202189124391,
        "precStd": 0.07381506075870109
    }
}