{
    "Timeout": [
        4,
        5
    ],
    "Mean of all scores": {
        "f1Mean": 0.7406983593104318,
        "accMean": 0.9877713948100206,
        "recMean": 0.7344286229090246,
        "precMean": 0.7816325185640858
    },
    "Std of all Scores": {
        "f1Std": 0.018523173453772954,
        "accStd": 0.003210093556467141,
        "recStd": 0.00805371697701542,
        "precStd": 0.0803900492226472
    }
}