{
    "Best score": {
        "Best Timeout": 2,
        "Mean Scores (Best)": {
            "f1Mean": 0.8269448608766666,
            "accMean": 0.8484226604747416,
            "recMean": 0.8132663775200243,
            "precMean": 0.8611005120453135
        },
        "Std Scores (Best)": {
            "f1Std": 0.02645405879383127,
            "accStd": 0.029150324128506978,
            "recStd": 0.027163404823584265,
            "precStd": 0.02401393886792438
        }
    },
    "Worst score": {
        "Worst Timeout": 5,
        "Mean Scores (Worst)": {
            "f1Mean": 0.8164037116129205,
            "accMean": 0.8307177583022758,
            "recMean": 0.8007781591320248,
            "precMean": 0.8557875079486902
        },
        "Std Scores (Worst)": {
            "f1Std": 0.01789441197774053,
            "accStd": 0.014740703262423563,
            "recStd": 0.01751727703221992,
            "precStd": 0.019967027515519455
        }
    },
    "Difference": {
        "Accuracy": 1.7704902172465786,
        "F1 Score": 1.0541149263746163,
        "Precision": 0.5313004096623275,
        "Recall": 1.2488218387999517
    }
}