{
    "Best score": {
        "Best Timeout": 2,
        "Mean Scores (Best)": {
            "f1Mean": 0.7517578472240691,
            "accMean": 0.810193271824688,
            "recMean": 0.7431969575664289,
            "precMean": 0.8273034928632788
        },
        "Std Scores (Best)": {
            "f1Std": 0.027219561452688733,
            "accStd": 0.0265568236061742,
            "recStd": 0.02634186421064994,
            "precStd": 0.03190359666428208
        }
    },
    "Worst score": {
        "Worst Timeout": 4,
        "Mean Scores (Worst)": {
            "f1Mean": 0.7381765034642862,
            "accMean": 0.7890614078511025,
            "recMean": 0.7269624370189567,
            "precMean": 0.8148751262892293
        },
        "Std Scores (Worst)": {
            "f1Std": 0.019341067292653672,
            "accStd": 0.023087982643935363,
            "recStd": 0.016838417518516332,
            "precStd": 0.02114510977695336
        }
    },
    "Difference": {
        "Accuracy": 2.1131863973585574,
        "F1 Score": 1.3581343759782927,
        "Precision": 1.2428366574049443,
        "Recall": 1.6234520547472209
    }
}