{
    "Best score": {
        "Best Timeout": 2,
        "Mean Scores (Best)": {
            "f1Mean": 0.835244284839866,
            "accMean": 0.8512225767112994,
            "recMean": 0.8224650269329421,
            "precMean": 0.8674685219946902
        },
        "Std Scores (Best)": {
            "f1Std": 0.023729731748337944,
            "accStd": 0.027006963879671667,
            "recStd": 0.02435031226220971,
            "precStd": 0.022912044107604435
        }
    },
    "Worst score": {
        "Worst Timeout": 5,
        "Mean Scores (Worst)": {
            "f1Mean": 0.8251809561464715,
            "accMean": 0.8338636284146912,
            "recMean": 0.8096930200989059,
            "precMean": 0.8632631115330327
        },
        "Std Scores (Worst)": {
            "f1Std": 0.015557204667309798,
            "accStd": 0.014641758116376876,
            "recStd": 0.014712269377250238,
            "precStd": 0.018836664816854535
        }
    },
    "Difference": {
        "Accuracy": 1.7358948296608223,
        "F1 Score": 1.0063328693394546,
        "Precision": 0.4205410461657455,
        "Recall": 1.2772006834036231
    }
}