{
    "Timeout": [
        3,
        3
    ],
    "Mean of all scores": {
        "f1Mean": 0.9599644075645474,
        "accMean": 0.9693707152397497,
        "recMean": 0.9701275447196582,
        "precMean": 0.9683272458671487
    },
    "Std of all Scores": {
        "f1Std": 0.03853416330443101,
        "accStd": 0.035239651089612044,
        "recStd": 0.04148520560309817,
        "precStd": 0.039772035550078765
    }
}