{
    "Timeout": [
        5,
        30
    ],
    "Mean of all scores": {
        "f1Mean": 0.9599204223529035,
        "accMean": 0.9683269879165994,
        "recMean": 0.9687549236306563,
        "precMean": 0.9692107132668
    },
    "Std of all Scores": {
        "f1Std": 0.041329215484591564,
        "accStd": 0.039654884456667955,
        "recStd": 0.04053946377773899,
        "precStd": 0.044893374614638534
    }
}