{
    "Timeout": [
        0.5,
        30
    ],
    "Mean of all scores": {
        "f1Mean": 0.9606140674360034,
        "accMean": 0.9739055267950146,
        "recMean": 0.9696604657723686,
        "precMean": 0.9709483588769073
    },
    "Std of all Scores": {
        "f1Std": 0.0407522321660974,
        "accStd": 0.03182164219932905,
        "recStd": 0.044142413946668846,
        "precStd": 0.0397274463309362
    }
}