{
    "Timeout": [
        0.5,
        2
    ],
    "Mean of all scores": {
        "f1Mean": 0.9620172191660481,
        "accMean": 0.9764175406740166,
        "recMean": 0.9697032737867295,
        "precMean": 0.9736010743452719
    },
    "Std of all Scores": {
        "f1Std": 0.04174249621636922,
        "accStd": 0.030262198309576282,
        "recStd": 0.04458934152984807,
        "precStd": 0.03965257500233291
    }
}