{
    "Timeout": [
        2,
        3
    ],
    "Mean of all scores": {
        "f1Mean": 0.9608307260272418,
        "accMean": 0.9712222091653506,
        "recMean": 0.9696468907450184,
        "precMean": 0.9709286268180645
    },
    "Std of all Scores": {
        "f1Std": 0.04124376326770164,
        "accStd": 0.035680551815089036,
        "recStd": 0.04338185562300628,
        "precStd": 0.0409821297041975
    }
}