{
    "Timeout": [
        0.5,
        4
    ],
    "Mean of all scores": {
        "f1Mean": 0.9620588042912723,
        "accMean": 0.9747050290407626,
        "recMean": 0.9701768696471739,
        "precMean": 0.9724533613200432
    },
    "Std of all Scores": {
        "f1Std": 0.04049625957528417,
        "accStd": 0.03205401676037233,
        "recStd": 0.04305393101808996,
        "precStd": 0.03972878693605315
    }
}