{
    "Timeout": [
        2,
        30
    ],
    "Mean of all scores": {
        "f1Mean": 0.9620839842250899,
        "accMean": 0.96974137855042,
        "recMean": 0.9703430720513067,
        "precMean": 0.9717129685197913
    },
    "Std of all Scores": {
        "f1Std": 0.03940042338508419,
        "accStd": 0.0375597589421804,
        "recStd": 0.04151883648275184,
        "precStd": 0.038819459751057626
    }
}