{
    "Timeout": [
        3,
        4
    ],
    "Mean of all scores": {
        "f1Mean": 0.9592910886427033,
        "accMean": 0.9694763680914316,
        "recMean": 0.9701672746663835,
        "precMean": 0.966945332119502
    },
    "Std of all Scores": {
        "f1Std": 0.041359840229279715,
        "accStd": 0.036840602676819635,
        "recStd": 0.04168324035627102,
        "precStd": 0.0453009112241073
    }
}