{
    "Timeout": [
        1,
        5
    ],
    "Mean of all scores": {
        "f1Mean": 0.9601661085882338,
        "accMean": 0.9717948444798337,
        "recMean": 0.9696492613852244,
        "precMean": 0.9695220462730033
    },
    "Std of all Scores": {
        "f1Std": 0.042339392573257494,
        "accStd": 0.03527149325680529,
        "recStd": 0.04322552772334854,
        "precStd": 0.04438423021077629
    }
}