{
    "Timeout": [
        0.5,
        3
    ],
    "Mean of all scores": {
        "f1Mean": 0.9594016139462005,
        "accMean": 0.9733386214725886,
        "recMean": 0.9695835913417243,
        "precMean": 0.9688395920466165
    },
    "Std of all Scores": {
        "f1Std": 0.039840851761358945,
        "accStd": 0.030579883918265435,
        "recStd": 0.04396256819034065,
        "precStd": 0.03982839285417405
    }
}