{
    "Timeout": [
        3,
        30
    ],
    "Mean of all scores": {
        "f1Mean": 0.9609766790451264,
        "accMean": 0.9687464761670777,
        "recMean": 0.9696441474956552,
        "precMean": 0.9711306731555425
    },
    "Std of all Scores": {
        "f1Std": 0.041444957510596445,
        "accStd": 0.039382897597806193,
        "recStd": 0.04285472326303487,
        "precStd": 0.04106219885965119
    }
}