{
    "Timeout": [
        10,
        30
    ],
    "Mean of all scores": {
        "f1Mean": 0.9601291139327037,
        "accMean": 0.9660936045738598,
        "recMean": 0.969026440559707,
        "precMean": 0.9692940535378151
    },
    "Std of all Scores": {
        "f1Std": 0.03905124773161074,
        "accStd": 0.039732699639542665,
        "recStd": 0.042415285290226666,
        "precStd": 0.038504951379093585
    }
}