{
    "Timeout": [
        2,
        5
    ],
    "Mean of all scores": {
        "f1Mean": 0.9598320150720546,
        "accMean": 0.9697313797517776,
        "recMean": 0.9702583408144442,
        "precMean": 0.9676330933210483
    },
    "Std of all Scores": {
        "f1Std": 0.03988310476663159,
        "accStd": 0.03550054646033416,
        "recStd": 0.041531561642951006,
        "precStd": 0.04273461372632471
    }
}