{
    "Timeout": [
        2,
        60
    ],
    "Mean of all scores": {
        "f1Mean": 0.959533121344666,
        "accMean": 0.9686653033706296,
        "recMean": 0.9702239426997672,
        "precMean": 0.9670509252507727
    },
    "Std of all Scores": {
        "f1Std": 0.040701504217734386,
        "accStd": 0.037329329241951766,
        "recStd": 0.04114780557727152,
        "precStd": 0.044468898448854294
    }
}