{
    "Timeout": [
        0.5,
        60
    ],
    "Mean of all scores": {
        "f1Mean": 0.9624960823137971,
        "accMean": 0.9750958157177289,
        "recMean": 0.970366937977899,
        "precMean": 0.9731783016803449
    },
    "Std of all Scores": {
        "f1Std": 0.04063565692708218,
        "accStd": 0.03181508974090888,
        "recStd": 0.04342554309510295,
        "precStd": 0.03957262756415545
    }
}