{
    "Timeout": [
        1,
        30
    ],
    "Mean of all scores": {
        "f1Mean": 0.9620692183875107,
        "accMean": 0.9720695026870944,
        "recMean": 0.9697129059056108,
        "precMean": 0.9733864206573639
    },
    "Std of all Scores": {
        "f1Std": 0.04136904395875161,
        "accStd": 0.035753274666957234,
        "recStd": 0.04379449170858683,
        "precStd": 0.0394909427856881
    }
}