{
    "Timeout": [
        1,
        2
    ],
    "Mean of all scores": {
        "f1Mean": 0.9604335894895464,
        "accMean": 0.9745908423436257,
        "recMean": 0.9693548509100826,
        "precMean": 0.9709156943772749
    },
    "Std of all Scores": {
        "f1Std": 0.04324049744310491,
        "accStd": 0.03235990417115785,
        "recStd": 0.04442710619000732,
        "precStd": 0.04425341746879663
    }
}