{
    "Timeout": [
        1,
        4
    ],
    "Mean of all scores": {
        "f1Mean": 0.9620647314853414,
        "accMean": 0.9727094265385527,
        "recMean": 0.9695377940134197,
        "precMean": 0.9733816539492606
    },
    "Std of all Scores": {
        "f1Std": 0.041178031688832446,
        "accStd": 0.03465878506469798,
        "recStd": 0.04379065064495904,
        "precStd": 0.03918108097492241
    }
}