{
    "Timeout": [
        2,
        4
    ],
    "Mean of all scores": {
        "f1Mean": 0.9607865018656977,
        "accMean": 0.9709292915519766,
        "recMean": 0.9703227236578114,
        "precMean": 0.9694172906292533
    },
    "Std of all Scores": {
        "f1Std": 0.04125775921234845,
        "accStd": 0.036222980690917735,
        "recStd": 0.0419127886068625,
        "precStd": 0.04380687313507927
    }
}