{
    "Timeout": [
        4,
        60
    ],
    "Mean of all scores": {
        "f1Mean": 0.9607182671324577,
        "accMean": 0.9674533155152506,
        "recMean": 0.970033696702602,
        "precMean": 0.9696602958883664
    },
    "Std of all Scores": {
        "f1Std": 0.03920197752292609,
        "accStd": 0.0389687247665951,
        "recStd": 0.041375820964240174,
        "precStd": 0.03929473503194479
    }
}