{
    "Timeout": [
        5,
        5
    ],
    "Mean of all scores": {
        "f1Mean": 0.9611948621844751,
        "accMean": 0.9696853399105809,
        "recMean": 0.9686086882307297,
        "precMean": 0.9721132752682589
    },
    "Std of all Scores": {
        "f1Std": 0.039283768449110454,
        "accStd": 0.037652695041328,
        "recStd": 0.041115353029919054,
        "precStd": 0.038886244285221104
    }
}