{
    "Timeout": [
        3,
        5
    ],
    "Mean of all scores": {
        "f1Mean": 0.961942336986735,
        "accMean": 0.9704279300986689,
        "recMean": 0.9699689339582008,
        "precMean": 0.9724921588065486
    },
    "Std of all Scores": {
        "f1Std": 0.04052163178060666,
        "accStd": 0.03743703602369853,
        "recStd": 0.0427584005449676,
        "precStd": 0.03898585823326875
    }
}