{
    "Timeout": [
        4,
        4
    ],
    "Mean of all scores": {
        "f1Mean": 0.9606400608921518,
        "accMean": 0.9706918306054628,
        "recMean": 0.9701128705401662,
        "precMean": 0.96972049601882
    },
    "Std of all Scores": {
        "f1Std": 0.0426450415286361,
        "accStd": 0.037624269332679726,
        "recStd": 0.04243023011662665,
        "precStd": 0.04536939606710084
    }
}