{
    "Timeout": [
        1,
        3
    ],
    "Mean of all scores": {
        "f1Mean": 0.9612416009192973,
        "accMean": 0.9718709514034444,
        "recMean": 0.9699903679531946,
        "precMean": 0.970889545479903
    },
    "Std of all Scores": {
        "f1Std": 0.039633806786596296,
        "accStd": 0.034192634550821416,
        "recStd": 0.042395272540520626,
        "precStd": 0.03941572966843727
    }
}