{
    "Timeout": [
        1,
        60
    ],
    "Mean of all scores": {
        "f1Mean": 0.9629558977159354,
        "accMean": 0.9723422194869691,
        "recMean": 0.9702586139727709,
        "precMean": 0.9735696824616982
    },
    "Std of all Scores": {
        "f1Std": 0.040418346618312354,
        "accStd": 0.03580136594896843,
        "recStd": 0.04228369776456445,
        "precStd": 0.039501576849267486
    }
}