{
    "Timeout": [
        4,
        30
    ],
    "Mean of all scores": {
        "f1Mean": 0.9614193463753697,
        "accMean": 0.9683170730985292,
        "recMean": 0.9700418474934551,
        "precMean": 0.9710782918599206
    },
    "Std of all Scores": {
        "f1Std": 0.03983944349898958,
        "accStd": 0.0391598976689794,
        "recStd": 0.04186129522107799,
        "precStd": 0.03910577651529798
    }
}