{
    "Timeout": [
        10,
        60
    ],
    "Mean of all scores": {
        "f1Mean": 0.9605134929077357,
        "accMean": 0.9668848844228158,
        "recMean": 0.9688382731292847,
        "precMean": 0.9706298582122326
    },
    "Std of all Scores": {
        "f1Std": 0.04097175792681868,
        "accStd": 0.040857487930989256,
        "recStd": 0.043457483331144894,
        "precStd": 0.03972410417714866
    }
}