{
    "Timeout": [
        2,
        2
    ],
    "Mean of all scores": {
        "f1Mean": 0.9606217101832935,
        "accMean": 0.9730526621364692,
        "recMean": 0.9693020208337535,
        "precMean": 0.9713783170845254
    },
    "Std of all Scores": {
        "f1Std": 0.04089795559739102,
        "accStd": 0.03291589113503273,
        "recStd": 0.04398339600632632,
        "precStd": 0.03913407334527336
    }
}