{
    "Timeout": [
        5,
        60
    ],
    "Mean of all scores": {
        "f1Mean": 0.9588109656958341,
        "accMean": 0.9663310645948375,
        "recMean": 0.9684742788108547,
        "precMean": 0.9674240253660653
    },
    "Std of all Scores": {
        "f1Std": 0.03822788589123873,
        "accStd": 0.03808934892890844,
        "recStd": 0.03991313714541429,
        "precStd": 0.04099920222727603
    }
}