{
    "Timeout": [
        0.5,
        5
    ],
    "Mean of all scores": {
        "f1Mean": 0.9615418053104585,
        "accMean": 0.9750410660773179,
        "recMean": 0.9692503698718438,
        "precMean": 0.9734367255814605
    },
    "Std of all Scores": {
        "f1Std": 0.042218757987735576,
        "accStd": 0.031867106562497804,
        "recStd": 0.0451247646047581,
        "precStd": 0.03974308062400859
    }
}