{
    "Timeout": [
        4,
        5
    ],
    "Mean of all scores": {
        "f1Mean": 0.9605112478198901,
        "accMean": 0.9700437241278032,
        "recMean": 0.9706442904261756,
        "precMean": 0.9685054469267559
    },
    "Std of all Scores": {
        "f1Std": 0.041238457422353186,
        "accStd": 0.037244738624878634,
        "recStd": 0.041514971310805455,
        "precStd": 0.044707253638305314
    }
}