{
    "Timeout": [
        3,
        60
    ],
    "Mean of all scores": {
        "f1Mean": 0.9599016895132978,
        "accMean": 0.9681838897117465,
        "recMean": 0.9701380272076925,
        "precMean": 0.9679031871646394
    },
    "Std of all Scores": {
        "f1Std": 0.041728902142432994,
        "accStd": 0.039415549082122935,
        "recStd": 0.04140895305623529,
        "precStd": 0.04512252558089164
    }
}