{
    "Best score": {
        "Best Timeout": [
            10,
            30
        ],
        "Mean Scores (Best)": {
            "f1Mean": 0.9634845344810568,
            "accMean": 0.9681983778752825,
            "recMean": 0.97005655900848,
            "precMean": 0.9745359189332217
        },
        "Std Scores (Best)": {
            "f1Std": 0.040164884581143104,
            "accStd": 0.03981774240892622,
            "recStd": 0.04233278809024461,
            "precStd": 0.0383803857218121
        }
    },
    "Worst score": {
        "Worst Timeout": [
            2,
            3
        ],
        "Mean Scores (Worst)": {
            "f1Mean": 0.9584399699609838,
            "accMean": 0.9709470594810561,
            "recMean": 0.9661597251334456,
            "precMean": 0.9716084759452679
        },
        "Std Scores (Worst)": {
            "f1Std": 0.04298219395044988,
            "accStd": 0.03626848167184136,
            "recStd": 0.0452220540654149,
            "precStd": 0.04113351563807423
        }
    },
    "Difference": {
        "Accuracy": -0.2748681605773573,
        "F1 Score": 0.5044564520072958,
        "Precision": 0.29274429879537767,
        "Recall": 0.3896833875034367
    }
}