{
    "Timeout": [
        2,
        3
    ],
    "Mean of all scores": {
        "f1Mean": 0.8404338374868686,
        "accMean": 0.8742982961394448,
        "recMean": 0.8705648949740727,
        "precMean": 0.8598846866606247
    },
    "Std of all Scores": {
        "f1Std": 0.0549540698640617,
        "accStd": 0.04690942450686597,
        "recStd": 0.04632764719106904,
        "precStd": 0.05737196392603268
    }
}