{
    "Timeout": [
        4,
        60
    ],
    "Mean of all scores": {
        "f1Mean": 0.8374457848066561,
        "accMean": 0.8777293716858445,
        "recMean": 0.8727117745816015,
        "precMean": 0.8589998072147609
    },
    "Std of all Scores": {
        "f1Std": 0.06440715831515051,
        "accStd": 0.04827180563776869,
        "recStd": 0.040711715663935305,
        "precStd": 0.06911044842743234
    }
}