{
    "Timeout": [
        1,
        4
    ],
    "Mean of all scores": {
        "f1Mean": 0.8289549250900109,
        "accMean": 0.8788325148003313,
        "recMean": 0.8602480292631054,
        "precMean": 0.8489001151423258
    },
    "Std of all Scores": {
        "f1Std": 0.04778946158277323,
        "accStd": 0.029915413161420844,
        "recStd": 0.043415266191968206,
        "precStd": 0.04401647629911398
    }
}