{
    "Timeout": [
        2,
        60
    ],
    "Mean of all scores": {
        "f1Mean": 0.8270960646561948,
        "accMean": 0.869549888157261,
        "recMean": 0.8656220147504297,
        "precMean": 0.847411611948584
    },
    "Std of all Scores": {
        "f1Std": 0.06599656857670429,
        "accStd": 0.04686847929559739,
        "recStd": 0.0422595936792138,
        "precStd": 0.0714203742563268
    }
}