{
    "Timeout": [
        0.5,
        2
    ],
    "Mean of all scores": {
        "f1Mean": 0.8366719972267935,
        "accMean": 0.8693956764563735,
        "recMean": 0.8552563523511113,
        "precMean": 0.8637743924002634
    },
    "Std of all Scores": {
        "f1Std": 0.0427720994399181,
        "accStd": 0.04019856575053636,
        "recStd": 0.027700137086661657,
        "precStd": 0.04596771369721642
    }
}