{
    "Timeout": [
        4,
        4
    ],
    "Mean of all scores": {
        "f1Mean": 0.8212411573498353,
        "accMean": 0.8672708012498109,
        "recMean": 0.8587360567404136,
        "precMean": 0.840100869690018
    },
    "Std of all Scores": {
        "f1Std": 0.05683495396322091,
        "accStd": 0.04284609622306016,
        "recStd": 0.04389710214027771,
        "precStd": 0.0604923320400397
    }
}