{
    "Timeout": [
        3,
        30
    ],
    "Mean of all scores": {
        "f1Mean": 0.8295176103151858,
        "accMean": 0.8736632590121486,
        "recMean": 0.8680436211754827,
        "precMean": 0.8499399794516822
    },
    "Std of all Scores": {
        "f1Std": 0.064570093778407,
        "accStd": 0.047098486292975694,
        "recStd": 0.04601405564371947,
        "precStd": 0.07026612914591818
    }
}