{
    "Timeout": [
        5,
        60
    ],
    "Mean of all scores": {
        "f1Mean": 0.843344020976077,
        "accMean": 0.886267616059658,
        "recMean": 0.8700185950702013,
        "precMean": 0.8661575930096859
    },
    "Std of all Scores": {
        "f1Std": 0.04662578543378481,
        "accStd": 0.0268888588358389,
        "recStd": 0.04206571493143344,
        "precStd": 0.04621822958485527
    }
}