{
    "Timeout": [
        1,
        60
    ],
    "Mean of all scores": {
        "f1Mean": 0.8364764328313001,
        "accMean": 0.882901417622161,
        "recMean": 0.8676270999647151,
        "precMean": 0.8546726964199911
    },
    "Std of all Scores": {
        "f1Std": 0.04298757436958508,
        "accStd": 0.027017467853003192,
        "recStd": 0.03127236854149468,
        "precStd": 0.049206612570166675
    }
}