{
    "Timeout": [
        1,
        2
    ],
    "Mean of all scores": {
        "f1Mean": 0.8334094811198597,
        "accMean": 0.8722708698090905,
        "recMean": 0.8707381700473226,
        "precMean": 0.8482510935606122
    },
    "Std of all Scores": {
        "f1Std": 0.04640262437046732,
        "accStd": 0.04097812017626671,
        "recStd": 0.02571192385541988,
        "precStd": 0.05623329408764285
    }
}