{
    "Timeout": [
        5,
        5
    ],
    "Mean of all scores": {
        "f1Mean": 0.8437259459745479,
        "accMean": 0.877378422567233,
        "recMean": 0.8806120298968387,
        "precMean": 0.8631120912375941
    },
    "Std of all Scores": {
        "f1Std": 0.05069447827534877,
        "accStd": 0.04353106171412374,
        "recStd": 0.029844031824853567,
        "precStd": 0.05689174014230635
    }
}