{
    "Timeout": [
        0.5,
        4
    ],
    "Mean of all scores": {
        "f1Mean": 0.822469792257373,
        "accMean": 0.866114041592072,
        "recMean": 0.8557053496648347,
        "precMean": 0.8466138422697373
    },
    "Std of all Scores": {
        "f1Std": 0.056954632763645686,
        "accStd": 0.04494238512394252,
        "recStd": 0.04284970341089066,
        "precStd": 0.06291214390753433
    }
}