{
    "Timeout": [
        10,
        30
    ],
    "Mean of all scores": {
        "f1Mean": 0.8511608120045355,
        "accMean": 0.8828073580324209,
        "recMean": 0.8918452275407078,
        "precMean": 0.860447041708777
    },
    "Std of all Scores": {
        "f1Std": 0.054363246714639955,
        "accStd": 0.04731446297548805,
        "recStd": 0.03191197249499411,
        "precStd": 0.06157185892188862
    }
}