{
    "Timeout": [
        4,
        5
    ],
    "Mean of all scores": {
        "f1Mean": 0.8279475800339107,
        "accMean": 0.8694103531478359,
        "recMean": 0.8617446654329436,
        "precMean": 0.8505306047055896
    },
    "Std of all Scores": {
        "f1Std": 0.05450587501684977,
        "accStd": 0.044953816517155035,
        "recStd": 0.039723396142866234,
        "precStd": 0.06012472849244569
    }
}