{
    "Timeout": [
        2,
        30
    ],
    "Mean of all scores": {
        "f1Mean": 0.8456127665409376,
        "accMean": 0.8870889166540366,
        "recMean": 0.8707304274566032,
        "precMean": 0.8707605618164568
    },
    "Std of all Scores": {
        "f1Std": 0.05209217642976196,
        "accStd": 0.03171930214202842,
        "recStd": 0.04284958334543106,
        "precStd": 0.05158220768199321
    }
}