{
    "Timeout": [
        0.5,
        30
    ],
    "Mean of all scores": {
        "f1Mean": 0.8139309258514817,
        "accMean": 0.8586007050247954,
        "recMean": 0.8462015661104377,
        "precMean": 0.8382821594530334
    },
    "Std of all Scores": {
        "f1Std": 0.05117229545957356,
        "accStd": 0.040119210657467624,
        "recStd": 0.03250423647636127,
        "precStd": 0.05569300092361911
    }
}