{
    "Timeout": [
        5,
        30
    ],
    "Mean of all scores": {
        "f1Mean": 0.8460000588957808,
        "accMean": 0.8811234248087029,
        "recMean": 0.8825739870588866,
        "precMean": 0.8629233092635136
    },
    "Std of all Scores": {
        "f1Std": 0.056517372569546975,
        "accStd": 0.04584153341733679,
        "recStd": 0.02545458720020997,
        "precStd": 0.0649406723538364
    }
}