{
    "Timeout": [
        2,
        2
    ],
    "Mean of all scores": {
        "f1Mean": 0.8378456956028579,
        "accMean": 0.8734094156245039,
        "recMean": 0.8651203053835632,
        "precMean": 0.8581742358360465
    },
    "Std of all Scores": {
        "f1Std": 0.04941702366252472,
        "accStd": 0.044315012129284716,
        "recStd": 0.040389953092766474,
        "precStd": 0.0541955682023627
    }
}