{
    "Timeout": [
        1,
        3
    ],
    "Mean of all scores": {
        "f1Mean": 0.8250951591672571,
        "accMean": 0.8669941174667037,
        "recMean": 0.8568421653155402,
        "precMean": 0.8468962188572775
    },
    "Std of all Scores": {
        "f1Std": 0.05395979315497411,
        "accStd": 0.045598880658571206,
        "recStd": 0.045098123563876956,
        "precStd": 0.05456057988097744
    }
}