{
    "Timeout": [
        3,
        4
    ],
    "Mean of all scores": {
        "f1Mean": 0.8408026120088964,
        "accMean": 0.8748594147661881,
        "recMean": 0.8724697005138019,
        "precMean": 0.8616669476381936
    },
    "Std of all Scores": {
        "f1Std": 0.05218651783943731,
        "accStd": 0.04542994715932187,
        "recStd": 0.041019087325132944,
        "precStd": 0.05353041933578241
    }
}