{
    "Timeout": [
        0.5,
        60
    ],
    "Mean of all scores": {
        "f1Mean": 0.8375094223638773,
        "accMean": 0.8770059334572153,
        "recMean": 0.8597537087365129,
        "precMean": 0.8619403631903392
    },
    "Std of all Scores": {
        "f1Std": 0.04434386200573022,
        "accStd": 0.033291003234153016,
        "recStd": 0.038017980745608394,
        "precStd": 0.04738350969118372
    }
}