{
    "Timeout": [
        3,
        3
    ],
    "Mean of all scores": {
        "f1Mean": 0.8359395920557935,
        "accMean": 0.8728902232130962,
        "recMean": 0.8650279540595165,
        "precMean": 0.860914396353275
    },
    "Std of all Scores": {
        "f1Std": 0.0450865552934117,
        "accStd": 0.039741514930487415,
        "recStd": 0.03340539948482285,
        "precStd": 0.04744636842082245
    }
}