{
    "Timeout": [
        1,
        30
    ],
    "Mean of all scores": {
        "f1Mean": 0.8388714749112246,
        "accMean": 0.8836678582118026,
        "recMean": 0.8637679971768562,
        "precMean": 0.8610544846783028
    },
    "Std of all Scores": {
        "f1Std": 0.039566101935106755,
        "accStd": 0.026404553209593357,
        "recStd": 0.030278358572111513,
        "precStd": 0.04414567821959676
    }
}