{
    "Timeout": [
        10,
        60
    ],
    "Mean of all scores": {
        "f1Mean": 0.8497636523172167,
        "accMean": 0.8907292326825109,
        "recMean": 0.8870361748371275,
        "precMean": 0.8637297830057505
    },
    "Std of all Scores": {
        "f1Std": 0.05866305792544949,
        "accStd": 0.03139316375695559,
        "recStd": 0.050675064616119224,
        "precStd": 0.05552133737777904
    }
}