{
    "Timeout": [
        0.5,
        3
    ],
    "Mean of all scores": {
        "f1Mean": 0.8341558270731049,
        "accMean": 0.8656173895818509,
        "recMean": 0.860624189331064,
        "precMean": 0.8600623660300879
    },
    "Std of all Scores": {
        "f1Std": 0.051684101472921046,
        "accStd": 0.04938870712798542,
        "recStd": 0.030098494986131055,
        "precStd": 0.055946523537409594
    }
}