{
    "Timeout": [
        3,
        5
    ],
    "Mean of all scores": {
        "f1Mean": 0.839897035751975,
        "accMean": 0.875433894521224,
        "recMean": 0.8713767262478956,
        "precMean": 0.8609502807290577
    },
    "Std of all Scores": {
        "f1Std": 0.05579185615770164,
        "accStd": 0.04743129141511913,
        "recStd": 0.04260012769395287,
        "precStd": 0.05902930925437209
    }
}