{
    "Timeout": [
        1,
        5
    ],
    "Mean of all scores": {
        "f1Mean": 0.829032772214022,
        "accMean": 0.8774649421856898,
        "recMean": 0.8627535739444012,
        "precMean": 0.8498730722128676
    },
    "Std of all Scores": {
        "f1Std": 0.05424748481274682,
        "accStd": 0.03584581248553489,
        "recStd": 0.04534512307288734,
        "precStd": 0.04946613994392276
    }
}