{
    "Timeout": [
        2,
        5
    ],
    "Mean of all scores": {
        "f1Mean": 0.8213972120325866,
        "accMean": 0.8635676678182062,
        "recMean": 0.8554370659822123,
        "precMean": 0.8431659123911673
    },
    "Std of all Scores": {
        "f1Std": 0.0555921457620006,
        "accStd": 0.044313972286266316,
        "recStd": 0.0452295899686743,
        "precStd": 0.05496121366745711
    }
}