{
    "Timeout": [
        0.5,
        5
    ],
    "Mean of all scores": {
        "f1Mean": 0.8210459997031583,
        "accMean": 0.8573712452759367,
        "recMean": 0.8524406094629711,
        "precMean": 0.8424524683525908
    },
    "Std of all Scores": {
        "f1Std": 0.047054506406072526,
        "accStd": 0.04366782014439644,
        "recStd": 0.032594770450996485,
        "precStd": 0.05238156556145548
    }
}