{
    "Timeout": [
        3,
        60
    ],
    "Mean of all scores": {
        "f1Mean": 0.853779246850021,
        "accMean": 0.8929195246283255,
        "recMean": 0.8745433464524867,
        "precMean": 0.8752493142805775
    },
    "Std of all Scores": {
        "f1Std": 0.037717008491527634,
        "accStd": 0.02286373604008065,
        "recStd": 0.026394154595500662,
        "precStd": 0.04658298105505603
    }
}