{
    "Timeout": [
        2,
        4
    ],
    "Mean of all scores": {
        "f1Mean": 0.8311937316462922,
        "accMean": 0.8701391967372993,
        "recMean": 0.8670558660667531,
        "precMean": 0.8493443793505951
    },
    "Std of all Scores": {
        "f1Std": 0.058000595652021904,
        "accStd": 0.04580719650774301,
        "recStd": 0.045503011996157916,
        "precStd": 0.061634514540196125
    }
}