{
    "Timeout": [
        4,
        30
    ],
    "Mean of all scores": {
        "f1Mean": 0.8339899448832133,
        "accMean": 0.8748414074087311,
        "recMean": 0.8715126906203577,
        "precMean": 0.8505296180339824
    },
    "Std of all Scores": {
        "f1Std": 0.05230165799853308,
        "accStd": 0.0435064761418246,
        "recStd": 0.034911760622752336,
        "precStd": 0.054429129118163375
    }
}