{"accuracy": {"all_test_sets": 0.979753775291764, "(0.5, 2)": 0.9277633095376628, "(1, 2)": 0.9219724595296459, "(2, 2)": 0.919314741060884, "(0.5, 3)": 0.9973580864503052, "(1, 3)": 0.99738883160615, "(2, 3)": 0.9973653798530666, "(3, 3)": 0.9973263241392747, "(0.5, 4)": 0.9973505819718576, "(1, 4)": 0.9973720187112927, "(2, 4)": 0.9973405372850019, "(3, 4)": 0.9973278689688467, "(4, 4)": 0.997335188660468, "(0.5, 5)": 0.9973392156631061, "(1, 5)": 0.9973751954729784, "(2, 5)": 0.997360686698922, "(3, 5)": 0.9973093823715552, "(4, 5)": 0.9972880110640505, "(5, 5)": 0.9967405593597412, "(0.5, 30)": 0.9973039912779674, "(1, 30)": 0.9973463414961964, "(2, 30)": 0.9895680913640221, "(3, 30)": 0.9737658754157847, "(4, 30)": 0.9725064205823354, "(5, 30)": 0.970600347850072, "(10, 30)": 0.9209550611098701, "(0.5, 60)": 0.9972981022261208, "(1, 60)": 0.9973363275467636, "(2, 60)": 0.9814209765475946, "(3, 60)": 0.9729447710631057, "(4, 60)": 0.9718344279822819, "(5, 60)": 0.9523144937586685, "(10, 60)": 0.917634934041184}, "f1Score": {"all_test_sets": 0.9264984143670089, "(0.5, 2)": 0.825977794968917, "(1, 2)": 0.8512704198635209, "(2, 2)": 0.8436868616490361, "(0.5, 3)": 0.8635219690437378, "(1, 3)": 0.9606707819039237, "(2, 3)": 0.9509410800091341, "(3, 3)": 0.9575923961159559, "(0.5, 4)": 0.8635158688559427, "(1, 4)": 0.9606813191248958, "(2, 4)": 0.955051886074294, "(3, 4)": 0.964112930978839, "(4, 4)": 0.9638136303176884, "(0.5, 5)": 0.8635024239901373, "(1, 5)": 0.9607084203414827, "(2, 5)": 0.9551201240729105, "(3, 5)": 0.9660741689599712, "(4, 5)": 0.9660461194410227, "(5, 5)": 0.9684818375223677, "(0.5, 30)": 0.9329506830293405, "(1, 30)": 0.9590240276211021, "(2, 30)": 0.9451496334615825, "(3, 30)": 0.9366622841505085, "(4, 30)": 0.9494250646306908, "(5, 30)": 0.948745609103605, "(10, 30)": 0.7610963311639721, "(0.5, 60)": 0.9329440368521844, "(1, 60)": 0.9590131862957318, "(2, 60)": 0.9356902185886732, "(3, 60)": 0.9361933612468515, "(4, 60)": 0.9388621938708802, "(5, 60)": 0.9311083338230378, "(10, 60)": 0.7581553531094407}, "precision": {"all_test_sets": 0.9484275037476259, "(0.5, 2)": 0.9537556688349328, "(1, 2)": 0.9571368863968241, "(2, 2)": 0.9501781701802158, "(0.5, 3)": 0.998340849659383, "(1, 3)": 0.9723646937350726, "(2, 3)": 0.9632970715083279, "(3, 3)": 0.9636322048397452, "(0.5, 4)": 0.9983302109949522, "(1, 4)": 0.9723070642391419, "(2, 4)": 0.9646849606320597, "(3, 4)": 0.9660843936326241, "(4, 4)": 0.96582697596225, "(0.5, 5)": 0.9983090600127823, "(1, 5)": 0.9723344782880408, "(2, 5)": 0.9646857881644858, "(3, 5)": 0.9667073915491077, "(4, 5)": 0.96666042954685, "(5, 5)": 0.9674863790480583, "(0.5, 30)": 0.967241428562812, "(1, 30)": 0.9718602273766255, "(2, 30)": 0.9463842231297043, "(3, 30)": 0.9219684168960458, "(4, 30)": 0.9423929082669087, "(5, 30)": 0.9409040417328728, "(10, 30)": 0.9092375380434016, "(0.5, 60)": 0.9672260202651155, "(1, 60)": 0.9718558007350664, "(2, 60)": 0.931386490047541, "(3, 60)": 0.9213823483672067, "(4, 60)": 0.921400597406865, "(5, 60)": 0.9184542996431783, "(10, 60)": 0.9074828694742915}, "recall": {"all_test_sets": 0.9098041483661808, "(0.5, 2)": 0.7857572182130146, "(1, 2)": 0.8225582832108037, "(2, 2)": 0.8147566999068752, "(0.5, 3)": 0.8455504806584385, "(1, 3)": 0.9501325542281313, "(2, 3)": 0.9400287903754724, "(3, 3)": 0.9518316999541888, "(0.5, 4)": 0.8455485962677503, "(1, 4)": 0.9502058371614958, "(2, 4)": 0.9462334661943429, "(3, 4)": 0.962254169023943, "(4, 4)": 0.9619152142996895, "(0.5, 5)": 0.8455419458314891, "(1, 5)": 0.9502323884619401, "(2, 5)": 0.9463639375920899, "(3, 5)": 0.9656017169728952, "(4, 5)": 0.9655903220709985, "(5, 5)": 0.9699047287832768, "(0.5, 30)": 0.9106470020610565, "(1, 30)": 0.9476345698311274, "(2, 30)": 0.9452127590222578, "(3, 30)": 0.9568730357352334, "(4, 30)": 0.9631838334042238, "(5, 30)": 0.963571941252387, "(10, 30)": 0.7922734474633549, "(0.5, 60)": 0.9106481065104739, "(1, 60)": 0.9476178793378792, "(2, 60)": 0.9434662153330197, "(3, 60)": 0.9568031230658458, "(4, 60)": 0.9626518826481401, "(5, 60)": 0.9588071374508834, "(10, 60)": 0.7896374531507463}}