{
    "Best score": {
        "Best Timeout": 60,
        "Mean Scores (Best)": {
            "f1Mean": 0.3694947042216158,
            "accMean": 0.9789027697852448,
            "recMean": 0.3465245829341715,
            "precMean": 0.5127260674502065
        },
        "Std Scores (Best)": {
            "f1Std": 0.035618416487255146,
            "accStd": 0.009283396093112297,
            "recStd": 0.04774541666421144,
            "precStd": 0.11456130615044352
        }
    },
    "Worst score": {
        "Worst Timeout": 1,
        "Mean Scores (Worst)": {
            "f1Mean": 0.3399000918179266,
            "accMean": 0.9787097262312259,
            "recMean": 0.31874632584843493,
            "precMean": 0.4750716933468159
        },
        "Std Scores (Worst)": {
            "f1Std": 0.031084708388453928,
            "accStd": 0.009089333706795594,
            "recStd": 0.041766912561910625,
            "precStd": 0.11819026192876525
        }
    },
    "Difference": {
        "Accuracy": 0.01930435540189457,
        "F1 Score": 2.9594612403689213,
        "Precision": 3.7654374103390618,
        "Recall": 2.7778257085736557
    }
}