{
    "Timeout": 6,
    "Mean of all scores": {
        "f1Mean": 0.7058858757605757,
        "accMean": 0.9396982448994795,
        "recMean": 0.7068976294594156,
        "precMean": 0.7529652554141195
    },
    "Std of all Scores": {
        "f1Std": 0.017176103209796314,
        "accStd": 0.0025940373557517818,
        "recStd": 0.02541991044042555,
        "precStd": 0.01629369710967945
    }
}