{
    "Timeout": 10,
    "Mean of all scores": {
        "f1Mean": 0.6603699609036455,
        "accMean": 0.8886506348909389,
        "recMean": 0.698790394685585,
        "precMean": 0.7482234004672909
    },
    "Std of all Scores": {
        "f1Std": 0.08124465315364815,
        "accStd": 0.09911074393704587,
        "recStd": 0.041174965865114196,
        "precStd": 0.10968004347810226
    }
}