{
    "Timeout": 5,
    "Mean of all scores": {
        "f1Mean": 0.6492088099486735,
        "accMean": 0.8632980506112204,
        "recMean": 0.6938922911019576,
        "precMean": 0.6976737003211599
    },
    "Std of all Scores": {
        "f1Std": 0.1176403418665107,
        "accStd": 0.16082203372713053,
        "recStd": 0.05655736636073002,
        "precStd": 0.0868637402078548
    }
}