{
    "Timeout": 30,
    "Mean of all scores": {
        "f1Mean": 0.6853795091576207,
        "accMean": 0.9006741335417153,
        "recMean": 0.7138512169105479,
        "precMean": 0.7485343013347903
    },
    "Std of all Scores": {
        "f1Std": 0.049265291322576475,
        "accStd": 0.08766856318860404,
        "recStd": 0.02059634071524482,
        "precStd": 0.05699247836121468
    }
}