{
    "Timeout": 0.5,
    "Mean of all scores": {
        "f1Mean": 0.6767232809467544,
        "accMean": 0.9051536340097094,
        "recMean": 0.7015667693979732,
        "precMean": 0.7492361396108095
    },
    "Std of all Scores": {
        "f1Std": 0.0527324891320327,
        "accStd": 0.07705991477260635,
        "recStd": 0.02357261298697192,
        "precStd": 0.06321749207359992
    }
}