{
    "Timeout": "default",
    "Mean of all scores": {
        "f1Mean": 0.6891242179756331,
        "accMean": 0.9417454452755856,
        "recMean": 0.6932933601823696,
        "precMean": 0.7456622329314995
    },
    "Std of all Scores": {
        "f1Std": 0.026529470167881607,
        "accStd": 0.005332333906523438,
        "recStd": 0.03224483497342813,
        "precStd": 0.008448639528230556
    }
}