{
    "Timeout": 60,
    "Mean of all scores": {
        "f1Mean": 0.6919640170299857,
        "accMean": 0.9423327569596861,
        "recMean": 0.7084683798247488,
        "precMean": 0.7293923497768505
    },
    "Std of all Scores": {
        "f1Std": 0.024023475787541246,
        "accStd": 0.005971320023387651,
        "recStd": 0.030772749920159742,
        "precStd": 0.02831262442567582
    }
}