{
    "Timeout": 4,
    "Mean of all scores": {
        "f1Mean": 0.6685435267358217,
        "accMean": 0.907247738649464,
        "recMean": 0.7026310301208425,
        "precMean": 0.7426818369825602
    },
    "Std of all Scores": {
        "f1Std": 0.05503901781680548,
        "accStd": 0.07009952470196064,
        "recStd": 0.02414169658367857,
        "precStd": 0.06207040213388816
    }
}