{
    "Timeout": 1,
    "Mean of all scores": {
        "f1Mean": 0.6864747015141759,
        "accMean": 0.9384338873937471,
        "recMean": 0.6943054877283292,
        "precMean": 0.7231085000092445
    },
    "Std of all Scores": {
        "f1Std": 0.02694108060109457,
        "accStd": 0.0031071041062293698,
        "recStd": 0.02465865094676195,
        "precStd": 0.029626897477333474
    }
}