{
    "Timeout": 2,
    "Mean of all scores": {
        "f1Mean": 0.6593648107978377,
        "accMean": 0.858864465435572,
        "recMean": 0.7138430664128194,
        "precMean": 0.6957234986870381
    },
    "Std of all Scores": {
        "f1Std": 0.10635541608801155,
        "accStd": 0.16362974672182726,
        "recStd": 0.0446560434315717,
        "precStd": 0.11584926089514078
    }
}