{
    "Timeout": 3,
    "Mean of all scores": {
        "f1Mean": 0.6887995541476265,
        "accMean": 0.8421563188244987,
        "recMean": 0.7044527590259635,
        "precMean": 0.7246494017639744
    },
    "Std of all Scores": {
        "f1Std": 0.0515002670879938,
        "accStd": 0.20174567684909447,
        "recStd": 0.032779324567913784,
        "precStd": 0.06530206453250427
    }
}