{
    "Timeout": [
        10,
        60
    ],
    "Mean of all scores": {
        "f1Mean": 0.8978869197273024,
        "accMean": 0.9931668535782077,
        "recMean": 0.8824888796722984,
        "precMean": 0.9334090037120069
    },
    "Std of all Scores": {
        "f1Std": 0.04656188483190216,
        "accStd": 0.0040565711732752155,
        "recStd": 0.05156090895113133,
        "precStd": 0.04391570317424304
    }
}