{
    "Timeout": [
        10,
        30
    ],
    "Mean of all scores": {
        "f1Mean": 0.9091982232181074,
        "accMean": 0.9935001143690136,
        "recMean": 0.8937610924498618,
        "precMean": 0.9466696704435977
    },
    "Std of all Scores": {
        "f1Std": 0.06757240092540708,
        "accStd": 0.004059640965491322,
        "recStd": 0.07595226689230197,
        "precStd": 0.04590635107705363
    }
}