{
    "Timeout": [
        3,
        4
    ],
    "Mean of all scores": {
        "f1Mean": 0.948398993882377,
        "accMean": 0.994187300795984,
        "recMean": 0.9351811153592896,
        "precMean": 0.9786418198532753
    },
    "Std of all Scores": {
        "f1Std": 0.04651291394738334,
        "accStd": 0.0035830953760975625,
        "recStd": 0.061377209841605745,
        "precStd": 0.02469459604004869
    }
}