{
    "Timeout": [
        4,
        5
    ],
    "Mean of all scores": {
        "f1Mean": 0.9256292947781501,
        "accMean": 0.9935381869043927,
        "recMean": 0.9070863918096048,
        "precMean": 0.964393166889586
    },
    "Std of all Scores": {
        "f1Std": 0.035640505737304415,
        "accStd": 0.003796758545252066,
        "recStd": 0.043221491476278476,
        "precStd": 0.03442922036538985
    }
}