{
    "Timeout": [
        3,
        5
    ],
    "Mean of all scores": {
        "f1Mean": 0.9410556220932177,
        "accMean": 0.9937902383324019,
        "recMean": 0.9225600433425545,
        "precMean": 0.9783571556744901
    },
    "Std of all Scores": {
        "f1Std": 0.03557082792863427,
        "accStd": 0.0036890509210042674,
        "recStd": 0.04612849810292637,
        "precStd": 0.024536954554716436
    }
}