{
    "Timeout": [
        0.5,
        30
    ],
    "Mean of all scores": {
        "f1Mean": 0.9541054778806268,
        "accMean": 0.9948861920032777,
        "recMean": 0.9353061652334604,
        "precMean": 0.9951033785031104
    },
    "Std of all Scores": {
        "f1Std": 0.037454858036925394,
        "accStd": 0.003055440773010937,
        "recStd": 0.05050546729694383,
        "precStd": 0.006568577030415465
    }
}