{
    "Timeout": [
        1,
        30
    ],
    "Mean of all scores": {
        "f1Mean": 0.9519316197798384,
        "accMean": 0.9946373442502352,
        "recMean": 0.9350404050453889,
        "precMean": 0.988866645740232
    },
    "Std of all Scores": {
        "f1Std": 0.025832945017871464,
        "accStd": 0.0032964266531489888,
        "recStd": 0.038892238654626175,
        "precStd": 0.009080397918049337
    }
}