{
    "Timeout": [
        4,
        4
    ],
    "Mean of all scores": {
        "f1Mean": 0.9581543083394883,
        "accMean": 0.9939914126802275,
        "recMean": 0.9402118101517793,
        "precMean": 0.9922889512319821
    },
    "Std of all Scores": {
        "f1Std": 0.020345274693251227,
        "accStd": 0.0036342062753333703,
        "recStd": 0.03267854599869536,
        "precStd": 0.008891751443777431
    }
}