{
    "Timeout": [
        4,
        30
    ],
    "Mean of all scores": {
        "f1Mean": 0.9177284934469976,
        "accMean": 0.994291808210893,
        "recMean": 0.8977320718543377,
        "precMean": 0.9659899955865386
    },
    "Std of all Scores": {
        "f1Std": 0.046498222578106485,
        "accStd": 0.0037450703694489325,
        "recStd": 0.05112161405722631,
        "precStd": 0.03539012751730979
    }
}