{
    "Timeout": [
        1,
        3
    ],
    "Mean of all scores": {
        "f1Mean": 0.9314280422842056,
        "accMean": 0.994500854943644,
        "recMean": 0.9154977632345114,
        "precMean": 0.9649072470713085
    },
    "Std of all Scores": {
        "f1Std": 0.04623696825916653,
        "accStd": 0.0029864704529494893,
        "recStd": 0.051240871418390434,
        "precStd": 0.038464102110455
    }
}