{
    "Timeout": [
        3,
        60
    ],
    "Mean of all scores": {
        "f1Mean": 0.9051588821697811,
        "accMean": 0.9943797965188651,
        "recMean": 0.8924059074882864,
        "precMean": 0.9389545210502547
    },
    "Std of all Scores": {
        "f1Std": 0.0390668016651673,
        "accStd": 0.004067986028700666,
        "recStd": 0.04510213906860011,
        "precStd": 0.04740691596401057
    }
}