{
    "Timeout": [
        1,
        5
    ],
    "Mean of all scores": {
        "f1Mean": 0.9415326765079278,
        "accMean": 0.9944482541041438,
        "recMean": 0.9223267884394895,
        "precMean": 0.9785573690257323
    },
    "Std of all Scores": {
        "f1Std": 0.0473851096263882,
        "accStd": 0.00323317507079008,
        "recStd": 0.0564263608901231,
        "precStd": 0.027249072909388022
    }
}