{
    "Timeout": [
        3,
        3
    ],
    "Mean of all scores": {
        "f1Mean": 0.9201070134678337,
        "accMean": 0.9902107557191597,
        "recMean": 0.9013630379217774,
        "precMean": 0.9693968436109947
    },
    "Std of all Scores": {
        "f1Std": 0.05078983400616833,
        "accStd": 0.00804918031981852,
        "recStd": 0.06428993009591379,
        "precStd": 0.03069998176712045
    }
}