{
    "Timeout": [
        2,
        4
    ],
    "Mean of all scores": {
        "f1Mean": 0.9421706600435847,
        "accMean": 0.9939883546781708,
        "recMean": 0.9251766875619902,
        "precMean": 0.9789951831906624
    },
    "Std of all Scores": {
        "f1Std": 0.039777974710477275,
        "accStd": 0.003555062430944599,
        "recStd": 0.05113337912826356,
        "precStd": 0.024527830007900882
    }
}