{
    "Timeout": [
        0.5,
        4
    ],
    "Mean of all scores": {
        "f1Mean": 0.9516327288176989,
        "accMean": 0.9948555588228807,
        "recMean": 0.9288903325376049,
        "precMean": 0.9954300318587045
    },
    "Std of all Scores": {
        "f1Std": 0.034404554001430984,
        "accStd": 0.00307456253988976,
        "recStd": 0.048266707496615234,
        "precStd": 0.006512220752647531
    }
}