{
    "Timeout": [
        5,
        30
    ],
    "Mean of all scores": {
        "f1Mean": 0.9130896519834177,
        "accMean": 0.9938448391513248,
        "recMean": 0.9011663835696853,
        "precMean": 0.9489491194040394
    },
    "Std of all Scores": {
        "f1Std": 0.06378196801510651,
        "accStd": 0.0037935733407169774,
        "recStd": 0.06658720849057062,
        "precStd": 0.056429345894348344
    }
}