{
    "Timeout": [
        3,
        30
    ],
    "Mean of all scores": {
        "f1Mean": 0.9032020905086714,
        "accMean": 0.994120436201063,
        "recMean": 0.8883033109552825,
        "precMean": 0.939678269330275
    },
    "Std of all Scores": {
        "f1Std": 0.05488957675611368,
        "accStd": 0.003739435353900742,
        "recStd": 0.057391366532153855,
        "precStd": 0.047856426346640446
    }
}