{
    "Timeout": [
        5,
        60
    ],
    "Mean of all scores": {
        "f1Mean": 0.9220847592958258,
        "accMean": 0.9938364537872596,
        "recMean": 0.9040981108751703,
        "precMean": 0.9659993947728184
    },
    "Std of all Scores": {
        "f1Std": 0.03649457638542966,
        "accStd": 0.003825034184433945,
        "recStd": 0.04355813421552912,
        "precStd": 0.027727373981034482
    }
}