{
    "Timeout": [
        1,
        60
    ],
    "Mean of all scores": {
        "f1Mean": 0.9475330747779495,
        "accMean": 0.9940425207753589,
        "recMean": 0.9251858416828675,
        "precMean": 0.9942510110612497
    },
    "Std of all Scores": {
        "f1Std": 0.032891339353236064,
        "accStd": 0.003264355666654372,
        "recStd": 0.04731620141667156,
        "precStd": 0.006899252522725525
    }
}