{
    "Timeout": [
        2,
        30
    ],
    "Mean of all scores": {
        "f1Mean": 0.9134977688184774,
        "accMean": 0.9945859780262827,
        "recMean": 0.8964679250719708,
        "precMean": 0.9524946659365373
    },
    "Std of all Scores": {
        "f1Std": 0.03592020663489538,
        "accStd": 0.0037721116302893826,
        "recStd": 0.04341041463654509,
        "precStd": 0.03195220346453264
    }
}