{
    "Timeout": [
        0.5,
        60
    ],
    "Mean of all scores": {
        "f1Mean": 0.953035759679534,
        "accMean": 0.9946850596148176,
        "recMean": 0.9337009478132664,
        "precMean": 0.9943138273973637
    },
    "Std of all Scores": {
        "f1Std": 0.040838428571128856,
        "accStd": 0.0030387031538695905,
        "recStd": 0.05230842572687408,
        "precStd": 0.00615623431051738
    }
}