{
    "Timeout": [
        5,
        5
    ],
    "Mean of all scores": {
        "f1Mean": 0.9527944584330184,
        "accMean": 0.9937349507405632,
        "recMean": 0.9340297038490185,
        "precMean": 0.991636331824078
    },
    "Std of all Scores": {
        "f1Std": 0.025855295460792405,
        "accStd": 0.003716993240076506,
        "recStd": 0.03843759841762571,
        "precStd": 0.00979091252473043
    }
}