{
    "Timeout": [
        2,
        5
    ],
    "Mean of all scores": {
        "f1Mean": 0.9472257742626645,
        "accMean": 0.9938459393033808,
        "recMean": 0.9272633640423829,
        "precMean": 0.9919569977713374
    },
    "Std of all Scores": {
        "f1Std": 0.025496955660962585,
        "accStd": 0.0035516124009165708,
        "recStd": 0.0410309600948467,
        "precStd": 0.009015533990962794
    }
}