{
    "Timeout": [
        2,
        2
    ],
    "Mean of all scores": {
        "f1Mean": 0.9299038896743212,
        "accMean": 0.9936153395087877,
        "recMean": 0.9111636436593111,
        "precMean": 0.9856305591111457
    },
    "Std of all Scores": {
        "f1Std": 0.046310216612324824,
        "accStd": 0.0032401422474674733,
        "recStd": 0.06210746432645438,
        "precStd": 0.012857876415467909
    }
}