{
    "Timeout": [
        1,
        2
    ],
    "Mean of all scores": {
        "f1Mean": 0.9397824516487026,
        "accMean": 0.9946932257721105,
        "recMean": 0.9252493376444022,
        "precMean": 0.9659590981050936
    },
    "Std of all Scores": {
        "f1Std": 0.038654409067940876,
        "accStd": 0.003177716371151422,
        "recStd": 0.04536209639420289,
        "precStd": 0.03689675694623137
    }
}