{
    "Timeout": [
        0.5,
        2
    ],
    "Mean of all scores": {
        "f1Mean": 0.9525220463805043,
        "accMean": 0.994821336329941,
        "recMean": 0.9318377628365951,
        "precMean": 0.9940344786680096
    },
    "Std of all Scores": {
        "f1Std": 0.033377593619535746,
        "accStd": 0.0030312627190243646,
        "recStd": 0.046110970366042836,
        "precStd": 0.0061477683369749354
    }
}