{
    "Timeout": [
        2,
        60
    ],
    "Mean of all scores": {
        "f1Mean": 0.9250781863909948,
        "accMean": 0.9937073441530876,
        "recMean": 0.9079417306902686,
        "precMean": 0.9642535062153103
    },
    "Std of all Scores": {
        "f1Std": 0.04624593637594763,
        "accStd": 0.003679294176165184,
        "recStd": 0.055653082705008065,
        "precStd": 0.029523459528042605
    }
}