{
    "Timeout": [
        4,
        60
    ],
    "Mean of all scores": {
        "f1Mean": 0.9088912949813078,
        "accMean": 0.9942872127635238,
        "recMean": 0.8912194032254789,
        "precMean": 0.9526002712400794
    },
    "Std of all Scores": {
        "f1Std": 0.027438971401142275,
        "accStd": 0.0037980130280645453,
        "recStd": 0.035583378216679104,
        "precStd": 0.02409919532529293
    }
}