{
    "Timeout": [
        0.5,
        5
    ],
    "Mean of all scores": {
        "f1Mean": 0.9515578417758042,
        "accMean": 0.9951317315786138,
        "recMean": 0.9318164215753424,
        "precMean": 0.9939834034530864
    },
    "Std of all Scores": {
        "f1Std": 0.03648048847627812,
        "accStd": 0.003123027197962853,
        "recStd": 0.04693600695750302,
        "precStd": 0.00619242674422151
    }
}