{
    "Timeout": [
        2,
        3
    ],
    "Mean of all scores": {
        "f1Mean": 0.9020318300336244,
        "accMean": 0.9936426665545669,
        "recMean": 0.884313957705127,
        "precMean": 0.9452328105653652
    },
    "Std of all Scores": {
        "f1Std": 0.051318978541547794,
        "accStd": 0.0032926775849439808,
        "recStd": 0.059387154099289845,
        "precStd": 0.048486879178982686
    }
}