{
    "Timeout": [
        0.5,
        3
    ],
    "Mean of all scores": {
        "f1Mean": 0.9422382700979455,
        "accMean": 0.9948748004988264,
        "recMean": 0.925665539665563,
        "precMean": 0.9686020252671084
    },
    "Std of all Scores": {
        "f1Std": 0.042368204133600706,
        "accStd": 0.003032748730211491,
        "recStd": 0.04867515494747767,
        "precStd": 0.03664372655644842
    }
}