{
    "Timeout": [
        1,
        4
    ],
    "Mean of all scores": {
        "f1Mean": 0.9475185483992485,
        "accMean": 0.9946945123735853,
        "recMean": 0.9333473710532465,
        "precMean": 0.9781574104868849
    },
    "Std of all Scores": {
        "f1Std": 0.0380749430742463,
        "accStd": 0.0032423715453768582,
        "recStd": 0.04494245876956691,
        "precStd": 0.031977661459233975
    }
}