{
    "Timeout": [
        5,
        5
    ],
    "Mean of all scores": {
        "f1Mean": 0.9554308825071235,
        "accMean": 0.9668478748773259,
        "recMean": 0.9648892945268637,
        "precMean": 0.9684811696372682
    },
    "Std of all Scores": {
        "f1Std": 0.04349496376353944,
        "accStd": 0.03812532214555255,
        "recStd": 0.04673321850633553,
        "precStd": 0.03978294032247022
    }
}