{
    "Timeout": [
        10,
        30
    ],
    "Mean of all scores": {
        "f1Mean": 0.9560946125642393,
        "accMean": 0.9645678766121527,
        "recMean": 0.9654057307441686,
        "precMean": 0.9692024338726732
    },
    "Std of all Scores": {
        "f1Std": 0.044558291267344,
        "accStd": 0.04112169932989038,
        "recStd": 0.04829343299796947,
        "precStd": 0.03835105296290137
    }
}