{
    "Timeout": [
        2,
        4
    ],
    "Mean of all scores": {
        "f1Mean": 0.956758136501249,
        "accMean": 0.9682103163545032,
        "recMean": 0.9663555513812963,
        "precMean": 0.96994632385116
    },
    "Std of all Scores": {
        "f1Std": 0.045120988422261095,
        "accStd": 0.03811196716676665,
        "recStd": 0.04824522171095117,
        "precStd": 0.03981951178806972
    }
}