{
    "Timeout": [
        4,
        5
    ],
    "Mean of all scores": {
        "f1Mean": 0.9556010614313866,
        "accMean": 0.9678918156316481,
        "recMean": 0.966609930417859,
        "precMean": 0.9672192641474007
    },
    "Std of all Scores": {
        "f1Std": 0.046629425043488854,
        "accStd": 0.03879205069280074,
        "recStd": 0.047917685113584886,
        "precStd": 0.045420067571637975
    }
}