{
    "Timeout": [
        1,
        5
    ],
    "Mean of all scores": {
        "f1Mean": 0.9583872971869253,
        "accMean": 0.9708296426348012,
        "recMean": 0.9665304510888081,
        "precMean": 0.9727852611308407
    },
    "Std of all Scores": {
        "f1Std": 0.04612605087638073,
        "accStd": 0.037179453137845014,
        "recStd": 0.04867727578616564,
        "precStd": 0.04011887007238062
    }
}