{
    "Timeout": [
        0.5,
        2
    ],
    "Mean of all scores": {
        "f1Mean": 0.9582758355716237,
        "accMean": 0.9747946527989214,
        "recMean": 0.966592595684374,
        "precMean": 0.9728189716857321
    },
    "Std of all Scores": {
        "f1Std": 0.04678279892612259,
        "accStd": 0.032533293350658146,
        "recStd": 0.04932183556765455,
        "precStd": 0.04083176481513074
    }
}