{
    "Timeout": [
        0.5,
        3
    ],
    "Mean of all scores": {
        "f1Mean": 0.9572206541393194,
        "accMean": 0.9725736285398334,
        "recMean": 0.966484852564434,
        "precMean": 0.9708493210419082
    },
    "Std of all Scores": {
        "f1Std": 0.04580370702287565,
        "accStd": 0.03384735088718494,
        "recStd": 0.04897035832329597,
        "precStd": 0.0405464148001799
    }
}