{
    "Timeout": [
        2,
        3
    ],
    "Mean of all scores": {
        "f1Mean": 0.9532649891459659,
        "accMean": 0.9656429760877728,
        "recMean": 0.9658512414855804,
        "precMean": 0.9646869256795
    },
    "Std of all Scores": {
        "f1Std": 0.043662369097638244,
        "accStd": 0.036167677968443064,
        "recStd": 0.04780999770175969,
        "precStd": 0.041754354387271764
    }
}