{
    "Timeout": [
        2,
        2
    ],
    "Mean of all scores": {
        "f1Mean": 0.9576356201650645,
        "accMean": 0.9717732705292074,
        "recMean": 0.9668287759868106,
        "precMean": 0.9710310816995353
    },
    "Std of all Scores": {
        "f1Std": 0.044706910708081596,
        "accStd": 0.03411005707646832,
        "recStd": 0.04822141161488821,
        "precStd": 0.03908384011587972
    }
}