{
    "Timeout": [
        0.5,
        4
    ],
    "Mean of all scores": {
        "f1Mean": 0.9589499607631016,
        "accMean": 0.9735762300673105,
        "recMean": 0.9669206336968561,
        "precMean": 0.9739011208194961
    },
    "Std of all Scores": {
        "f1Std": 0.0465417733709364,
        "accStd": 0.03433472993668139,
        "recStd": 0.04914436962595232,
        "precStd": 0.04016990867283122
    }
}