{
    "Timeout": [
        4,
        60
    ],
    "Mean of all scores": {
        "f1Mean": 0.9572144506298205,
        "accMean": 0.9660932819379049,
        "recMean": 0.9665988620395254,
        "precMean": 0.9699593056091874
    },
    "Std of all Scores": {
        "f1Std": 0.04457658665797764,
        "accStd": 0.04084364674133477,
        "recStd": 0.04734906461480016,
        "precStd": 0.03954823089589542
    }
}