{
    "Timeout": [
        10,
        60
    ],
    "Mean of all scores": {
        "f1Mean": 0.9558045215013802,
        "accMean": 0.9641768504780502,
        "recMean": 0.9651381160625782,
        "precMean": 0.9689882168579856
    },
    "Std of all Scores": {
        "f1Std": 0.04466965971439239,
        "accStd": 0.04130497330453061,
        "recStd": 0.04843856921844596,
        "precStd": 0.03836171814080676
    }
}