{
    "Timeout": [
        0.5,
        5
    ],
    "Mean of all scores": {
        "f1Mean": 0.957512585635596,
        "accMean": 0.9735281502709666,
        "recMean": 0.9667340275064251,
        "precMean": 0.9711154143578906
    },
    "Std of all Scores": {
        "f1Std": 0.04813390274743961,
        "accStd": 0.03447273651051739,
        "recStd": 0.049086718085688874,
        "precStd": 0.045688995997391055
    }
}