{
    "Timeout": [
        3,
        4
    ],
    "Mean of all scores": {
        "f1Mean": 0.9572996385514283,
        "accMean": 0.9681718155996023,
        "recMean": 0.9666655261761757,
        "precMean": 0.9705906211124706
    },
    "Std of all Scores": {
        "f1Std": 0.044858143319138254,
        "accStd": 0.03852195520326509,
        "recStd": 0.04808037881999903,
        "precStd": 0.039225820326256905
    }
}