{
    "Timeout": [
        5,
        60
    ],
    "Mean of all scores": {
        "f1Mean": 0.9561199220542129,
        "accMean": 0.9654822139463208,
        "recMean": 0.9648471033665634,
        "precMean": 0.9699526459615537
    },
    "Std of all Scores": {
        "f1Std": 0.04429168962105642,
        "accStd": 0.04080769276632566,
        "recStd": 0.04690023920218753,
        "precStd": 0.039425075989253475
    }
}