{
    "Timeout": [
        0.5,
        60
    ],
    "Mean of all scores": {
        "f1Mean": 0.9580312386793646,
        "accMean": 0.9735642459204236,
        "recMean": 0.9671101791966332,
        "precMean": 0.9716439950929677
    },
    "Std of all Scores": {
        "f1Std": 0.047420285827411625,
        "accStd": 0.03439651654052102,
        "recStd": 0.048742104674300527,
        "precStd": 0.04463011455398263
    }
}