{
    "Timeout": [
        2,
        5
    ],
    "Mean of all scores": {
        "f1Mean": 0.9576787912544553,
        "accMean": 0.9686402975136195,
        "recMean": 0.96666004531941,
        "precMean": 0.9710575471923073
    },
    "Std of all Scores": {
        "f1Std": 0.0451733654049269,
        "accStd": 0.03853376285925279,
        "recStd": 0.04797461615690096,
        "precStd": 0.03981414071506085
    }
}