{
    "Timeout": [
        1,
        30
    ],
    "Mean of all scores": {
        "f1Mean": 0.9585807464715623,
        "accMean": 0.9706112080700379,
        "recMean": 0.9664455173205198,
        "precMean": 0.9731888938857265
    },
    "Std of all Scores": {
        "f1Std": 0.046443526643577995,
        "accStd": 0.0376306287017595,
        "recStd": 0.04883342816906344,
        "precStd": 0.04033773670675961
    }
}