{
    "Timeout": [
        1,
        60
    ],
    "Mean of all scores": {
        "f1Mean": 0.9591228130622642,
        "accMean": 0.9708042140450018,
        "recMean": 0.9668185159065044,
        "precMean": 0.9737046024519209
    },
    "Std of all Scores": {
        "f1Std": 0.045845044017884716,
        "accStd": 0.03741939387581613,
        "recStd": 0.04844578330360875,
        "precStd": 0.039456751982676695
    }
}