{
    "Timeout": [
        1,
        3
    ],
    "Mean of all scores": {
        "f1Mean": 0.9582785455655879,
        "accMean": 0.9712553508223026,
        "recMean": 0.9664330752679076,
        "precMean": 0.9728250915686317
    },
    "Std of all Scores": {
        "f1Std": 0.04632667396048382,
        "accStd": 0.03659115689201324,
        "recStd": 0.04900740614475207,
        "precStd": 0.039991058204462124
    }
}