{
    "Timeout": [
        4,
        30
    ],
    "Mean of all scores": {
        "f1Mean": 0.9518024312757227,
        "accMean": 0.9627476442410181,
        "recMean": 0.9657553290361858,
        "precMean": 0.9615523191312697
    },
    "Std of all Scores": {
        "f1Std": 0.04503398475104804,
        "accStd": 0.03914892255069631,
        "recStd": 0.04718407361899637,
        "precStd": 0.04658419345521379
    }
}