{
    "Timeout": [
        3,
        30
    ],
    "Mean of all scores": {
        "f1Mean": 0.952655033573183,
        "accMean": 0.9622201013603963,
        "recMean": 0.9654526552163732,
        "precMean": 0.9639485311129545
    },
    "Std of all Scores": {
        "f1Std": 0.04366498953913899,
        "accStd": 0.039234774509588496,
        "recStd": 0.04745725924446174,
        "precStd": 0.04182746455696746
    }
}