{
    "Timeout": [
        2,
        30
    ],
    "Mean of all scores": {
        "f1Mean": 0.9569995053575273,
        "accMean": 0.9670173675536073,
        "recMean": 0.9665868746697436,
        "precMean": 0.9696670842809137
    },
    "Std of all Scores": {
        "f1Std": 0.044456409742454794,
        "accStd": 0.0393137598677926,
        "recStd": 0.04748689241608511,
        "precStd": 0.039765766889007
    }
}