{
    "Timeout": [
        5,
        30
    ],
    "Mean of all scores": {
        "f1Mean": 0.956300423854595,
        "accMean": 0.9658202722019338,
        "recMean": 0.9647948580057003,
        "precMean": 0.9701586726158198
    },
    "Std of all Scores": {
        "f1Std": 0.04427401993022786,
        "accStd": 0.04059169849840038,
        "recStd": 0.04682993812680661,
        "precStd": 0.039417656580892975
    }
}