{
    "Timeout": [
        3,
        60
    ],
    "Mean of all scores": {
        "f1Mean": 0.9572174815492527,
        "accMean": 0.966291316952135,
        "recMean": 0.9665212553286446,
        "precMean": 0.9702135156543896
    },
    "Std of all Scores": {
        "f1Std": 0.04496769438797984,
        "accStd": 0.040953879778803035,
        "recStd": 0.04762470395298066,
        "precStd": 0.03968083132730923
    }
}