{
    "Timeout": [
        3,
        3
    ],
    "Mean of all scores": {
        "f1Mean": 0.9573276627530447,
        "accMean": 0.9689068406057737,
        "recMean": 0.9665512501453415,
        "precMean": 0.9706798082067953
    },
    "Std of all Scores": {
        "f1Std": 0.045278857670769106,
        "accStd": 0.03805811724659481,
        "recStd": 0.048276467561173285,
        "precStd": 0.0398011094704327
    }
}