{
    "Timeout": [
        0.5,
        30
    ],
    "Mean of all scores": {
        "f1Mean": 0.9572765592113097,
        "accMean": 0.9724444780885462,
        "recMean": 0.9668144268427076,
        "precMean": 0.9704231426911558
    },
    "Std of all Scores": {
        "f1Std": 0.04515841804471563,
        "accStd": 0.03377260189132232,
        "recStd": 0.04865487804422495,
        "precStd": 0.040049946347971765
    }
}