{
    "Timeout": [
        3,
        5
    ],
    "Mean of all scores": {
        "f1Mean": 0.9564621904096189,
        "accMean": 0.9673019594949658,
        "recMean": 0.9664491301259217,
        "precMean": 0.9691897173809005
    },
    "Std of all Scores": {
        "f1Std": 0.044607798373962795,
        "accStd": 0.03854990527001634,
        "recStd": 0.04793993227859374,
        "precStd": 0.039705267997164596
    }
}