{
    "Timeout": [
        2,
        60
    ],
    "Mean of all scores": {
        "f1Mean": 0.9566625783057248,
        "accMean": 0.9667005416269552,
        "recMean": 0.9664397195677361,
        "precMean": 0.9693595072894906
    },
    "Std of all Scores": {
        "f1Std": 0.04452510326071316,
        "accStd": 0.03944326934943472,
        "recStd": 0.04749687212300953,
        "precStd": 0.03991111396709695
    }
}