{
    "Timeout": [
        1,
        2
    ],
    "Mean of all scores": {
        "f1Mean": 0.9527549084208549,
        "accMean": 0.9688747527480199,
        "recMean": 0.9656396370425966,
        "precMean": 0.9642573520110653
    },
    "Std of all Scores": {
        "f1Std": 0.043733943375527155,
        "accStd": 0.032151747675201535,
        "recStd": 0.04826690852566474,
        "precStd": 0.04223048877056102
    }
}