{
    "Timeout": [
        1,
        4
    ],
    "Mean of all scores": {
        "f1Mean": 0.9586510854750984,
        "accMean": 0.971111172873853,
        "recMean": 0.9664796575223292,
        "precMean": 0.9733673007095757
    },
    "Std of all Scores": {
        "f1Std": 0.04644261194385572,
        "accStd": 0.03706728026547143,
        "recStd": 0.048749575840351035,
        "precStd": 0.04029598174210347
    }
}