{
    "Timeout": [
        4,
        4
    ],
    "Mean of all scores": {
        "f1Mean": 0.9572859089851189,
        "accMean": 0.9682080171550769,
        "recMean": 0.9666330429424551,
        "precMean": 0.9702700205251433
    },
    "Std of all Scores": {
        "f1Std": 0.04484157083616106,
        "accStd": 0.03852000418814371,
        "recStd": 0.047819578159625044,
        "precStd": 0.039843659781809586
    }
}