{
    "Best score": {
        "Best Timeout": 5,
        "Accuracy": 0.9611703674470713,
        "F1 Score": 0.7781845519616928,
        "Precision": 0.7686564067381125,
        "Recall": 0.8184170813025403
    },
    "Worst score": {
        "Worst Timeout": 0.5,
        "Accuracy": 0.9643754252428364,
        "F1 Score": 0.7079620561730767,
        "Precision": 0.7040100450527869,
        "Recall": 0.7591513396815561
    },
    "Difference": {
        "Accuracy": 99.99679494220423,
        "F1 Score": 7.022249578861606,
        "Precision": 6.464636168532567,
        "Recall": 5.926574162098419
    }
}