{
    "Best score": {
        "Best Timeout": 10,
        "Accuracy": 0.9707756262225452,
        "F1 Score": 0.7107740784272163,
        "Precision": 0.7089877053209831,
        "Recall": 0.7341816170302369
    },
    "Worst score": {
        "Worst Timeout": 30,
        "Accuracy": 0.971506050251157,
        "F1 Score": 0.7042960076861771,
        "Precision": 0.7027736740133591,
        "Recall": 0.731559288139507
    },
    "Difference": {
        "Accuracy": -0.07304240286117869,
        "F1 Score": 0.6478070741039232,
        "Precision": 0.6214031307623991,
        "Recall": 0.2622328890729886
    }
}