{
    "Best score": {
        "Best Timeout": 4,
        "Accuracy": 0.9728808784084189,
        "F1 Score": 0.7373881699926426,
        "Precision": 0.7432274623685814,
        "Recall": 0.7357286661564961
    },
    "Worst score": {
        "Worst Timeout": 6,
        "Accuracy": 0.9678577835388612,
        "F1 Score": 0.7112386009042974,
        "Precision": 0.7112635632960634,
        "Recall": 0.7180865890682061
    },
    "Difference": {
        "Accuracy": 0.005023094869557654,
        "F1 Score": 2.6149569088345204,
        "Precision": 3.1963899072517954,
        "Recall": 1.764207708829002
    }
}