{
    "Timeout": [
        1,
        5
    ],
    "Mean of all scores": {
        "f1Mean": 0.6087588223918695,
        "accMean": 0.9867334067594967,
        "recMean": 0.5902275283013434,
        "precMean": 0.6968987244246474
    },
    "Std of all Scores": {
        "f1Std": 0.020574560644744472,
        "accStd": 0.0025250133332495894,
        "recStd": 0.015365656624712813,
        "precStd": 0.04310607452897876
    }
}