{
    "Timeout": [
        4,
        30
    ],
    "Mean of all scores": {
        "f1Mean": 0.6191057945134308,
        "accMean": 0.9867940704482336,
        "recMean": 0.5998304733690707,
        "precMean": 0.7120967596328818
    },
    "Std of all Scores": {
        "f1Std": 0.011265247789392979,
        "accStd": 0.002275155449778162,
        "recStd": 0.013678413634716828,
        "precStd": 0.05345600968816031
    }
}