{
    "Timeout": [
        3,
        5
    ],
    "Mean of all scores": {
        "f1Mean": 0.6081906563821062,
        "accMean": 0.9864910918740509,
        "recMean": 0.5915079128692365,
        "precMean": 0.6892795443039322
    },
    "Std of all Scores": {
        "f1Std": 0.01664068890946301,
        "accStd": 0.0030325728565269204,
        "recStd": 0.009280452144760242,
        "precStd": 0.06362460315439317
    }
}