{
    "Timeout": [
        1,
        60
    ],
    "Mean of all scores": {
        "f1Mean": 0.6093398726395209,
        "accMean": 0.986793909138839,
        "recMean": 0.58571924034369,
        "precMean": 0.7167142506826651
    },
    "Std of all Scores": {
        "f1Std": 0.014166305470480537,
        "accStd": 0.0025273832652889234,
        "recStd": 0.010046238290450938,
        "precStd": 0.04212716424565025
    }
}