{
    "Timeout": [
        10,
        30
    ],
    "Mean of all scores": {
        "f1Mean": 0.6175965507929553,
        "accMean": 0.9871957863260808,
        "recMean": 0.5934629571976229,
        "precMean": 0.7098265805167694
    },
    "Std of all Scores": {
        "f1Std": 0.013754590636476882,
        "accStd": 0.002037574537560928,
        "recStd": 0.0032275190304387456,
        "precStd": 0.04889475736091278
    }
}