{
    "Timeout": [
        0.5,
        4
    ],
    "Mean of all scores": {
        "f1Mean": 0.6090244313123241,
        "accMean": 0.9859106420241531,
        "recMean": 0.589974404742406,
        "precMean": 0.6999406996550771
    },
    "Std of all Scores": {
        "f1Std": 0.015205473244050182,
        "accStd": 0.003062233850177371,
        "recStd": 0.009931909469447971,
        "precStd": 0.03222299821237556
    }
}