{
    "Timeout": [
        1,
        30
    ],
    "Mean of all scores": {
        "f1Mean": 0.6143133367888154,
        "accMean": 0.9869433343849108,
        "recMean": 0.5952014863214491,
        "precMean": 0.7293648432893594
    },
    "Std of all Scores": {
        "f1Std": 0.01200723018895864,
        "accStd": 0.002098777787762621,
        "recStd": 0.014889233272302817,
        "precStd": 0.06805766728231907
    }
}