{
    "Timeout": [
        1,
        4
    ],
    "Mean of all scores": {
        "f1Mean": 0.6114848280502013,
        "accMean": 0.9867125281633813,
        "recMean": 0.5872120375776263,
        "precMean": 0.7100815627040103
    },
    "Std of all Scores": {
        "f1Std": 0.011260205024583456,
        "accStd": 0.0021963136319016613,
        "recStd": 0.022282316689742957,
        "precStd": 0.05613345526195613
    }
}