{
    "Timeout": [
        3,
        3
    ],
    "Mean of all scores": {
        "f1Mean": 0.6142103826216976,
        "accMean": 0.9864112409861694,
        "recMean": 0.5950263332563981,
        "precMean": 0.7050260848581468
    },
    "Std of all Scores": {
        "f1Std": 0.018537469314313756,
        "accStd": 0.0026883521291595986,
        "recStd": 0.010736567656881154,
        "precStd": 0.04937386071929687
    }
}