{
    "Timeout": [
        2,
        2
    ],
    "Mean of all scores": {
        "f1Mean": 0.6136904307654794,
        "accMean": 0.9866820580662337,
        "recMean": 0.5887953833425061,
        "precMean": 0.7179331033328709
    },
    "Std of all Scores": {
        "f1Std": 0.007570458314179107,
        "accStd": 0.0029710866226025654,
        "recStd": 0.013265467370198854,
        "precStd": 0.06411286661030614
    }
}