{
    "Timeout": [
        5,
        5
    ],
    "Mean of all scores": {
        "f1Mean": 0.6204771832050486,
        "accMean": 0.9872118458338679,
        "recMean": 0.6006456671675517,
        "precMean": 0.6873414554257925
    },
    "Std of all Scores": {
        "f1Std": 0.01924877118725694,
        "accStd": 0.0025144814448416534,
        "recStd": 0.011721903571034135,
        "precStd": 0.059965698272801404
    }
}