{
    "Timeout": [
        4,
        60
    ],
    "Mean of all scores": {
        "f1Mean": 0.6003694689216568,
        "accMean": 0.9862542317406193,
        "recMean": 0.5854240547326686,
        "precMean": 0.6984860474987927
    },
    "Std of all Scores": {
        "f1Std": 0.007479278470207558,
        "accStd": 0.0026617060383723663,
        "recStd": 0.01922047099897969,
        "precStd": 0.05885844133063189
    }
}