{
    "Timeout": [
        5,
        30
    ],
    "Mean of all scores": {
        "f1Mean": 0.6102070010824683,
        "accMean": 0.9870011480495371,
        "recMean": 0.5872545139308841,
        "precMean": 0.6940450538184807
    },
    "Std of all Scores": {
        "f1Std": 0.016811873034616804,
        "accStd": 0.002633442267661916,
        "recStd": 0.005232013711456841,
        "precStd": 0.048636199946063774
    }
}