{
    "Timeout": [
        1,
        2
    ],
    "Mean of all scores": {
        "f1Mean": 0.6138493582183256,
        "accMean": 0.9864973195308782,
        "recMean": 0.594894190465111,
        "precMean": 0.6902996765955459
    },
    "Std of all Scores": {
        "f1Std": 0.012660425265882791,
        "accStd": 0.0030523738221046918,
        "recStd": 0.015136726790089688,
        "precStd": 0.04978687151236424
    }
}