{
    "Timeout": [
        5,
        60
    ],
    "Mean of all scores": {
        "f1Mean": 0.6111018839402448,
        "accMean": 0.9862893238460242,
        "recMean": 0.597274233508035,
        "precMean": 0.6894578617051248
    },
    "Std of all Scores": {
        "f1Std": 0.011065385084287659,
        "accStd": 0.0025384289474416188,
        "recStd": 0.01336264362733885,
        "precStd": 0.051997678721165105
    }
}