{
    "Timeout": [
        3,
        60
    ],
    "Mean of all scores": {
        "f1Mean": 0.610199159622917,
        "accMean": 0.9865573240109844,
        "recMean": 0.5921197232462074,
        "precMean": 0.6671436794808095
    },
    "Std of all Scores": {
        "f1Std": 0.01378195174555638,
        "accStd": 0.0026967113016078265,
        "recStd": 0.01842418622129683,
        "precStd": 0.03128936890694441
    }
}