{
    "Timeout": [
        4,
        5
    ],
    "Mean of all scores": {
        "f1Mean": 0.610192019611954,
        "accMean": 0.9869110369460714,
        "recMean": 0.5919632408660966,
        "precMean": 0.6800177660692197
    },
    "Std of all Scores": {
        "f1Std": 0.019971154483813716,
        "accStd": 0.002359090114909337,
        "recStd": 0.006067564920447253,
        "precStd": 0.06457680259781627
    }
}