{
    "Timeout": [
        0.5,
        30
    ],
    "Mean of all scores": {
        "f1Mean": 0.6078320293601719,
        "accMean": 0.9859989683280295,
        "recMean": 0.5924384566731243,
        "precMean": 0.6901659763431455
    },
    "Std of all Scores": {
        "f1Std": 0.016816813615178856,
        "accStd": 0.0028238782390606486,
        "recStd": 0.010084306703030196,
        "precStd": 0.06200400697258545
    }
}