{
    "Timeout": [
        0.5,
        3
    ],
    "Mean of all scores": {
        "f1Mean": 0.6143347734467465,
        "accMean": 0.9866406704396393,
        "recMean": 0.5923209389905557,
        "precMean": 0.7050195582859122
    },
    "Std of all Scores": {
        "f1Std": 0.022254504746924038,
        "accStd": 0.002874751462068591,
        "recStd": 0.004839389541462119,
        "precStd": 0.06784817624281146
    }
}