{
    "Timeout": [
        0.5,
        5
    ],
    "Mean of all scores": {
        "f1Mean": 0.6103596581282758,
        "accMean": 0.9867451964741842,
        "recMean": 0.5943543246055284,
        "precMean": 0.6681199760310873
    },
    "Std of all Scores": {
        "f1Std": 0.011544075308227267,
        "accStd": 0.0023666209632089465,
        "recStd": 0.00768236586745435,
        "precStd": 0.03877679294425098
    }
}