{
    "Timeout": [
        1,
        3
    ],
    "Mean of all scores": {
        "f1Mean": 0.6173526829044451,
        "accMean": 0.9869723033990173,
        "recMean": 0.599992512911468,
        "precMean": 0.6935711750286612
    },
    "Std of all Scores": {
        "f1Std": 0.014091231094931666,
        "accStd": 0.0027793099711923433,
        "recStd": 0.009895875087035747,
        "precStd": 0.052666705752347505
    }
}