{
    "Timeout": [
        3,
        4
    ],
    "Mean of all scores": {
        "f1Mean": 0.6118777352526008,
        "accMean": 0.9869857868067106,
        "recMean": 0.587902144810358,
        "precMean": 0.6992110252247826
    },
    "Std of all Scores": {
        "f1Std": 0.021523756593868286,
        "accStd": 0.002404213062907797,
        "recStd": 0.01506095250292338,
        "precStd": 0.06408220954705954
    }
}