{
    "Timeout": [
        10,
        60
    ],
    "Mean of all scores": {
        "f1Mean": 0.6196212076737362,
        "accMean": 0.986909435594003,
        "recMean": 0.6014940407742504,
        "precMean": 0.6927909588932757
    },
    "Std of all Scores": {
        "f1Std": 0.005501172660991243,
        "accStd": 0.0021790346876952114,
        "recStd": 0.0199230473341509,
        "precStd": 0.0608966236443675
    }
}