{
    "Timeout": [
        2,
        3
    ],
    "Mean of all scores": {
        "f1Mean": 0.6129122874297115,
        "accMean": 0.9867465730115818,
        "recMean": 0.5969710128676846,
        "precMean": 0.6873076842744057
    },
    "Std of all Scores": {
        "f1Std": 0.01789242671512117,
        "accStd": 0.0028246223855897482,
        "recStd": 0.008219642516277824,
        "precStd": 0.07163059190503569
    }
}