{
    "Timeout": [
        2,
        60
    ],
    "Mean of all scores": {
        "f1Mean": 0.607494052886411,
        "accMean": 0.9865629506976419,
        "recMean": 0.5900533260473253,
        "precMean": 0.6919518857358057
    },
    "Std of all Scores": {
        "f1Std": 0.011735636199904037,
        "accStd": 0.002366604373169424,
        "recStd": 0.01607888879903896,
        "precStd": 0.06686195434935178
    }
}