{
    "Timeout": [
        0.5,
        2
    ],
    "Mean of all scores": {
        "f1Mean": 0.6140307485677428,
        "accMean": 0.9862151399327486,
        "recMean": 0.5964215195139738,
        "precMean": 0.6761565299855185
    },
    "Std of all Scores": {
        "f1Std": 0.021312901093610795,
        "accStd": 0.0030113140257248807,
        "recStd": 0.006278029134995408,
        "precStd": 0.06121854375597914
    }
}