{
    "Timeout": [
        2,
        5
    ],
    "Mean of all scores": {
        "f1Mean": 0.6179690312234879,
        "accMean": 0.9868906416131779,
        "recMean": 0.5951057811839088,
        "precMean": 0.723327621830314
    },
    "Std of all Scores": {
        "f1Std": 0.011354145832580962,
        "accStd": 0.0024623703770400816,
        "recStd": 0.011682405674729824,
        "precStd": 0.053263894865220006
    }
}