{
    "Timeout": [
        2,
        4
    ],
    "Mean of all scores": {
        "f1Mean": 0.6052596178634981,
        "accMean": 0.9868287321730623,
        "recMean": 0.5859849869323895,
        "precMean": 0.6980445051697609
    },
    "Std of all Scores": {
        "f1Std": 0.014326739866342133,
        "accStd": 0.002180036839712219,
        "recStd": 0.007431747825807953,
        "precStd": 0.05302755451443986
    }
}