{
    "Timeout": [
        3,
        30
    ],
    "Mean of all scores": {
        "f1Mean": 0.6147154783181452,
        "accMean": 0.9868699598005168,
        "recMean": 0.5900354283530187,
        "precMean": 0.7024101352565812
    },
    "Std of all Scores": {
        "f1Std": 0.011969437203020362,
        "accStd": 0.0021815886319857553,
        "recStd": 0.013717570313864521,
        "precStd": 0.04951411305865316
    }
}