{
    "Timeout": [
        2,
        30
    ],
    "Mean of all scores": {
        "f1Mean": 0.6042993608709324,
        "accMean": 0.9865243988010869,
        "recMean": 0.5903094374749807,
        "precMean": 0.6827508628570274
    },
    "Std of all Scores": {
        "f1Std": 0.02507958552714576,
        "accStd": 0.002444629365599674,
        "recStd": 0.010981636031047447,
        "precStd": 0.08393788209134492
    }
}