{
    "Timeout": [
        0.5,
        60
    ],
    "Mean of all scores": {
        "f1Mean": 0.6078790070508541,
        "accMean": 0.986968790362754,
        "recMean": 0.5951147212322677,
        "precMean": 0.685233856564927
    },
    "Std of all Scores": {
        "f1Std": 0.010933541668348958,
        "accStd": 0.00266189583138808,
        "recStd": 0.019608115627306057,
        "precStd": 0.05934877114985909
    }
}