{
    "Timeout": [
        4,
        4
    ],
    "Mean of all scores": {
        "f1Mean": 0.6175926180804395,
        "accMean": 0.9868272118428385,
        "recMean": 0.5985583130589587,
        "precMean": 0.6965830942354272
    },
    "Std of all Scores": {
        "f1Std": 0.019895062302063962,
        "accStd": 0.0027857680617064356,
        "recStd": 0.008148777311160633,
        "precStd": 0.061096951127755345
    }
}