{
    "Timeout": 3,
    "Mean of all scores": {
        "f1Mean": 0.45389127648962146,
        "accMean": 0.973514097042919,
        "recMean": 0.4528720060756772,
        "precMean": 0.5646871383757979
    },
    "Std of all Scores": {
        "f1Std": 0.08550913256432056,
        "accStd": 0.005452973091877498,
        "recStd": 0.11554373501508698,
        "precStd": 0.10811634623173438
    }
}