{
    "Timeout": 10,
    "Mean of all scores": {
        "f1Mean": 0.44649023495830065,
        "accMean": 0.9683989795447563,
        "recMean": 0.451199829912737,
        "precMean": 0.5598509373613151
    },
    "Std of all Scores": {
        "f1Std": 0.08853689054019012,
        "accStd": 0.014326154539994224,
        "recStd": 0.11628618909095595,
        "precStd": 0.11269859593111164
    }
}