{
    "Timeout": 4,
    "Mean of all scores": {
        "f1Mean": 0.44376610925577065,
        "accMean": 0.9681307925827973,
        "recMean": 0.45160165555627074,
        "precMean": 0.5575813330646602
    },
    "Std of all Scores": {
        "f1Std": 0.08324207913148476,
        "accStd": 0.014998163529378803,
        "recStd": 0.12685200801370194,
        "precStd": 0.09774436269445064
    }
}