{
    "Timeout": 0.5,
    "Mean of all scores": {
        "f1Mean": 0.19087542862566126,
        "accMean": 0.9758104046348794,
        "recMean": 0.18070243586685955,
        "precMean": 0.32902558747642696
    },
    "Std of all Scores": {
        "f1Std": 0.03579489249984488,
        "accStd": 0.006020063976990243,
        "recStd": 0.042576877207567115,
        "precStd": 0.07004768657801641
    }
}