{
    "Timeout": 5,
    "Mean of all scores": {
        "f1Mean": 0.1834372569443695,
        "accMean": 0.9758058192773017,
        "recMean": 0.1788270969551243,
        "precMean": 0.3221584544747285
    },
    "Std of all Scores": {
        "f1Std": 0.0333439327561146,
        "accStd": 0.005030282386943956,
        "recStd": 0.03926983575866398,
        "precStd": 0.08007502231247121
    }
}