{
    "Timeout": "default",
    "Mean of all scores": {
        "f1Mean": 0.191454402512144,
        "accMean": 0.9753206884455867,
        "recMean": 0.1871817154437807,
        "precMean": 0.3099874224739599
    },
    "Std of all Scores": {
        "f1Std": 0.03591152134345016,
        "accStd": 0.005408172503928777,
        "recStd": 0.04762282143688344,
        "precStd": 0.06949373616991444
    }
}