{
    "Timeout": 6,
    "Mean of all scores": {
        "f1Mean": 0.19014191486931428,
        "accMean": 0.9735938427818447,
        "recMean": 0.18949924392980302,
        "precMean": 0.30319218954117544
    },
    "Std of all Scores": {
        "f1Std": 0.03690253825727182,
        "accStd": 0.007613985581132504,
        "recStd": 0.052782535195868265,
        "precStd": 0.05846414506240191
    }
}