{
    "Timeout": 4,
    "Mean of all scores": {
        "f1Mean": 0.19307368426890556,
        "accMean": 0.9745957434125607,
        "recMean": 0.18840245302719294,
        "precMean": 0.2998528587936823
    },
    "Std of all Scores": {
        "f1Std": 0.036089812529918414,
        "accStd": 0.00783695181107552,
        "recStd": 0.04411559699622931,
        "precStd": 0.07181594412419257
    }
}