{
    "Timeout": 3,
    "Mean of all scores": {
        "f1Mean": 0.19313018696013926,
        "accMean": 0.9760020725816251,
        "recMean": 0.18375196164268873,
        "precMean": 0.321274862190554
    },
    "Std of all Scores": {
        "f1Std": 0.03319694167555715,
        "accStd": 0.005974540814589143,
        "recStd": 0.04033335290406481,
        "precStd": 0.07718332361048424
    }
}