{
    "Timeout": 30,
    "Mean of all scores": {
        "f1Mean": 0.19082909261425166,
        "accMean": 0.9752775860843569,
        "recMean": 0.1850603808574672,
        "precMean": 0.29473781882060396
    },
    "Std of all Scores": {
        "f1Std": 0.0346510242324141,
        "accStd": 0.006547354259783748,
        "recStd": 0.043574527936813094,
        "precStd": 0.07820429114769195
    }
}