{
    "Timeout": 10,
    "Mean of all scores": {
        "f1Mean": 0.193481389196871,
        "accMean": 0.9746714018125917,
        "recMean": 0.18275402913379965,
        "precMean": 0.33753279780832646
    },
    "Std of all Scores": {
        "f1Std": 0.035865127132588194,
        "accStd": 0.00860476462216925,
        "recStd": 0.04067592876482632,
        "precStd": 0.08241881225189032
    }
}