{
    "Timeout": 1,
    "Mean of all scores": {
        "f1Mean": 0.17691536002499816,
        "accMean": 0.9756132342590407,
        "recMean": 0.17012224546622806,
        "precMean": 0.28305442486086324
    },
    "Std of all Scores": {
        "f1Std": 0.02887906753009122,
        "accStd": 0.005591732249120615,
        "recStd": 0.03791908117596358,
        "precStd": 0.06484006352363277
    }
}