{
    "Timeout": 2,
    "Mean of all scores": {
        "f1Mean": 0.1833863146025413,
        "accMean": 0.9743843584282311,
        "recMean": 0.17972769848242082,
        "precMean": 0.2901213241613305
    },
    "Std of all Scores": {
        "f1Std": 0.032471911432973434,
        "accStd": 0.007636268081117137,
        "recStd": 0.038888360493507926,
        "precStd": 0.056718426570359366
    }
}