{
    "Timeout": 60,
    "Mean of all scores": {
        "f1Mean": 0.1846602154026378,
        "accMean": 0.976175857633818,
        "recMean": 0.17695337778851303,
        "precMean": 0.3105032335703517
    },
    "Std of all Scores": {
        "f1Std": 0.03228750511886035,
        "accStd": 0.005704043762441838,
        "recStd": 0.03934317479643951,
        "precStd": 0.08752920624532598
    }
}