{
    "Timeout": 5,
    "Mean of all scores": {
        "f1Mean": 0.2697513416334221,
        "accMean": 0.9772578234725934,
        "recMean": 0.2771510440655535,
        "precMean": 0.40012156242482283
    },
    "Std of all Scores": {
        "f1Std": 0.05480871413128639,
        "accStd": 0.0024191715600377427,
        "recStd": 0.07372174260906242,
        "precStd": 0.07661018074813565
    }
}