{
    "Timeout": 4,
    "Mean of all scores": {
        "f1Mean": 0.27093364728962327,
        "accMean": 0.9787182216159765,
        "recMean": 0.28084457561964504,
        "precMean": 0.3793271085895247
    },
    "Std of all Scores": {
        "f1Std": 0.057349894409303256,
        "accStd": 0.002787460666899307,
        "recStd": 0.08165690564945063,
        "precStd": 0.040466968337523855
    }
}