{
    "Timeout": "default",
    "Mean of all scores": {
        "f1Mean": 0.27063341516039185,
        "accMean": 0.9775094684316779,
        "recMean": 0.2701536722561281,
        "precMean": 0.38877065394646726
    },
    "Std of all Scores": {
        "f1Std": 0.05720882145952268,
        "accStd": 0.0028183730498556555,
        "recStd": 0.07146980166833207,
        "precStd": 0.0633961100177869
    }
}