{
    "Timeout": 10,
    "Mean of all scores": {
        "f1Mean": 0.26028308993533245,
        "accMean": 0.9780739785679108,
        "recMean": 0.26174770763357547,
        "precMean": 0.3881511561622707
    },
    "Std of all Scores": {
        "f1Std": 0.057858454172956056,
        "accStd": 0.0023849495441508944,
        "recStd": 0.0748255550435106,
        "precStd": 0.05690679879753157
    }
}