{
    "Timeout": 60,
    "Mean of all scores": {
        "f1Mean": 0.27342225311271584,
        "accMean": 0.9778474833310605,
        "recMean": 0.27682902470852444,
        "precMean": 0.39444678900964225
    },
    "Std of all Scores": {
        "f1Std": 0.054152865715757434,
        "accStd": 0.002233381130367644,
        "recStd": 0.07964472935221008,
        "precStd": 0.04485447850184903
    }
}