{
    "Timeout": 6,
    "Mean of all scores": {
        "f1Mean": 0.27299937671772356,
        "accMean": 0.978218352710242,
        "recMean": 0.28068047830693993,
        "precMean": 0.4275954041562189
    },
    "Std of all Scores": {
        "f1Std": 0.04605772621153097,
        "accStd": 0.0025061865782527366,
        "recStd": 0.07463838430438398,
        "precStd": 0.07725729956313579
    }
}