{
    "Timeout": 30,
    "Mean of all scores": {
        "f1Mean": 0.26999705900721943,
        "accMean": 0.9770865205364716,
        "recMean": 0.284635447513413,
        "precMean": 0.3521522237881244
    },
    "Std of all Scores": {
        "f1Std": 0.06350492559982202,
        "accStd": 0.002145676892575945,
        "recStd": 0.09040529492271288,
        "precStd": 0.03692626817008892
    }
}