{
    "Timeout": 30,
    "Mean of all scores": {
        "f1Mean": 0.6620722228358484,
        "accMean": 0.923170251696704,
        "recMean": 0.7120761551613909,
        "precMean": 0.692125531192413
    },
    "Std of all Scores": {
        "f1Std": 0.1745359014630695,
        "accStd": 0.09534566048059491,
        "recStd": 0.07438725734979863,
        "precStd": 0.2077682969380154
    }
}