{
    "Timeout": 10,
    "Mean of all scores": {
        "f1Mean": 0.7131225005639936,
        "accMean": 0.967011182716784,
        "recMean": 0.7072839192550942,
        "precMean": 0.7496671713560149
    },
    "Std of all Scores": {
        "f1Std": 0.09043961541975623,
        "accStd": 0.03811656791619338,
        "recStd": 0.07693809125385832,
        "precStd": 0.10824645725935307
    }
}