{
    "Timeout": 2,
    "Mean of all scores": {
        "f1Mean": 0.6794817132761751,
        "accMean": 0.97146430894804,
        "recMean": 0.7042031855594137,
        "precMean": 0.7087112394550573
    },
    "Std of all Scores": {
        "f1Std": 0.15128401010957462,
        "accStd": 0.034651784513705736,
        "recStd": 0.07938607732358212,
        "precStd": 0.18219117409482294
    }
}