{
    "Timeout": 5,
    "Mean of all scores": {
        "f1Mean": 0.710674998506696,
        "accMean": 0.9840842583556617,
        "recMean": 0.7023507861750488,
        "precMean": 0.7461287705151722
    },
    "Std of all Scores": {
        "f1Std": 0.09644437126200574,
        "accStd": 0.01294432579077861,
        "recStd": 0.08096884753868404,
        "precStd": 0.11599743171523288
    }
}