{
    "Timeout": "default",
    "Mean of all scores": {
        "f1Mean": 0.6735661471891504,
        "accMean": 0.9676935548604314,
        "recMean": 0.7244009713984568,
        "precMean": 0.6938597591643084
    },
    "Std of all Scores": {
        "f1Std": 0.17232065360340604,
        "accStd": 0.04098430399122135,
        "recStd": 0.06911556769771472,
        "precStd": 0.20892999737773527
    }
}