{
    "Timeout": 6,
    "Mean of all scores": {
        "f1Mean": 0.6733754804275494,
        "accMean": 0.9557228786432643,
        "recMean": 0.7112679876202748,
        "precMean": 0.7010133080269141
    },
    "Std of all Scores": {
        "f1Std": 0.1567569302099848,
        "accStd": 0.045049605690132,
        "recStd": 0.07522550952878271,
        "precStd": 0.19589243321837319
    }
}