{
    "Timeout": 1,
    "Mean of all scores": {
        "f1Mean": 0.6746449444007789,
        "accMean": 0.9707822383245501,
        "recMean": 0.7138201020863943,
        "precMean": 0.7051266648095129
    },
    "Std of all Scores": {
        "f1Std": 0.15402514155443572,
        "accStd": 0.035898403086621775,
        "recStd": 0.07312379213216462,
        "precStd": 0.18873416494389741
    }
}