{
    "Timeout": 3,
    "Mean of all scores": {
        "f1Mean": 0.6698806953575354,
        "accMean": 0.9733303192433962,
        "recMean": 0.6965206685127596,
        "precMean": 0.6942672560385355
    },
    "Std of all Scores": {
        "f1Std": 0.14070676135244378,
        "accStd": 0.03365681398544762,
        "recStd": 0.07032531438685638,
        "precStd": 0.17325139798897735
    }
}