{
    "Timeout": 60,
    "Mean of all scores": {
        "f1Mean": 0.6673690591478602,
        "accMean": 0.9438709976107283,
        "recMean": 0.7252798954874443,
        "precMean": 0.6889171661249446
    },
    "Std of all Scores": {
        "f1Std": 0.18530535445362345,
        "accStd": 0.06219266977468551,
        "recStd": 0.07013220418793076,
        "precStd": 0.21959962068664396
    }
}