{
    "Timeout": 0.5,
    "Mean of all scores": {
        "f1Mean": 0.6595102376479014,
        "accMean": 0.916610462589605,
        "recMean": 0.714546860392695,
        "precMean": 0.6870421558889948
    },
    "Std of all Scores": {
        "f1Std": 0.20371217766514604,
        "accStd": 0.1460320572620374,
        "recStd": 0.07384510110633732,
        "precStd": 0.2272583266741586
    }
}