{
    "Timeout": 4,
    "Mean of all scores": {
        "f1Mean": 0.6738683513624417,
        "accMean": 0.9727247270287336,
        "recMean": 0.6997122525068687,
        "precMean": 0.6954876932057866
    },
    "Std of all Scores": {
        "f1Std": 0.13614866023624125,
        "accStd": 0.035241175056727095,
        "recStd": 0.06812141970028548,
        "precStd": 0.17186627348039699
    }
}