{
    "Best score": {
        "Best Timeout": [
            0.5,
            3
        ],
        "Mean Scores (Best)": {
            "f1Mean": 0.9554682108774368,
            "accMean": 0.976527737219693,
            "recMean": 0.9675988389578929,
            "precMean": 0.9635111040192221
        },
        "Std Scores (Best)": {
            "f1Std": 0.04497002783783259,
            "accStd": 0.028304594825821334,
            "recStd": 0.0440557981190071,
            "precStd": 0.05354615435976934
        }
    },
    "Worst score": {
        "Worst Timeout": [
            0.5,
            30
        ],
        "Mean Scores (Worst)": {
            "f1Mean": 0.9231845722545818,
            "accMean": 0.9710051532920272,
            "recMean": 0.9649515863184757,
            "precMean": 0.9239847602534628
        },
        "Std Scores (Worst)": {
            "f1Std": 0.06690754334435908,
            "accStd": 0.03357671019438511,
            "recStd": 0.04518221865388899,
            "precStd": 0.08794966837779537
        }
    },
    "Difference": {
        "Accuracy": 0.5522583927665803,
        "F1 Score": 3.2283638622854993,
        "Precision": 3.9526343765759364,
        "Recall": 0.264725263941723
    }
}