{
    "Best score": {
        "Best Timeout": [
            1,
            60
        ],
        "Mean Scores (Best)": {
            "f1Mean": 0.9629558977159354,
            "accMean": 0.9723422194869691,
            "recMean": 0.9702586139727709,
            "precMean": 0.9735696824616982
        },
        "Std Scores (Best)": {
            "f1Std": 0.040418346618312354,
            "accStd": 0.03580136594896843,
            "recStd": 0.04228369776456445,
            "precStd": 0.039501576849267486
        }
    },
    "Worst score": {
        "Worst Timeout": [
            5,
            60
        ],
        "Mean Scores (Worst)": {
            "f1Mean": 0.9588109656958341,
            "accMean": 0.9663310645948375,
            "recMean": 0.9684742788108547,
            "precMean": 0.9674240253660653
        },
        "Std Scores (Worst)": {
            "f1Std": 0.03822788589123873,
            "accStd": 0.03808934892890844,
            "recStd": 0.03991313714541429,
            "precStd": 0.04099920222727603
        }
    },
    "Difference": {
        "Accuracy": 0.6011154892131554,
        "F1 Score": 0.4144932020101244,
        "Precision": 0.6145657095632862,
        "Recall": 0.17843351619162284
    }
}