{
    "Timeout": 60,
    "Mean of all scores": {
        "f1Mean": 0.41154896733104973,
        "accMean": 0.9759278143573953,
        "recMean": 0.3943499647688204,
        "precMean": 0.54307111769675
    },
    "Std of all Scores": {
        "f1Std": 0.08326270485596668,
        "accStd": 0.0055864169339493504,
        "recStd": 0.11168117515480921,
        "precStd": 0.09616686009050003
    }
}