{
    "Timeout": 6,
    "Mean of all scores": {
        "f1Mean": 0.4135412084940279,
        "accMean": 0.9760428116930282,
        "recMean": 0.39493035143723554,
        "precMean": 0.5424595172596012
    },
    "Std of all Scores": {
        "f1Std": 0.07965963303793931,
        "accStd": 0.005805472810631115,
        "recStd": 0.1102224765195999,
        "precStd": 0.08682915339186459
    }
}