{
    "Timeout": 4,
    "Mean of all scores": {
        "f1Mean": 0.41126961410683177,
        "accMean": 0.9760920261121427,
        "recMean": 0.3929251451301946,
        "precMean": 0.5445181694419567
    },
    "Std of all Scores": {
        "f1Std": 0.08132987834427777,
        "accStd": 0.005693570284217186,
        "recStd": 0.10918205417798449,
        "precStd": 0.0902765703022175
    }
}