{
    "Timeout": "default",
    "Mean of all scores": {
        "f1Mean": 0.43021937379884506,
        "accMean": 0.976267093586246,
        "recMean": 0.40952987461691004,
        "precMean": 0.5597863118334097
    },
    "Std of all Scores": {
        "f1Std": 0.09988257723838624,
        "accStd": 0.005716066239009134,
        "recStd": 0.12048625261275438,
        "precStd": 0.08796330117133426
    }
}