{
    "Timeout": 30,
    "Mean of all scores": {
        "f1Mean": 0.4085171508722044,
        "accMean": 0.9758607134125968,
        "recMean": 0.3912880314951833,
        "precMean": 0.5438648086262579
    },
    "Std of all Scores": {
        "f1Std": 0.08162840018127025,
        "accStd": 0.00586275801742191,
        "recStd": 0.11026653923578639,
        "precStd": 0.08990949939335979
    }
}