{
    "Timeout": 0.5,
    "Mean of all scores": {
        "f1Mean": 0.3962000542518317,
        "accMean": 0.9763312766246365,
        "recMean": 0.38832241291414926,
        "precMean": 0.5183943543788683
    },
    "Std of all Scores": {
        "f1Std": 0.08723040793322173,
        "accStd": 0.005675118223453088,
        "recStd": 0.11082268873921883,
        "precStd": 0.09006772797547785
    }
}