{
    "Timeout": 2,
    "Mean of all scores": {
        "f1Mean": 0.4135757567131579,
        "accMean": 0.976330550742253,
        "recMean": 0.3949089899001843,
        "precMean": 0.5474606354808401
    },
    "Std of all Scores": {
        "f1Std": 0.08109698919312881,
        "accStd": 0.005642978596415104,
        "recStd": 0.11096075073959857,
        "precStd": 0.09148665348714537
    }
}