{
    "Timeout": 3,
    "Mean of all scores": {
        "f1Mean": 0.425927820669817,
        "accMean": 0.976170566720017,
        "recMean": 0.40371256964360686,
        "precMean": 0.563806007006834
    },
    "Std of all Scores": {
        "f1Std": 0.09364812215517883,
        "accStd": 0.005713239258299927,
        "recStd": 0.10652336630237066,
        "precStd": 0.10682918804237611
    }
}