{
    "Timeout": [
        2,
        60
    ],
    "Mean of all scores": {
        "f1Mean": 0.7324067274178334,
        "accMean": 0.987576283320154,
        "recMean": 0.7216356110068686,
        "precMean": 0.772782873362391
    },
    "Std of all Scores": {
        "f1Std": 0.01747275536272842,
        "accStd": 0.0032393113182532414,
        "recStd": 0.0077598980836882875,
        "precStd": 0.060328369267460116
    }
}