{
    "Timeout": [
        1,
        5
    ],
    "Mean of all scores": {
        "f1Mean": 0.7317451833483638,
        "accMean": 0.9874913155127745,
        "recMean": 0.7227946375349237,
        "precMean": 0.7803632232383917
    },
    "Std of all Scores": {
        "f1Std": 0.018481442472084,
        "accStd": 0.0032815328792514067,
        "recStd": 0.006017913359907465,
        "precStd": 0.07809379419014466
    }
}