{
    "Timeout": [
        0.5,
        3
    ],
    "Mean of all scores": {
        "f1Mean": 0.730329700236594,
        "accMean": 0.9873864315385757,
        "recMean": 0.7197271185430217,
        "precMean": 0.7796547528806121
    },
    "Std of all Scores": {
        "f1Std": 0.021518271863228886,
        "accStd": 0.0032654732635841103,
        "recStd": 0.004935568900694026,
        "precStd": 0.08502668162462969
    }
}