{
    "Timeout": [
        0.5,
        30
    ],
    "Mean of all scores": {
        "f1Mean": 0.7311005551570522,
        "accMean": 0.9873846718870372,
        "recMean": 0.7210334259622173,
        "precMean": 0.7764445707711716
    },
    "Std of all Scores": {
        "f1Std": 0.017742430380019197,
        "accStd": 0.003306624395849821,
        "recStd": 0.0060280365583845015,
        "precStd": 0.08057508045154128
    }
}