{
    "Timeout": [
        5,
        30
    ],
    "Mean of all scores": {
        "f1Mean": 0.7317424716491422,
        "accMean": 0.9876528493612448,
        "recMean": 0.723241389032831,
        "precMean": 0.774980480084644
    },
    "Std of all Scores": {
        "f1Std": 0.017416835186741884,
        "accStd": 0.0032065427505323448,
        "recStd": 0.007752763961474394,
        "precStd": 0.08208796251278488
    }
}