{
    "Timeout": [
        1,
        3
    ],
    "Mean of all scores": {
        "f1Mean": 0.730122724463598,
        "accMean": 0.9874909133487177,
        "recMean": 0.7196833833636335,
        "precMean": 0.766061189163167
    },
    "Std of all Scores": {
        "f1Std": 0.018219290825196417,
        "accStd": 0.0032790563010942357,
        "recStd": 0.008178669838454356,
        "precStd": 0.06470192458160542
    }
}