{
    "Timeout": [
        3,
        30
    ],
    "Mean of all scores": {
        "f1Mean": 0.7338057267549234,
        "accMean": 0.9876251044063127,
        "recMean": 0.7246468226168448,
        "precMean": 0.7775685572978484
    },
    "Std of all Scores": {
        "f1Std": 0.018296165012259464,
        "accStd": 0.0032373235780118683,
        "recStd": 0.006820190924536361,
        "precStd": 0.07995621560264128
    }
}