{
    "Timeout": [
        1,
        2
    ],
    "Mean of all scores": {
        "f1Mean": 0.73104319113455,
        "accMean": 0.9875277717363765,
        "recMean": 0.7207817127487621,
        "precMean": 0.7762825959321413
    },
    "Std of all Scores": {
        "f1Std": 0.019685696774715794,
        "accStd": 0.003270664859476291,
        "recStd": 0.0073201608736722925,
        "precStd": 0.08302430561513346
    }
}