{
    "Timeout": [
        5,
        5
    ],
    "Mean of all scores": {
        "f1Mean": 0.7334414079231768,
        "accMean": 0.9876732912258804,
        "recMean": 0.7234315083732769,
        "precMean": 0.7820022109035547
    },
    "Std of all Scores": {
        "f1Std": 0.019822770536100476,
        "accStd": 0.0032335460812783906,
        "recStd": 0.005797916000102561,
        "precStd": 0.07835438726056394
    }
}