{
    "Timeout": [
        1,
        4
    ],
    "Mean of all scores": {
        "f1Mean": 0.7296498331800757,
        "accMean": 0.9874903547168788,
        "recMean": 0.7200610456465727,
        "precMean": 0.774696464660341
    },
    "Std of all Scores": {
        "f1Std": 0.02039832577638271,
        "accStd": 0.0033056451334582764,
        "recStd": 0.0058757048060994795,
        "precStd": 0.08247062460127172
    }
}