{
    "Timeout": [
        2,
        3
    ],
    "Mean of all scores": {
        "f1Mean": 0.7320870367956582,
        "accMean": 0.9875815303300047,
        "recMean": 0.7231304799971261,
        "precMean": 0.7788452857033192
    },
    "Std of all Scores": {
        "f1Std": 0.01862642446859738,
        "accStd": 0.0032640211923392485,
        "recStd": 0.005923392363071148,
        "precStd": 0.07805319823915667
    }
}