{
    "Timeout": [
        5,
        60
    ],
    "Mean of all scores": {
        "f1Mean": 0.7342473598339057,
        "accMean": 0.9876591701291437,
        "recMean": 0.7255895439806894,
        "precMean": 0.7717838208392581
    },
    "Std of all Scores": {
        "f1Std": 0.019310698199600705,
        "accStd": 0.0032020019005501994,
        "recStd": 0.007611444749275763,
        "precStd": 0.06729512987901248
    }
}