{
    "Timeout": [
        4,
        4
    ],
    "Mean of all scores": {
        "f1Mean": 0.7337103204344315,
        "accMean": 0.9876718396794004,
        "recMean": 0.7266745068250535,
        "precMean": 0.7749531572156723
    },
    "Std of all Scores": {
        "f1Std": 0.01875697862022299,
        "accStd": 0.0032089749697729406,
        "recStd": 0.006119857559945698,
        "precStd": 0.05614394596778285
    }
}