{
    "Timeout": [
        0.5,
        5
    ],
    "Mean of all scores": {
        "f1Mean": 0.7288535166860498,
        "accMean": 0.9873989825466538,
        "recMean": 0.7185638915517764,
        "precMean": 0.7635937154040502
    },
    "Std of all Scores": {
        "f1Std": 0.021245661918362555,
        "accStd": 0.0033027535070605718,
        "recStd": 0.004748738123555432,
        "precStd": 0.06742535861155496
    }
}