{
    "Timeout": [
        3,
        3
    ],
    "Mean of all scores": {
        "f1Mean": 0.7325766000965025,
        "accMean": 0.9876343806069741,
        "recMean": 0.7239179938353013,
        "precMean": 0.7663141067224917
    },
    "Std of all Scores": {
        "f1Std": 0.02102990209438614,
        "accStd": 0.0032539139286765204,
        "recStd": 0.0038289185283840914,
        "precStd": 0.06458769884523678
    }
}