{
    "Timeout": [
        1,
        30
    ],
    "Mean of all scores": {
        "f1Mean": 0.730777803863694,
        "accMean": 0.9874950310343296,
        "recMean": 0.7206882311477805,
        "precMean": 0.7653548848049728
    },
    "Std of all Scores": {
        "f1Std": 0.01919243013228841,
        "accStd": 0.0032857203352062766,
        "recStd": 0.0074022648040312795,
        "precStd": 0.06366159550770044
    }
}