{
    "Timeout": [
        10,
        30
    ],
    "Mean of all scores": {
        "f1Mean": 0.7313314925588152,
        "accMean": 0.9876770559005603,
        "recMean": 0.7212008915474228,
        "precMean": 0.7665389555916999
    },
    "Std of all Scores": {
        "f1Std": 0.01967412738447999,
        "accStd": 0.0032005959142758795,
        "recStd": 0.007277284501059466,
        "precStd": 0.06334623733403363
    }
}