{
    "Timeout": [
        4,
        30
    ],
    "Mean of all scores": {
        "f1Mean": 0.7309227804737807,
        "accMean": 0.9876260054175917,
        "recMean": 0.7216758286706616,
        "precMean": 0.768909597839184
    },
    "Std of all Scores": {
        "f1Std": 0.01974886763815292,
        "accStd": 0.0032479085876416917,
        "recStd": 0.00673237233557279,
        "precStd": 0.06658102465507806
    }
}