{
    "Timeout": [
        0.5,
        4
    ],
    "Mean of all scores": {
        "f1Mean": 0.731758947842813,
        "accMean": 0.9873897782515263,
        "recMean": 0.7209069483912968,
        "precMean": 0.7776104813926707
    },
    "Std of all Scores": {
        "f1Std": 0.01662758518755808,
        "accStd": 0.0032554735436765097,
        "recStd": 0.008592801052670058,
        "precStd": 0.07964331984973845
    }
}