{
    "Timeout": [
        2,
        5
    ],
    "Mean of all scores": {
        "f1Mean": 0.7335058281248299,
        "accMean": 0.9876194535786489,
        "recMean": 0.723860366379639,
        "precMean": 0.7782736685046491
    },
    "Std of all Scores": {
        "f1Std": 0.018214114316151754,
        "accStd": 0.0032393676580460694,
        "recStd": 0.008107966659539955,
        "precStd": 0.08098564230223751
    }
}