{
    "Timeout": [
        3,
        4
    ],
    "Mean of all scores": {
        "f1Mean": 0.7332977137422508,
        "accMean": 0.9876511917033305,
        "recMean": 0.7238542156168724,
        "precMean": 0.7863256971598135
    },
    "Std of all Scores": {
        "f1Std": 0.018982530039765962,
        "accStd": 0.0032524370572169607,
        "recStd": 0.006117597679418202,
        "precStd": 0.0755553090229086
    }
}