{
    "Timeout": [
        4,
        5
    ],
    "Mean of all scores": {
        "f1Mean": 0.73278318799525,
        "accMean": 0.9876156319504293,
        "recMean": 0.7241472620086743,
        "precMean": 0.7758532985674733
    },
    "Std of all Scores": {
        "f1Std": 0.0182896497184938,
        "accStd": 0.003213098037812001,
        "recStd": 0.0059948734009343625,
        "precStd": 0.08132334986821727
    }
}