{
    "Timeout": [
        2,
        4
    ],
    "Mean of all scores": {
        "f1Mean": 0.7334941914112945,
        "accMean": 0.987606755585339,
        "recMean": 0.7237838675431915,
        "precMean": 0.7742018185279453
    },
    "Std of all Scores": {
        "f1Std": 0.021857444403034935,
        "accStd": 0.0032266743592671864,
        "recStd": 0.004740140767994697,
        "precStd": 0.0752135732711226
    }
}