{
    "Timeout": [
        3,
        5
    ],
    "Mean of all scores": {
        "f1Mean": 0.732129799062481,
        "accMean": 0.9876047907115272,
        "recMean": 0.7216237556480076,
        "precMean": 0.7750257803973797
    },
    "Std of all Scores": {
        "f1Std": 0.02104691245917191,
        "accStd": 0.0032511589290919376,
        "recStd": 0.004881476738221857,
        "precStd": 0.0738856625564647
    }
}