{
    "Timeout": [
        3,
        60
    ],
    "Mean of all scores": {
        "f1Mean": 0.7321715698204481,
        "accMean": 0.9876460824247395,
        "recMean": 0.7231732794743873,
        "precMean": 0.7825072884517724
    },
    "Std of all Scores": {
        "f1Std": 0.019102308319290752,
        "accStd": 0.003204577480820631,
        "recStd": 0.004865969768930807,
        "precStd": 0.07569664476358684
    }
}