{
    "Timeout": [
        2,
        30
    ],
    "Mean of all scores": {
        "f1Mean": 0.7334091222410978,
        "accMean": 0.9876080528665991,
        "recMean": 0.7242253993473409,
        "precMean": 0.7829653838048584
    },
    "Std of all Scores": {
        "f1Std": 0.020248400726285608,
        "accStd": 0.0032587563103997487,
        "recStd": 0.005346202753372671,
        "precStd": 0.07654580511856192
    }
}