{
    "Timeout": [
        0.5,
        2
    ],
    "Mean of all scores": {
        "f1Mean": 0.727919352769024,
        "accMean": 0.9873979250245188,
        "recMean": 0.7163903629104751,
        "precMean": 0.7647216536607813
    },
    "Std of all Scores": {
        "f1Std": 0.019478274339293247,
        "accStd": 0.0032868258338943587,
        "recStd": 0.006095144492869859,
        "precStd": 0.06558796513187659
    }
}