{
    "Timeout": [
        1,
        60
    ],
    "Mean of all scores": {
        "f1Mean": 0.730492831638934,
        "accMean": 0.9874818219796111,
        "recMean": 0.7193701398284105,
        "precMean": 0.7665821579982939
    },
    "Std of all Scores": {
        "f1Std": 0.02011187236071299,
        "accStd": 0.0033370751292841672,
        "recStd": 0.007432694188554963,
        "precStd": 0.06316993646660402
    }
}