{
    "Timeout": [
        0.5,
        60
    ],
    "Mean of all scores": {
        "f1Mean": 0.7283516566341772,
        "accMean": 0.9873724464250593,
        "recMean": 0.7187057908570367,
        "precMean": 0.7729752473736851
    },
    "Std of all Scores": {
        "f1Std": 0.018069085382622453,
        "accStd": 0.0032672696082949814,
        "recStd": 0.008116921752472629,
        "precStd": 0.08179184669528136
    }
}