{
    "Timeout": [
        10,
        60
    ],
    "Mean of all scores": {
        "f1Mean": 0.7332637208755949,
        "accMean": 0.9876794687943556,
        "recMean": 0.7243706683571933,
        "precMean": 0.7758461113171593
    },
    "Std of all Scores": {
        "f1Std": 0.020687554069464993,
        "accStd": 0.0031943025951948834,
        "recStd": 0.006746199229823192,
        "precStd": 0.08187579896100836
    }
}