{
    "Timeout": [
        4,
        60
    ],
    "Mean of all scores": {
        "f1Mean": 0.7341654523690819,
        "accMean": 0.987669452817008,
        "recMean": 0.7243701944199404,
        "precMean": 0.7765787836514422
    },
    "Std of all Scores": {
        "f1Std": 0.02077793501725047,
        "accStd": 0.0032446769557724444,
        "recStd": 0.00622714655780627,
        "precStd": 0.07100596989138148
    }
}