{
    "Timeout": [
        2,
        2
    ],
    "Mean of all scores": {
        "f1Mean": 0.7331111302182753,
        "accMean": 0.9875888460930957,
        "recMean": 0.723075197222783,
        "precMean": 0.767758989994638
    },
    "Std of all Scores": {
        "f1Std": 0.019417132868262715,
        "accStd": 0.003211143967845015,
        "recStd": 0.006429696064614955,
        "precStd": 0.06521576781416333
    }
}