{
    "Timeout": 2,
    "Mean of all scores": {
        "f1Mean": 0.6040455287009879,
        "accMean": 0.9714744857838216,
        "recMean": 0.664252605211231,
        "precMean": 0.6103439757832979
    },
    "Std of all Scores": {
        "f1Std": 0.08898565427655897,
        "accStd": 0.04164223847993168,
        "recStd": 0.07356054432764625,
        "precStd": 0.10998639754155809
    }
}