{
    "Timeout": 60,
    "Mean of all scores": {
        "f1Mean": 0.6499401333814785,
        "accMean": 0.9260961320541871,
        "recMean": 0.7118017205765023,
        "precMean": 0.6645850013117947
    },
    "Std of all Scores": {
        "f1Std": 0.14123094827909932,
        "accStd": 0.10053584359326298,
        "recStd": 0.05879710750592049,
        "precStd": 0.15937126122104794
    }
}