{
    "Timeout": 5,
    "Mean of all scores": {
        "f1Mean": 0.638679752561018,
        "accMean": 0.9845700465967095,
        "recMean": 0.6513815648990103,
        "precMean": 0.658756242893784
    },
    "Std of all Scores": {
        "f1Std": 0.05154999417377839,
        "accStd": 0.016728913083410905,
        "recStd": 0.05839194932590536,
        "precStd": 0.08506722471056809
    }
}