{
    "Timeout": 1,
    "Mean of all scores": {
        "f1Mean": 0.6017407080821535,
        "accMean": 0.9602725083597754,
        "recMean": 0.6625233772898598,
        "precMean": 0.6093315677282789
    },
    "Std of all Scores": {
        "f1Std": 0.08966367029873552,
        "accStd": 0.06364648125331351,
        "recStd": 0.07645373369020081,
        "precStd": 0.10858977042009038
    }
}