{
    "Timeout": 6,
    "Mean of all scores": {
        "f1Mean": 0.6038341630203494,
        "accMean": 0.9699258763139482,
        "recMean": 0.6656952512680954,
        "precMean": 0.6070941050276295
    },
    "Std of all Scores": {
        "f1Std": 0.0863536562001978,
        "accStd": 0.04295777388822688,
        "recStd": 0.07458211834503041,
        "precStd": 0.10922673834458235
    }
}