{
    "Timeout": 3,
    "Mean of all scores": {
        "f1Mean": 0.6081308153797498,
        "accMean": 0.9654513877465822,
        "recMean": 0.6621317904910445,
        "precMean": 0.6224832645401188
    },
    "Std of all Scores": {
        "f1Std": 0.08798572061149731,
        "accStd": 0.05197536269860179,
        "recStd": 0.0825957589450615,
        "precStd": 0.11700095242068606
    }
}