{
    "Timeout": "default",
    "Mean of all scores": {
        "f1Mean": 0.6558763932144998,
        "accMean": 0.9627805464088226,
        "recMean": 0.71731930113321,
        "precMean": 0.6676430945153272
    },
    "Std of all Scores": {
        "f1Std": 0.13626315218052892,
        "accStd": 0.058935570705703336,
        "recStd": 0.05443840398106072,
        "precStd": 0.16003287817243908
    }
}