{
    "Timeout": 0.5,
    "Mean of all scores": {
        "f1Mean": 0.6491851780173319,
        "accMean": 0.9100566122311864,
        "recMean": 0.7102455883000918,
        "precMean": 0.6732224533813305
    },
    "Std of all Scores": {
        "f1Std": 0.1489872823002709,
        "accStd": 0.1649102301629233,
        "recStd": 0.05457868814032422,
        "precStd": 0.14892354258823004
    }
}