{
    "Timeout": 30,
    "Mean of all scores": {
        "f1Mean": 0.5964485318154853,
        "accMean": 0.9205863935129399,
        "recMean": 0.6482394741442622,
        "precMean": 0.6202778997869169
    },
    "Std of all Scores": {
        "f1Std": 0.09216404687335941,
        "accStd": 0.10535892579682124,
        "recStd": 0.0687520986780296,
        "precStd": 0.11815356539903357
    }
}