{
    "Timeout": 10,
    "Mean of all scores": {
        "f1Mean": 0.6184614182526031,
        "accMean": 0.9591145253947996,
        "recMean": 0.6359514284060429,
        "precMean": 0.633350797046991
    },
    "Std of all Scores": {
        "f1Std": 0.05213956936805757,
        "accStd": 0.04637754958341745,
        "recStd": 0.06273268338021289,
        "precStd": 0.06691256740942525
    }
}