{
    "Timeout": 4,
    "Mean of all scores": {
        "f1Mean": 0.6061649876596021,
        "accMean": 0.9629095422069065,
        "recMean": 0.6582621841025912,
        "precMean": 0.6323709077558493
    },
    "Std of all Scores": {
        "f1Std": 0.09206739694045778,
        "accStd": 0.058225458595468196,
        "recStd": 0.07697963014678513,
        "precStd": 0.12844786988346898
    }
}