{
    "Timeout": 30,
    "Mean of all scores": {
        "f1Mean": 0.6752863954282013,
        "accMean": 0.8842886510101297,
        "recMean": 0.697452686520632,
        "precMean": 0.6828017674883793
    },
    "Std of all Scores": {
        "f1Std": 0.032726571099561716,
        "accStd": 0.026862566378203962,
        "recStd": 0.055100019555230736,
        "precStd": 0.02604029007440126
    }
}