{
    "Timeout": 6,
    "Mean of all scores": {
        "f1Mean": 0.6852326615899246,
        "accMean": 0.8864349969322006,
        "recMean": 0.712319910724098,
        "precMean": 0.6940526437957768
    },
    "Std of all Scores": {
        "f1Std": 0.06881221388046259,
        "accStd": 0.02653360087916331,
        "recStd": 0.061177024621371257,
        "precStd": 0.0643678278564087
    }
}