{
    "Timeout": 4,
    "Mean of all scores": {
        "f1Mean": 0.6677191479517658,
        "accMean": 0.8850962703276053,
        "recMean": 0.6981484737469615,
        "precMean": 0.6767905681281622
    },
    "Std of all Scores": {
        "f1Std": 0.05274526526283913,
        "accStd": 0.028387945825920347,
        "recStd": 0.06441654529120029,
        "precStd": 0.04139702013027459
    }
}