{
    "Timeout": [
        2,
        5
    ],
    "Mean of all scores": {
        "f1Mean": 0.530266884343984,
        "accMean": 0.9857400646194051,
        "recMean": 0.5201545176683657,
        "precMean": 0.6364586734663711
    },
    "Std of all Scores": {
        "f1Std": 0.014617738573645988,
        "accStd": 0.002309662318783028,
        "recStd": 0.02199518823917046,
        "precStd": 0.05927368183949606
    }
}