{
    "Timeout": [
        0.5,
        4
    ],
    "Mean of all scores": {
        "f1Mean": 0.527022191204298,
        "accMean": 0.985912105549444,
        "recMean": 0.5183511079331471,
        "precMean": 0.628671526735906
    },
    "Std of all Scores": {
        "f1Std": 0.014314605786349776,
        "accStd": 0.0021872632330359448,
        "recStd": 0.007805598383537053,
        "precStd": 0.10574884101724964
    }
}