{
    "Timeout": [
        4,
        5
    ],
    "Mean of all scores": {
        "f1Mean": 0.527644365864732,
        "accMean": 0.9858275329165009,
        "recMean": 0.533188884740335,
        "precMean": 0.5950740729591669
    },
    "Std of all Scores": {
        "f1Std": 0.011230185891544153,
        "accStd": 0.0022717437769003363,
        "recStd": 0.008387594957907973,
        "precStd": 0.05647855169127205
    }
}