{
    "Timeout": [
        4,
        30
    ],
    "Mean of all scores": {
        "f1Mean": 0.5220694120899037,
        "accMean": 0.9859118188013396,
        "recMean": 0.5235807587751021,
        "precMean": 0.5864792893571217
    },
    "Std of all Scores": {
        "f1Std": 0.007465525748217774,
        "accStd": 0.002226572945470098,
        "recStd": 0.00879949056117667,
        "precStd": 0.03762449699317155
    }
}