{
    "Timeout": [
        3,
        30
    ],
    "Mean of all scores": {
        "f1Mean": 0.5251507432884981,
        "accMean": 0.986132887866399,
        "recMean": 0.5193137496188294,
        "precMean": 0.6125636946966025
    },
    "Std of all Scores": {
        "f1Std": 0.01346419848860433,
        "accStd": 0.002058048737240614,
        "recStd": 0.03268360032043034,
        "precStd": 0.06387955563027438
    }
}