{
    "Timeout": [
        10,
        30
    ],
    "Mean of all scores": {
        "f1Mean": 0.5230096620551162,
        "accMean": 0.9862708692656852,
        "recMean": 0.5160688501720048,
        "precMean": 0.6273777628376103
    },
    "Std of all Scores": {
        "f1Std": 0.011949946398152634,
        "accStd": 0.0018544760484132984,
        "recStd": 0.016483406497803187,
        "precStd": 0.028054028819172207
    }
}