{
    "Timeout": [
        0.5,
        2
    ],
    "Mean of all scores": {
        "f1Mean": 0.5218265578998562,
        "accMean": 0.9857885379936423,
        "recMean": 0.5097381747047542,
        "precMean": 0.5918161199280728
    },
    "Std of all Scores": {
        "f1Std": 0.018243010830621763,
        "accStd": 0.002199835803156998,
        "recStd": 0.010990554836842737,
        "precStd": 0.027283360610381908
    }
}