{
    "Timeout": [
        5,
        60
    ],
    "Mean of all scores": {
        "f1Mean": 0.5251871453480632,
        "accMean": 0.9862116471131369,
        "recMean": 0.5188155630770287,
        "precMean": 0.6207166537737644
    },
    "Std of all Scores": {
        "f1Std": 0.014433258835949246,
        "accStd": 0.002018206501389734,
        "recStd": 0.010236623892400567,
        "precStd": 0.0843764318686114
    }
}