{
    "Timeout": [
        2,
        30
    ],
    "Mean of all scores": {
        "f1Mean": 0.5284897063369318,
        "accMean": 0.9857210586838617,
        "recMean": 0.5303871483061877,
        "precMean": 0.5779468137081419
    },
    "Std of all Scores": {
        "f1Std": 0.007568367638758989,
        "accStd": 0.0022421287034890347,
        "recStd": 0.011779622042467077,
        "precStd": 0.038666862993431944
    }
}