{
    "Timeout": [
        5,
        5
    ],
    "Mean of all scores": {
        "f1Mean": 0.5351806938636386,
        "accMean": 0.9857596340863217,
        "recMean": 0.5382012250161672,
        "precMean": 0.6040659627471563
    },
    "Std of all Scores": {
        "f1Std": 0.014827209219375848,
        "accStd": 0.0024591714739264367,
        "recStd": 0.01543626906042742,
        "precStd": 0.08633641292007614
    }
}