{
    "Timeout": [
        2,
        60
    ],
    "Mean of all scores": {
        "f1Mean": 0.5226028993014797,
        "accMean": 0.9862323361464785,
        "recMean": 0.5092358865688754,
        "precMean": 0.6304755482975712
    },
    "Std of all Scores": {
        "f1Std": 0.004847752136425633,
        "accStd": 0.001756802120271808,
        "recStd": 0.020118055840964644,
        "precStd": 0.07846135944185782
    }
}