{
    "Timeout": [
        4,
        60
    ],
    "Mean of all scores": {
        "f1Mean": 0.5114983481436209,
        "accMean": 0.9857310347185922,
        "recMean": 0.4961080679392261,
        "precMean": 0.6287420530341901
    },
    "Std of all Scores": {
        "f1Std": 0.010389177322929473,
        "accStd": 0.0019387461669609822,
        "recStd": 0.016661909039079607,
        "precStd": 0.06827471398103704
    }
}