{
    "Timeout": [
        0.5,
        60
    ],
    "Mean of all scores": {
        "f1Mean": 0.5317479554935808,
        "accMean": 0.985842263183154,
        "recMean": 0.5179593799604902,
        "precMean": 0.6325654619587412
    },
    "Std of all Scores": {
        "f1Std": 0.022524837773784945,
        "accStd": 0.0024807985203434994,
        "recStd": 0.018300445401503232,
        "precStd": 0.06735561192378911
    }
}