{
    "Timeout": [
        2,
        3
    ],
    "Mean of all scores": {
        "f1Mean": 0.5279905586722589,
        "accMean": 0.9860262941481135,
        "recMean": 0.5264403221882519,
        "precMean": 0.5867285561266415
    },
    "Std of all Scores": {
        "f1Std": 0.01026582482930809,
        "accStd": 0.002499414389985193,
        "recStd": 0.01445163670742169,
        "precStd": 0.03549812921790636
    }
}