{
    "Timeout": [
        3,
        5
    ],
    "Mean of all scores": {
        "f1Mean": 0.5235588501681394,
        "accMean": 0.9861971652190047,
        "recMean": 0.5144547015493337,
        "precMean": 0.6282074332261519
    },
    "Std of all Scores": {
        "f1Std": 0.016970426453668294,
        "accStd": 0.002007856984176276,
        "recStd": 0.025379498689679543,
        "precStd": 0.03860032162454836
    }
}