{
    "Timeout": [
        0.5,
        5
    ],
    "Mean of all scores": {
        "f1Mean": 0.5225144179005776,
        "accMean": 0.9859635796481176,
        "recMean": 0.5125531563475485,
        "precMean": 0.6262261975027826
    },
    "Std of all Scores": {
        "f1Std": 0.015315908301737192,
        "accStd": 0.002197337402728926,
        "recStd": 0.013108134336676937,
        "precStd": 0.06446814625887627
    }
}