{
    "Timeout": [
        2,
        2
    ],
    "Mean of all scores": {
        "f1Mean": 0.5201641808095487,
        "accMean": 0.9863489030886902,
        "recMean": 0.5145197070348715,
        "precMean": 0.611849603558788
    },
    "Std of all Scores": {
        "f1Std": 0.01626469214288211,
        "accStd": 0.002029477479882867,
        "recStd": 0.016379482834981716,
        "precStd": 0.08349089967151123
    }
}