{
    "Timeout": [
        1,
        4
    ],
    "Mean of all scores": {
        "f1Mean": 0.5203749247180838,
        "accMean": 0.9855345651766905,
        "recMean": 0.5114306040803038,
        "precMean": 0.6379720043227196
    },
    "Std of all Scores": {
        "f1Std": 0.01953716205451115,
        "accStd": 0.0023266589415934487,
        "recStd": 0.03298454257462677,
        "precStd": 0.05450429608067892
    }
}