{
    "Timeout": [
        1,
        3
    ],
    "Mean of all scores": {
        "f1Mean": 0.5247489569021053,
        "accMean": 0.9856974889130656,
        "recMean": 0.52817275070867,
        "precMean": 0.610558234778436
    },
    "Std of all Scores": {
        "f1Std": 0.01154558210345603,
        "accStd": 0.0027607069302091605,
        "recStd": 0.027813397976710747,
        "precStd": 0.033741201836905585
    }
}