{
    "Timeout": [
        0.5,
        3
    ],
    "Mean of all scores": {
        "f1Mean": 0.5385025982201224,
        "accMean": 0.9854193579415126,
        "recMean": 0.5305862878354152,
        "precMean": 0.6060281025748958
    },
    "Std of all Scores": {
        "f1Std": 0.010739693831363853,
        "accStd": 0.0024138502891582017,
        "recStd": 0.01164069579366274,
        "precStd": 0.0372076861655445
    }
}