{
    "Timeout": [
        5,
        30
    ],
    "Mean of all scores": {
        "f1Mean": 0.5232832176200091,
        "accMean": 0.9863841324898018,
        "recMean": 0.5115003171539526,
        "precMean": 0.6002053953462333
    },
    "Std of all Scores": {
        "f1Std": 0.007668049629390336,
        "accStd": 0.0020216310208982175,
        "recStd": 0.013629338043064562,
        "precStd": 0.043742071733943406
    }
}