{
    "Timeout": [
        3,
        60
    ],
    "Mean of all scores": {
        "f1Mean": 0.5362619184477972,
        "accMean": 0.9861992892495814,
        "recMean": 0.5289577687840494,
        "precMean": 0.6099997817858888
    },
    "Std of all Scores": {
        "f1Std": 0.020085905609744253,
        "accStd": 0.0026403354300706546,
        "recStd": 0.013362943859754183,
        "precStd": 0.06634365804075884
    }
}