{
    "Timeout": [
        0.5,
        30
    ],
    "Mean of all scores": {
        "f1Mean": 0.5263041520648996,
        "accMean": 0.9860341121036076,
        "recMean": 0.5190442920229282,
        "precMean": 0.5851909732612174
    },
    "Std of all Scores": {
        "f1Std": 0.017190521469675202,
        "accStd": 0.0022766191909706344,
        "recStd": 0.011991559930754826,
        "precStd": 0.03474620921176065
    }
}