{
    "Timeout": [
        1,
        5
    ],
    "Mean of all scores": {
        "f1Mean": 0.5338504511772006,
        "accMean": 0.9859374310743151,
        "recMean": 0.5315892459984475,
        "precMean": 0.6014987141538911
    },
    "Std of all Scores": {
        "f1Std": 0.020976309904515905,
        "accStd": 0.002507772757159684,
        "recStd": 0.022251471023024137,
        "precStd": 0.07024045361698204
    }
}