{
    "Timeout": [
        3,
        3
    ],
    "Mean of all scores": {
        "f1Mean": 0.5312588351140362,
        "accMean": 0.9858372543107722,
        "recMean": 0.5307031905067291,
        "precMean": 0.64215818607878
    },
    "Std of all Scores": {
        "f1Std": 0.01961488903436519,
        "accStd": 0.002378781918250046,
        "recStd": 0.028580519295821723,
        "precStd": 0.08682583937227412
    }
}