{
    "Timeout": [
        1,
        2
    ],
    "Mean of all scores": {
        "f1Mean": 0.5218472684830479,
        "accMean": 0.9858526165327228,
        "recMean": 0.5159455336212158,
        "precMean": 0.6173624449573102
    },
    "Std of all Scores": {
        "f1Std": 0.01115889584685563,
        "accStd": 0.002210510366389811,
        "recStd": 0.020361049375808626,
        "precStd": 0.059214051063276006
    }
}