{
    "Timeout": [
        2,
        4
    ],
    "Mean of all scores": {
        "f1Mean": 0.5262214596412715,
        "accMean": 0.9856651109841813,
        "recMean": 0.5169434325846327,
        "precMean": 0.6040689603248437
    },
    "Std of all Scores": {
        "f1Std": 0.0059641174449601465,
        "accStd": 0.002671947261885697,
        "recStd": 0.015276653066330914,
        "precStd": 0.05539616174490718
    }
}