{
    "Timeout": [
        4,
        4
    ],
    "Mean of all scores": {
        "f1Mean": 0.5284016674218094,
        "accMean": 0.9865059609716489,
        "recMean": 0.5163427322810515,
        "precMean": 0.6173274312893797
    },
    "Std of all Scores": {
        "f1Std": 0.016920718410843576,
        "accStd": 0.002204627025666429,
        "recStd": 0.01010494114148823,
        "precStd": 0.056889151758003215
    }
}