{
    "Timeout": [
        10,
        60
    ],
    "Mean of all scores": {
        "f1Mean": 0.5154557919471303,
        "accMean": 0.9857519427947417,
        "recMean": 0.5003486964203374,
        "precMean": 0.6301732766422463
    },
    "Std of all Scores": {
        "f1Std": 0.021023012631598167,
        "accStd": 0.0026715905871044277,
        "recStd": 0.04071934469490861,
        "precStd": 0.08586054476330855
    }
}