{
    "Timeout": [
        1,
        60
    ],
    "Mean of all scores": {
        "f1Mean": 0.5207563099122566,
        "accMean": 0.9857276186725926,
        "recMean": 0.512280977066641,
        "precMean": 0.5932863088762854
    },
    "Std of all Scores": {
        "f1Std": 0.008271403164601255,
        "accStd": 0.0024144058566824174,
        "recStd": 0.010604268162525505,
        "precStd": 0.040826265727706285
    }
}