{
    "Timeout": [
        1,
        30
    ],
    "Mean of all scores": {
        "f1Mean": 0.5256261330886639,
        "accMean": 0.9852408852534937,
        "recMean": 0.5214608972013766,
        "precMean": 0.6035958679662603
    },
    "Std of all Scores": {
        "f1Std": 0.009272242181161926,
        "accStd": 0.0032152361966781887,
        "recStd": 0.022076342015963347,
        "precStd": 0.03297653784552949
    }
}