{
    "Timeout": [
        3,
        4
    ],
    "Mean of all scores": {
        "f1Mean": 0.5370351483735374,
        "accMean": 0.9865688714711933,
        "recMean": 0.530327016101332,
        "precMean": 0.6002558820560764
    },
    "Std of all Scores": {
        "f1Std": 0.013865069576969957,
        "accStd": 0.002077808558575498,
        "recStd": 0.01646685446269239,
        "precStd": 0.04615195477146217
    }
}