{
    "Timeout": [
        1,
        3
    ],
    "Mean of all scores": {
        "f1Mean": 0.716101244180539,
        "accMean": 0.9882407755243424,
        "recMean": 0.703227959835544,
        "precMean": 0.7672649089387863
    },
    "Std of all Scores": {
        "f1Std": 0.01678358287667069,
        "accStd": 0.002488634453487233,
        "recStd": 0.008252859575035063,
        "precStd": 0.08263107091891125
    }
}