{
    "Timeout": [
        4,
        4
    ],
    "Mean of all scores": {
        "f1Mean": 0.7184139122248965,
        "accMean": 0.9883250849666142,
        "recMean": 0.7061518077818932,
        "precMean": 0.7721912971946645
    },
    "Std of all Scores": {
        "f1Std": 0.02181340247238162,
        "accStd": 0.002494366922523546,
        "recStd": 0.007136231240595889,
        "precStd": 0.08634892716840657
    }
}