{
    "Timeout": [
        2,
        3
    ],
    "Mean of all scores": {
        "f1Mean": 0.7175166507591484,
        "accMean": 0.9882954657175528,
        "recMean": 0.7050767697512981,
        "precMean": 0.7575136754431346
    },
    "Std of all Scores": {
        "f1Std": 0.019208317843815263,
        "accStd": 0.002480675097320737,
        "recStd": 0.0061997173400476285,
        "precStd": 0.06575888586173437
    }
}