{
    "Timeout": [
        3,
        30
    ],
    "Mean of all scores": {
        "f1Mean": 0.7179863936782948,
        "accMean": 0.9882947701595768,
        "recMean": 0.705013237705621,
        "precMean": 0.7675299880271711
    },
    "Std of all Scores": {
        "f1Std": 0.021798260080304842,
        "accStd": 0.0024978545362932766,
        "recStd": 0.003978847967646228,
        "precStd": 0.08374593745492992
    }
}