{
    "Timeout": [
        5,
        30
    ],
    "Mean of all scores": {
        "f1Mean": 0.7189012132891889,
        "accMean": 0.9882962456337477,
        "recMean": 0.7067765550314501,
        "precMean": 0.7732599346940431
    },
    "Std of all Scores": {
        "f1Std": 0.018026987837072284,
        "accStd": 0.002490052731752237,
        "recStd": 0.009180947154530225,
        "precStd": 0.08478069339956376
    }
}