{
    "Timeout": [
        2,
        30
    ],
    "Mean of all scores": {
        "f1Mean": 0.7162899878518333,
        "accMean": 0.9882766078223583,
        "recMean": 0.7039139120326274,
        "precMean": 0.7670384205479893
    },
    "Std of all Scores": {
        "f1Std": 0.018172484885991862,
        "accStd": 0.002467853005522387,
        "recStd": 0.007683020218523174,
        "precStd": 0.08347924280736488
    }
}