{
    "Timeout": [
        2,
        5
    ],
    "Mean of all scores": {
        "f1Mean": 0.7170699484133983,
        "accMean": 0.9883282529724177,
        "recMean": 0.7037955455946769,
        "precMean": 0.7587595052956189
    },
    "Std of all Scores": {
        "f1Std": 0.018186225362240606,
        "accStd": 0.002463279888575785,
        "recStd": 0.005122321092013722,
        "precStd": 0.06568222839768494
    }
}