{
    "Timeout": [
        3,
        4
    ],
    "Mean of all scores": {
        "f1Mean": 0.7167528120049308,
        "accMean": 0.988281447414075,
        "recMean": 0.7055810715687036,
        "precMean": 0.7658976702449048
    },
    "Std of all Scores": {
        "f1Std": 0.01951182875643505,
        "accStd": 0.0024661619294638476,
        "recStd": 0.006453941741915321,
        "precStd": 0.08218595816584148
    }
}