{
    "Timeout": [
        0.5,
        30
    ],
    "Mean of all scores": {
        "f1Mean": 0.7160357101634318,
        "accMean": 0.9881177927792544,
        "recMean": 0.7029846498664603,
        "precMean": 0.7680052168786082
    },
    "Std of all Scores": {
        "f1Std": 0.018476039855323954,
        "accStd": 0.0025484134110831873,
        "recStd": 0.006987020857062512,
        "precStd": 0.08371093557915457
    }
}