{
    "Timeout": [
        1,
        5
    ],
    "Mean of all scores": {
        "f1Mean": 0.7170590115582101,
        "accMean": 0.988247273904374,
        "recMean": 0.7032962370521159,
        "precMean": 0.7649368459721707
    },
    "Std of all Scores": {
        "f1Std": 0.01841532449447594,
        "accStd": 0.0024795766725999413,
        "recStd": 0.004252507302577255,
        "precStd": 0.06055334615104128
    }
}