{
    "Timeout": [
        4,
        60
    ],
    "Mean of all scores": {
        "f1Mean": 0.7178738625263098,
        "accMean": 0.9883006111292947,
        "recMean": 0.7069898654425546,
        "precMean": 0.7668160666896818
    },
    "Std of all Scores": {
        "f1Std": 0.019238237249356707,
        "accStd": 0.002498115912672843,
        "recStd": 0.006252633779568242,
        "precStd": 0.08398066347716342
    }
}