{
    "Timeout": [
        3,
        3
    ],
    "Mean of all scores": {
        "f1Mean": 0.7169175605135468,
        "accMean": 0.9882864616194663,
        "recMean": 0.7036078740854197,
        "precMean": 0.7678462071269129
    },
    "Std of all Scores": {
        "f1Std": 0.018305198834045272,
        "accStd": 0.002506409556399842,
        "recStd": 0.004760303071242018,
        "precStd": 0.08161196741579248
    }
}