{
    "Timeout": [
        2,
        4
    ],
    "Mean of all scores": {
        "f1Mean": 0.7159210337581217,
        "accMean": 0.988289602591738,
        "recMean": 0.7037429421613127,
        "precMean": 0.7661286167224286
    },
    "Std of all Scores": {
        "f1Std": 0.020557741134744144,
        "accStd": 0.0024770419812464232,
        "recStd": 0.003944947472148767,
        "precStd": 0.08420960528432603
    }
}