{
    "Timeout": [
        1,
        60
    ],
    "Mean of all scores": {
        "f1Mean": 0.7173312272466053,
        "accMean": 0.988249806129532,
        "recMean": 0.7061263558603079,
        "precMean": 0.7673819462084571
    },
    "Std of all Scores": {
        "f1Std": 0.01874345960515671,
        "accStd": 0.002439335113243553,
        "recStd": 0.005686139748527835,
        "precStd": 0.08369617773718654
    }
}