{
    "Timeout": [
        5,
        60
    ],
    "Mean of all scores": {
        "f1Mean": 0.7150771221487762,
        "accMean": 0.9883313914150111,
        "recMean": 0.700850251973622,
        "precMean": 0.7633357514259506
    },
    "Std of all Scores": {
        "f1Std": 0.017603877459946817,
        "accStd": 0.0025107678329924494,
        "recStd": 0.006881591886101857,
        "precStd": 0.06780196432594333
    }
}