{
    "Timeout": [
        0.5,
        4
    ],
    "Mean of all scores": {
        "f1Mean": 0.7160610627742813,
        "accMean": 0.9881112962199581,
        "recMean": 0.7041356575177602,
        "precMean": 0.7601613317091603
    },
    "Std of all Scores": {
        "f1Std": 0.01990377668961205,
        "accStd": 0.0025247397293749955,
        "recStd": 0.008406526238398247,
        "precStd": 0.06932893213932888
    }
}