{
    "Timeout": [
        0.5,
        60
    ],
    "Mean of all scores": {
        "f1Mean": 0.7163206211520736,
        "accMean": 0.9881080084563514,
        "recMean": 0.7037379567516588,
        "precMean": 0.7670816101105343
    },
    "Std of all Scores": {
        "f1Std": 0.01808944825175109,
        "accStd": 0.002522931485873707,
        "recStd": 0.005322886001317228,
        "precStd": 0.08293495674135137
    }
}