{
    "Timeout": [
        1,
        30
    ],
    "Mean of all scores": {
        "f1Mean": 0.7172214417436322,
        "accMean": 0.9882381134176421,
        "recMean": 0.7050441327067116,
        "precMean": 0.771644212365491
    },
    "Std of all Scores": {
        "f1Std": 0.0170172985797146,
        "accStd": 0.0025003704255776205,
        "recStd": 0.006809430361716141,
        "precStd": 0.07931827568657202
    }
}