{
    "Timeout": [
        10,
        30
    ],
    "Mean of all scores": {
        "f1Mean": 0.718158919635351,
        "accMean": 0.9883264033771934,
        "recMean": 0.7058835665188554,
        "precMean": 0.7613464490550961
    },
    "Std of all Scores": {
        "f1Std": 0.017723170351140786,
        "accStd": 0.0024644068242041088,
        "recStd": 0.007533306304491095,
        "precStd": 0.06456835847662061
    }
}