{
    "Timeout": [
        2,
        2
    ],
    "Mean of all scores": {
        "f1Mean": 0.7197034319401785,
        "accMean": 0.9883351548488418,
        "recMean": 0.7083895689649256,
        "precMean": 0.7730769897378899
    },
    "Std of all Scores": {
        "f1Std": 0.0177831461270605,
        "accStd": 0.0024935776839261716,
        "recStd": 0.007522545055841562,
        "precStd": 0.08069174604705723
    }
}