{
    "Timeout": [
        0.5,
        3
    ],
    "Mean of all scores": {
        "f1Mean": 0.7149427942094987,
        "accMean": 0.9881034171162018,
        "recMean": 0.7015176718417777,
        "precMean": 0.7674769896601521
    },
    "Std of all Scores": {
        "f1Std": 0.01837623257999105,
        "accStd": 0.0025360563028352908,
        "recStd": 0.005511922067593151,
        "precStd": 0.08350893227882218
    }
}