{
    "Timeout": [
        4,
        30
    ],
    "Mean of all scores": {
        "f1Mean": 0.7184193451940459,
        "accMean": 0.9883128524915303,
        "recMean": 0.7058749727607605,
        "precMean": 0.7676214157129964
    },
    "Std of all Scores": {
        "f1Std": 0.02129890434037271,
        "accStd": 0.002488481935653642,
        "recStd": 0.00654882991137321,
        "precStd": 0.0730793636184763
    }
}