{
    "Timeout": [
        10,
        60
    ],
    "Mean of all scores": {
        "f1Mean": 0.7177841643765557,
        "accMean": 0.9883449416489754,
        "recMean": 0.7043839575741823,
        "precMean": 0.7730282248122993
    },
    "Std of all Scores": {
        "f1Std": 0.0181024146383572,
        "accStd": 0.0024874528153616773,
        "recStd": 0.009086036348241048,
        "precStd": 0.08457477845592024
    }
}