{
    "Timeout": [
        0.5,
        2
    ],
    "Mean of all scores": {
        "f1Mean": 0.7167861147774938,
        "accMean": 0.9881170548102631,
        "recMean": 0.7030614046765138,
        "precMean": 0.7769044500983356
    },
    "Std of all Scores": {
        "f1Std": 0.018955126216734543,
        "accStd": 0.0025318895975656596,
        "recStd": 0.007430715866937151,
        "precStd": 0.06851825044451929
    }
}