{
    "Timeout": [
        0.5,
        5
    ],
    "Mean of all scores": {
        "f1Mean": 0.7149467082142296,
        "accMean": 0.9881088790741354,
        "recMean": 0.7025678922262198,
        "precMean": 0.7563425186446711
    },
    "Std of all Scores": {
        "f1Std": 0.019541871652648094,
        "accStd": 0.0025104145061809993,
        "recStd": 0.005767770423982717,
        "precStd": 0.06590814460781103
    }
}