{
    "Timeout": [
        1,
        4
    ],
    "Mean of all scores": {
        "f1Mean": 0.7172916159357057,
        "accMean": 0.9882193847511394,
        "recMean": 0.7039207272280565,
        "precMean": 0.7740396411342882
    },
    "Std of all Scores": {
        "f1Std": 0.020862762480537016,
        "accStd": 0.002506492177843728,
        "recStd": 0.00706757599557339,
        "precStd": 0.08760887525892784
    }
}