{
    "Timeout": [
        3,
        5
    ],
    "Mean of all scores": {
        "f1Mean": 0.7170335166121221,
        "accMean": 0.9883029885798266,
        "recMean": 0.7033558519017191,
        "precMean": 0.7705027204064948
    },
    "Std of all Scores": {
        "f1Std": 0.021229617042299434,
        "accStd": 0.0024907686710090287,
        "recStd": 0.0037509529817433677,
        "precStd": 0.07689771265500456
    }
}