{
    "Timeout": [
        1,
        2
    ],
    "Mean of all scores": {
        "f1Mean": 0.7157383849978094,
        "accMean": 0.9882451383946045,
        "recMean": 0.7026362045274126,
        "precMean": 0.7571565957178024
    },
    "Std of all Scores": {
        "f1Std": 0.019952417588506847,
        "accStd": 0.002530919846030543,
        "recStd": 0.003683284122314856,
        "precStd": 0.06697209037135654
    }
}