{
    "Timeout": [
        2,
        60
    ],
    "Mean of all scores": {
        "f1Mean": 0.7178352168009505,
        "accMean": 0.9882599790259897,
        "recMean": 0.7053616941093054,
        "precMean": 0.7623647254470818
    },
    "Std of all Scores": {
        "f1Std": 0.018681216390489554,
        "accStd": 0.0024938756827959934,
        "recStd": 0.004574297013162027,
        "precStd": 0.061678728556980256
    }
}