{
    "Timeout": [
        4,
        5
    ],
    "Mean of all scores": {
        "f1Mean": 0.7165595548441901,
        "accMean": 0.9883172972458294,
        "recMean": 0.7026701253024785,
        "precMean": 0.7679236841368043
    },
    "Std of all Scores": {
        "f1Std": 0.019330074607336965,
        "accStd": 0.0025245909326475687,
        "recStd": 0.005516743685978633,
        "precStd": 0.08427830072681314
    }
}