{
    "Timeout": [
        3,
        60
    ],
    "Mean of all scores": {
        "f1Mean": 0.7163558720525727,
        "accMean": 0.9882893733900072,
        "recMean": 0.7052169605474465,
        "precMean": 0.7554700820681687
    },
    "Std of all Scores": {
        "f1Std": 0.01881738390653047,
        "accStd": 0.0024710140969235127,
        "recStd": 0.004323606209414207,
        "precStd": 0.0650149832561766
    }
}