{
    "Timeout": [
        5,
        5
    ],
    "Mean of all scores": {
        "f1Mean": 0.717734902535389,
        "accMean": 0.9882992952697123,
        "recMean": 0.7056457792120555,
        "precMean": 0.7674292327530339
    },
    "Std of all Scores": {
        "f1Std": 0.020011676665897656,
        "accStd": 0.002489422717744944,
        "recStd": 0.004552934917394985,
        "precStd": 0.08471157429524419
    }
}