{
    "Best score": {
        "Best Timeout": 2,
        "Accuracy": 0.8607666818590557,
        "F1 Score": 0.8373404415454786,
        "Precision": 0.8737581593918575,
        "Recall": 0.819294901233856
    },
    "Worst score": {
        "Worst Timeout": 5,
        "Accuracy": 0.8435340259230534,
        "F1 Score": 0.8273320812780073,
        "Precision": 0.869939885143481,
        "Recall": 0.8071897214235466
    },
    "Difference": {
        "Accuracy": 0.017232655936002317,
        "F1 Score": 1.0008360267471317,
        "Precision": 0.3818274248376552,
        "Recall": 1.210517981030934
    }
}