{
    "Best score": {
        "Best Timeout": 2,
        "Accuracy": 0.810193271824688,
        "F1 Score": 0.7517578472240691,
        "Precision": 0.8273034928632788,
        "Recall": 0.7431969575664289
    },
    "Worst score": {
        "Worst Timeout": 4,
        "Accuracy": 0.7890614078511025,
        "F1 Score": 0.7381765034642862,
        "Precision": 0.8148751262892293,
        "Recall": 0.7269624370189567
    },
    "Difference": {
        "Accuracy": 0.021131863973585574,
        "F1 Score": 1.3581343759782927,
        "Precision": 1.2428366574049443,
        "Recall": 1.6234520547472209
    }
}