{
    "Best score": {
        "Best Timeout": 3,
        "Accuracy": 0.8637673604560904,
        "F1 Score": 0.845570521911827,
        "Precision": 0.8814564427165223,
        "Recall": 0.8285130857377416
    },
    "Worst score": {
        "Worst Timeout": 6,
        "Accuracy": 0.8458153185969028,
        "F1 Score": 0.8338083992307371,
        "Precision": 0.8753940418462636,
        "Recall": 0.8144061844709494
    },
    "Difference": {
        "Accuracy": 0.01795204185918753,
        "F1 Score": 1.1762122681089893,
        "Precision": 0.6062400870258777,
        "Recall": 1.410690126679226
    }
}