{
    "Timeout": [
        5,
        60
    ],
    "Mean of all scores": {
        "f1Mean": 0.9540920951012449,
        "accMean": 0.9751379934176553,
        "recMean": 0.9505488921651633,
        "precMean": 0.9601503734954498
    },
    "Std of all Scores": {
        "f1Std": 0.02017619253546668,
        "accStd": 0.01172888479722298,
        "recStd": 0.021675838075221658,
        "precStd": 0.018563774928532534
    }
}