{
    "Timeout": 0.5,
    "Mean of all scores": {
        "f1Mean": 0.7188808225105922,
        "accMean": 0.8816816845227677,
        "recMean": 0.737516399604518,
        "precMean": 0.7299121367411219
    },
    "Std of all Scores": {
        "f1Std": 0.059220992575897524,
        "accStd": 0.02779048011273995,
        "recStd": 0.06577774275561828,
        "precStd": 0.05509605539612502
    }
}