{
    "Timeout": "default",
    "Mean of all scores": {
        "f1Mean": 0.6786992930142743,
        "accMean": 0.8884808438538654,
        "recMean": 0.7001230961274972,
        "precMean": 0.6857616133111352
    },
    "Std of all Scores": {
        "f1Std": 0.07009370288718138,
        "accStd": 0.026009793102270737,
        "recStd": 0.06974058814036661,
        "precStd": 0.07067812022841938
    }
}