{
    "Timeout": 1,
    "Mean of all scores": {
        "f1Mean": 0.7106787837553282,
        "accMean": 0.8818751540212606,
        "recMean": 0.7296004294507548,
        "precMean": 0.7280052473867122
    },
    "Std of all Scores": {
        "f1Std": 0.05880069608549887,
        "accStd": 0.028450475196382028,
        "recStd": 0.05200670674035025,
        "precStd": 0.06830411525790081
    }
}