{
    "Timeout": 2,
    "Mean of all scores": {
        "f1Mean": 0.6744293203551578,
        "accMean": 0.8846617287234917,
        "recMean": 0.7054203250399986,
        "precMean": 0.6787589610055681
    },
    "Std of all Scores": {
        "f1Std": 0.07672391989620511,
        "accStd": 0.029260801736246407,
        "recStd": 0.051908408608846573,
        "precStd": 0.08108027731772685
    }
}