{
    "Timeout": 60,
    "Mean of all scores": {
        "f1Mean": 0.6838395498694082,
        "accMean": 0.8852034808921674,
        "recMean": 0.7053086359408878,
        "precMean": 0.6969865645572145
    },
    "Std of all Scores": {
        "f1Std": 0.0481815860442758,
        "accStd": 0.02580222453560304,
        "recStd": 0.04843699349787435,
        "precStd": 0.05558783608963285
    }
}