{
    "Timeout": 5,
    "Mean of all scores": {
        "f1Mean": 0.6797768079324729,
        "accMean": 0.886138700549078,
        "recMean": 0.6980804629267681,
        "precMean": 0.687935421584964
    },
    "Std of all Scores": {
        "f1Std": 0.03948264258166405,
        "accStd": 0.026579941378154448,
        "recStd": 0.06400176015192634,
        "precStd": 0.030797037995155357
    }
}