{
    "Timeout": 10,
    "Mean of all scores": {
        "f1Mean": 0.689318629705365,
        "accMean": 0.8862269940701608,
        "recMean": 0.7069367421213759,
        "precMean": 0.7010386096022083
    },
    "Std of all Scores": {
        "f1Std": 0.04099452993695462,
        "accStd": 0.026360333826114697,
        "recStd": 0.059563660450604426,
        "precStd": 0.037451941251992985
    }
}