{
    "Timeout": 3,
    "Mean of all scores": {
        "f1Mean": 0.6739426077079342,
        "accMean": 0.885729089115171,
        "recMean": 0.6966734204478572,
        "precMean": 0.6843578835863542
    },
    "Std of all Scores": {
        "f1Std": 0.06046411650343936,
        "accStd": 0.027331791204342603,
        "recStd": 0.05196919261858592,
        "precStd": 0.06598947915577859
    }
}