{
    "Timeout": 6,
    "Mean of all scores": {
        "f1Mean": 0.6430668776650493,
        "accMean": 0.8244098070977817,
        "recMean": 0.7155578779141166,
        "precMean": 0.6393762128252443
    },
    "Std of all Scores": {
        "f1Std": 0.08968687161645668,
        "accStd": 0.12251489047694349,
        "recStd": 0.05764166761303751,
        "precStd": 0.09715678622003268
    }
}