{
    "Timeout": 0.5,
    "Mean of all scores": {
        "f1Mean": 0.6042052492333976,
        "accMean": 0.7845470153298961,
        "recMean": 0.6732790360102521,
        "precMean": 0.6265071059395866
    },
    "Std of all Scores": {
        "f1Std": 0.0777698897569681,
        "accStd": 0.20211169978750454,
        "recStd": 0.049618000098536,
        "precStd": 0.0967762146607668
    }
}