{
    "Timeout": 3,
    "Mean of all scores": {
        "f1Mean": 0.6181402556127946,
        "accMean": 0.8328175078111899,
        "recMean": 0.6865467419413389,
        "precMean": 0.6157441517216147
    },
    "Std of all Scores": {
        "f1Std": 0.04894515936248794,
        "accStd": 0.09344001231214771,
        "recStd": 0.03769747683302872,
        "precStd": 0.04739281652275162
    }
}