{
    "Timeout": 2,
    "Mean of all scores": {
        "f1Mean": 0.6410145415425098,
        "accMean": 0.8677901757671492,
        "recMean": 0.7093163866956299,
        "precMean": 0.6415341055148429
    },
    "Std of all Scores": {
        "f1Std": 0.0811319932807547,
        "accStd": 0.06390747738276503,
        "recStd": 0.0576006839752515,
        "precStd": 0.06552106938780654
    }
}