{
    "Timeout": 4,
    "Mean of all scores": {
        "f1Mean": 0.5924545960420946,
        "accMean": 0.7517799195645429,
        "recMean": 0.6713670370108096,
        "precMean": 0.5944743629089103
    },
    "Std of all Scores": {
        "f1Std": 0.0916328055499807,
        "accStd": 0.18599913902215978,
        "recStd": 0.03886537222380971,
        "precStd": 0.09908284794738048
    }
}