{
    "Timeout": 30,
    "Mean of all scores": {
        "f1Mean": 0.5871716230587005,
        "accMean": 0.831528406484366,
        "recMean": 0.6605677300153726,
        "precMean": 0.5731309608885293
    },
    "Std of all Scores": {
        "f1Std": 0.031001708107478685,
        "accStd": 0.1145728120613741,
        "recStd": 0.01754166905624354,
        "precStd": 0.03421054206524373
    }
}