{
    "Timeout": "default",
    "Mean of all scores": {
        "f1Mean": 0.8028120279604372,
        "accMean": 0.936926840817615,
        "recMean": 0.8006076205444259,
        "precMean": 0.8259149617757391
    },
    "Std of all Scores": {
        "f1Std": 0.04851860333817631,
        "accStd": 0.019372544338109275,
        "recStd": 0.04750320810726693,
        "precStd": 0.03579410264072459
    }
}