{
    "Timeout": 4,
    "Mean of all scores": {
        "f1Mean": 0.7902479518399548,
        "accMean": 0.9305084046773237,
        "recMean": 0.79502099682033,
        "precMean": 0.8154283681859704
    },
    "Std of all Scores": {
        "f1Std": 0.05077171070911283,
        "accStd": 0.02041135104396671,
        "recStd": 0.05246659699693428,
        "precStd": 0.04442159257004758
    }
}