{
    "Timeout": 6,
    "Mean of all scores": {
        "f1Mean": 0.7970384066126506,
        "accMean": 0.9357190980482978,
        "recMean": 0.7968687598097614,
        "precMean": 0.8220627379298516
    },
    "Std of all Scores": {
        "f1Std": 0.04534402128123033,
        "accStd": 0.016775785218818604,
        "recStd": 0.04933614293199891,
        "precStd": 0.04295053073263189
    }
}