{
    "Timeout": 3,
    "Mean of all scores": {
        "f1Mean": 0.7874851710908234,
        "accMean": 0.9319831729820601,
        "recMean": 0.8007972537618823,
        "precMean": 0.809493765844859
    },
    "Std of all Scores": {
        "f1Std": 0.06753903833250065,
        "accStd": 0.021454824201382186,
        "recStd": 0.04990840495383197,
        "precStd": 0.06831327420124568
    }
}