{
    "Timeout": 5,
    "Mean of all scores": {
        "f1Mean": 0.7858870009677456,
        "accMean": 0.9303451408997454,
        "recMean": 0.7896190121116582,
        "precMean": 0.8157106347912132
    },
    "Std of all Scores": {
        "f1Std": 0.0558473951054262,
        "accStd": 0.021081793064345572,
        "recStd": 0.05463618893488521,
        "precStd": 0.050786899717905266
    }
}