{
    "Timeout": 0.5,
    "Mean of all scores": {
        "f1Mean": 0.7827913330105177,
        "accMean": 0.9294955836915474,
        "recMean": 0.7892027376661199,
        "precMean": 0.8121904297474065
    },
    "Std of all Scores": {
        "f1Std": 0.07218741719436458,
        "accStd": 0.02219242323743128,
        "recStd": 0.060293371287777016,
        "precStd": 0.06387846354840995
    }
}