{
    "Timeout": 2,
    "Mean of all scores": {
        "f1Mean": 0.7922242737524599,
        "accMean": 0.9341224636134904,
        "recMean": 0.7914316173069297,
        "precMean": 0.8165206648890445
    },
    "Std of all Scores": {
        "f1Std": 0.05462942977604187,
        "accStd": 0.0206179046617665,
        "recStd": 0.058062544862103244,
        "precStd": 0.05068509686466842
    }
}