{
    "Timeout": [
        2,
        3
    ],
    "Mean of all scores": {
        "f1Mean": 0.9626533981921019,
        "accMean": 0.9715701588702814,
        "recMean": 0.9704377927805806,
        "precMean": 0.9731694185046331
    },
    "Std of all Scores": {
        "f1Std": 0.042246837895068036,
        "accStd": 0.03665779603653009,
        "recStd": 0.04246703927957596,
        "precStd": 0.043779655846477264
    }
}