{
    "Timeout": [
        10,
        60
    ],
    "Mean of all scores": {
        "f1Mean": 0.9613405314261325,
        "accMean": 0.9675096093017193,
        "recMean": 0.9700177390590614,
        "precMean": 0.9706433217860522
    },
    "Std of all Scores": {
        "f1Std": 0.04320064756469922,
        "accStd": 0.041307601704896765,
        "recStd": 0.0421468872821921,
        "precStd": 0.04655029302382797
    }
}