{
    "Timeout": [
        4,
        30
    ],
    "Mean of all scores": {
        "f1Mean": 0.961243436352359,
        "accMean": 0.9684873978321754,
        "recMean": 0.9703603536748702,
        "precMean": 0.970525514044893
    },
    "Std of all Scores": {
        "f1Std": 0.043606109737711646,
        "accStd": 0.04042285027306221,
        "recStd": 0.04175917150216903,
        "precStd": 0.047581249456398106
    }
}