{
    "Timeout": [
        2,
        60
    ],
    "Mean of all scores": {
        "f1Mean": 0.9614471945212697,
        "accMean": 0.9695794989516673,
        "recMean": 0.9704401162686415,
        "precMean": 0.9707370063385461
    },
    "Std of all Scores": {
        "f1Std": 0.04145873459479506,
        "accStd": 0.03901533347406384,
        "recStd": 0.041947441587789756,
        "precStd": 0.04317071041733802
    }
}