{
    "Timeout": [
        3,
        4
    ],
    "Mean of all scores": {
        "f1Mean": 0.9621983148760689,
        "accMean": 0.9704212103167278,
        "recMean": 0.9702971316491921,
        "precMean": 0.9726478157016871
    },
    "Std of all Scores": {
        "f1Std": 0.04252660374721294,
        "accStd": 0.03799272445992042,
        "recStd": 0.042524940422980065,
        "precStd": 0.04409129049450837
    }
}