{
    "Timeout": [
        1,
        5
    ],
    "Mean of all scores": {
        "f1Mean": 0.9605567393342419,
        "accMean": 0.9717434937399025,
        "recMean": 0.9682732468591275,
        "precMean": 0.9736814337007316
    },
    "Std of all Scores": {
        "f1Std": 0.04503782358980984,
        "accStd": 0.035937280356737954,
        "recStd": 0.046616359713604595,
        "precStd": 0.042974736120160055
    }
}