{
    "Timeout": [
        0.5,
        3
    ],
    "Mean of all scores": {
        "f1Mean": 0.9619572460483246,
        "accMean": 0.9750080583695301,
        "recMean": 0.9698417956665126,
        "precMean": 0.9734169098973409
    },
    "Std of all Scores": {
        "f1Std": 0.0437790308010868,
        "accStd": 0.03258824805674059,
        "recStd": 0.04450698090940027,
        "precStd": 0.04482039608447428
    }
}