{
    "Timeout": [
        0.5,
        5
    ],
    "Mean of all scores": {
        "f1Mean": 0.9631005638044148,
        "accMean": 0.9751459306854414,
        "recMean": 0.970491727824405,
        "precMean": 0.9741360675637025
    },
    "Std of all Scores": {
        "f1Std": 0.04239534158844932,
        "accStd": 0.032641557680371656,
        "recStd": 0.0431920049120148,
        "precStd": 0.04360041069047588
    }
}