{
    "Timeout": [
        4,
        60
    ],
    "Mean of all scores": {
        "f1Mean": 0.96225436799341,
        "accMean": 0.9683901316087535,
        "recMean": 0.9702670829455251,
        "precMean": 0.9725313772447507
    },
    "Std of all Scores": {
        "f1Std": 0.04222436199396744,
        "accStd": 0.0404441209737977,
        "recStd": 0.041939611611714146,
        "precStd": 0.043540246741267205
    }
}