{
    "Timeout": [
        5,
        60
    ],
    "Mean of all scores": {
        "f1Mean": 0.959373010636084,
        "accMean": 0.9678252215230512,
        "recMean": 0.968772188703586,
        "precMean": 0.9683970682512459
    },
    "Std of all Scores": {
        "f1Std": 0.04196268542995916,
        "accStd": 0.0403114671561548,
        "recStd": 0.04083078796820167,
        "precStd": 0.04652713625051172
    }
}