{
    "Timeout": [
        3,
        3
    ],
    "Mean of all scores": {
        "f1Mean": 0.9599675581559755,
        "accMean": 0.970794823699992,
        "recMean": 0.9690796263412637,
        "precMean": 0.9711789438948248
    },
    "Std of all Scores": {
        "f1Std": 0.045566909063830575,
        "accStd": 0.03720599030901898,
        "recStd": 0.04518801012293882,
        "precStd": 0.04756775743662614
    }
}