{
    "Timeout": [
        3,
        60
    ],
    "Mean of all scores": {
        "f1Mean": 0.9622189224874006,
        "accMean": 0.96848075145899,
        "recMean": 0.9703260018742738,
        "precMean": 0.9724098117891135
    },
    "Std of all Scores": {
        "f1Std": 0.04231997079008083,
        "accStd": 0.04043860274645476,
        "recStd": 0.04188028784524981,
        "precStd": 0.0438641627651038
    }
}