{
    "Timeout": [
        1,
        4
    ],
    "Mean of all scores": {
        "f1Mean": 0.9614910195565279,
        "accMean": 0.9722026630933357,
        "recMean": 0.9690349585524258,
        "precMean": 0.9738313594066534
    },
    "Std of all Scores": {
        "f1Std": 0.0438385463164205,
        "accStd": 0.0355485636772728,
        "recStd": 0.045170161822400516,
        "precStd": 0.042890003730336725
    }
}