{
    "Timeout": [
        1,
        30
    ],
    "Mean of all scores": {
        "f1Mean": 0.9619696062883486,
        "accMean": 0.9720476611481296,
        "recMean": 0.9702832447910975,
        "precMean": 0.9720012513937857
    },
    "Std of all Scores": {
        "f1Std": 0.04325324804242711,
        "accStd": 0.03617634727819808,
        "recStd": 0.04259489733458696,
        "precStd": 0.04643524631965183
    }
}