{
    "Timeout": [
        0.5,
        4
    ],
    "Mean of all scores": {
        "f1Mean": 0.9636892226821707,
        "accMean": 0.9751919631808501,
        "recMean": 0.9702891072976735,
        "precMean": 0.9757138390851281
    },
    "Std of all Scores": {
        "f1Std": 0.04162319369262721,
        "accStd": 0.03241890909960442,
        "recStd": 0.043582571573175806,
        "precStd": 0.04027587092097584
    }
}