{
    "Timeout": [
        2,
        5
    ],
    "Mean of all scores": {
        "f1Mean": 0.9623584667757289,
        "accMean": 0.9705572101413129,
        "recMean": 0.9703600157999809,
        "precMean": 0.9727546216181603
    },
    "Std of all Scores": {
        "f1Std": 0.04238801268835933,
        "accStd": 0.03790564854589806,
        "recStd": 0.042327237715761475,
        "precStd": 0.04401580308867147
    }
}