{
    "Timeout": [
        2,
        30
    ],
    "Mean of all scores": {
        "f1Mean": 0.9623713154853224,
        "accMean": 0.969582862602994,
        "recMean": 0.9704482473434144,
        "precMean": 0.9725012729184683
    },
    "Std of all Scores": {
        "f1Std": 0.04188468197499323,
        "accStd": 0.03879103661174737,
        "recStd": 0.04188897684921753,
        "precStd": 0.04335047669072807
    }
}