{
    "Timeout": [
        1,
        60
    ],
    "Mean of all scores": {
        "f1Mean": 0.963759069967718,
        "accMean": 0.9720938282115451,
        "recMean": 0.9702982075132379,
        "precMean": 0.9753818438433643
    },
    "Std of all Scores": {
        "f1Std": 0.04101597194892338,
        "accStd": 0.03610622313587762,
        "recStd": 0.042617513966777924,
        "precStd": 0.039756869547469716
    }
}