{
    "Timeout": [
        5,
        30
    ],
    "Mean of all scores": {
        "f1Mean": 0.959657994003536,
        "accMean": 0.9680007188259723,
        "recMean": 0.9686842362560875,
        "precMean": 0.9691154305892284
    },
    "Std of all Scores": {
        "f1Std": 0.041590973114458266,
        "accStd": 0.04007050062545959,
        "recStd": 0.0410636670950263,
        "precStd": 0.045290699395997336
    }
}