{
    "Timeout": [
        0.5,
        30
    ],
    "Mean of all scores": {
        "f1Mean": 0.9613639942392711,
        "accMean": 0.9746367934816226,
        "recMean": 0.9689551799394623,
        "precMean": 0.9740475341248753
    },
    "Std of all Scores": {
        "f1Std": 0.04437063572838134,
        "accStd": 0.032696188689220404,
        "recStd": 0.046053471332746454,
        "precStd": 0.0431522968547308
    }
}