{
    "Timeout": [
        1,
        3
    ],
    "Mean of all scores": {
        "f1Mean": 0.9607901737005644,
        "accMean": 0.9724104215813648,
        "recMean": 0.9692868749477638,
        "precMean": 0.9720738043859578
    },
    "Std of all Scores": {
        "f1Std": 0.04474201524500868,
        "accStd": 0.03546587408476015,
        "recStd": 0.04473627326040082,
        "precStd": 0.04653509636845117
    }
}