{
    "Timeout": [
        1,
        2
    ],
    "Mean of all scores": {
        "f1Mean": 0.9618621368295674,
        "accMean": 0.9741878591403201,
        "recMean": 0.9695261139296626,
        "precMean": 0.9736800998720259
    },
    "Std of all Scores": {
        "f1Std": 0.04346336390062256,
        "accStd": 0.0333902923179471,
        "recStd": 0.04432646408550905,
        "precStd": 0.043619798723956084
    }
}