{
    "Timeout": [
        4,
        4
    ],
    "Mean of all scores": {
        "f1Mean": 0.9623798786371683,
        "accMean": 0.9705686173458206,
        "recMean": 0.9703341406047002,
        "precMean": 0.9728802601671009
    },
    "Std of all Scores": {
        "f1Std": 0.04244844280336844,
        "accStd": 0.03785374496449858,
        "recStd": 0.0424995994638521,
        "precStd": 0.0438992005446209
    }
}