{
    "Timeout": [
        0.5,
        2
    ],
    "Mean of all scores": {
        "f1Mean": 0.9617393416160027,
        "accMean": 0.9764282631880089,
        "recMean": 0.9698168438286116,
        "precMean": 0.9729895752496447
    },
    "Std of all Scores": {
        "f1Std": 0.04406189039958986,
        "accStd": 0.030655290712717304,
        "recStd": 0.04456233581772762,
        "precStd": 0.04581629008276351
    }
}