{
    "Timeout": [
        3,
        30
    ],
    "Mean of all scores": {
        "f1Mean": 0.9618101285364155,
        "accMean": 0.9684957525017245,
        "recMean": 0.9700333812202857,
        "precMean": 0.972248045879908
    },
    "Std of all Scores": {
        "f1Std": 0.042765043110367815,
        "accStd": 0.040274035381578616,
        "recStd": 0.04248065886487529,
        "precStd": 0.04410907935117715
    }
}