{
    "Timeout": [
        2,
        2
    ],
    "Mean of all scores": {
        "f1Mean": 0.963164523769227,
        "accMean": 0.9736379163787271,
        "recMean": 0.9700012615768268,
        "precMean": 0.9752359921069875
    },
    "Std of all Scores": {
        "f1Std": 0.041679729973716044,
        "accStd": 0.03400300635913755,
        "recStd": 0.043429184325411554,
        "precStd": 0.039970210744648856
    }
}