{
    "Timeout": [
        10,
        30
    ],
    "Mean of all scores": {
        "f1Mean": 0.9624142759775627,
        "accMean": 0.9674019412312193,
        "recMean": 0.969072170045371,
        "precMean": 0.974553552015907
    },
    "Std of all Scores": {
        "f1Std": 0.041785658245383134,
        "accStd": 0.04108087278039604,
        "recStd": 0.044111632121350934,
        "precStd": 0.0386954835521004
    }
}