{
    "Timeout": [
        0.5,
        60
    ],
    "Mean of all scores": {
        "f1Mean": 0.9599922380676217,
        "accMean": 0.9744201667391046,
        "recMean": 0.9684458158029561,
        "precMean": 0.9726544716868954
    },
    "Std of all Scores": {
        "f1Std": 0.046151589704026996,
        "accStd": 0.03294826389900487,
        "recStd": 0.047019301156293936,
        "precStd": 0.046057089407284
    }
}