{
    "Timeout": [
        4,
        5
    ],
    "Mean of all scores": {
        "f1Mean": 0.9630521262593585,
        "accMean": 0.9701313622443678,
        "recMean": 0.9699629983734734,
        "precMean": 0.974969398049806
    },
    "Std of all Scores": {
        "f1Std": 0.04154854129419647,
        "accStd": 0.03819885746376938,
        "recStd": 0.04317031423274042,
        "precStd": 0.03952929756834775
    }
}