{
    "Timeout": [
        2,
        4
    ],
    "Mean of all scores": {
        "f1Mean": 0.9625840845945868,
        "accMean": 0.9708079019127889,
        "recMean": 0.9704811919247888,
        "precMean": 0.9730150015070473
    },
    "Std of all Scores": {
        "f1Std": 0.042095122295385645,
        "accStd": 0.03763030008115609,
        "recStd": 0.0421486386647882,
        "precStd": 0.043563944459257056
    }
}