{
    "Timeout": [
        5,
        5
    ],
    "Mean of all scores": {
        "f1Mean": 0.9615890375581424,
        "accMean": 0.9698207727738752,
        "recMean": 0.9689127260076272,
        "precMean": 0.9725841405475654
    },
    "Std of all Scores": {
        "f1Std": 0.04168339448143281,
        "accStd": 0.038194871038349856,
        "recStd": 0.04116461959878038,
        "precStd": 0.04421252956090542
    }
}