{
    "Timeout": [
        3,
        5
    ],
    "Mean of all scores": {
        "f1Mean": 0.9621618285117457,
        "accMean": 0.9701876088551302,
        "recMean": 0.9701840392027139,
        "precMean": 0.9727596912115081
    },
    "Std of all Scores": {
        "f1Std": 0.04260452836089969,
        "accStd": 0.03820401897872565,
        "recStd": 0.04271827160744789,
        "precStd": 0.04386473657349984
    }
}