{
    "Timeout": [
        3,
        3
    ],
    "Mean of all scores": {
        "f1Mean": 0.9353683050753843,
        "accMean": 0.9662459188963977,
        "recMean": 0.9638686029131918,
        "precMean": 0.9383769124878896
    },
    "Std of all Scores": {
        "f1Std": 0.06961543007615785,
        "accStd": 0.04042049821656766,
        "recStd": 0.047330960683947015,
        "precStd": 0.06111184754000468
    }
}