{
    "Timeout": [
        0.5,
        4
    ],
    "Mean of all scores": {
        "f1Mean": 0.9465965838678783,
        "accMean": 0.9725576021387997,
        "recMean": 0.964537038951257,
        "precMean": 0.9524379668835348
    },
    "Std of all Scores": {
        "f1Std": 0.04331929701800724,
        "accStd": 0.03395869299317337,
        "recStd": 0.04317576747290506,
        "precStd": 0.0545086106669326
    }
}