{
    "Timeout": [
        5,
        30
    ],
    "Mean of all scores": {
        "f1Mean": 0.9362005649077914,
        "accMean": 0.9666860671116098,
        "recMean": 0.9612092028691652,
        "precMean": 0.9388083436666514
    },
    "Std of all Scores": {
        "f1Std": 0.05292920792958263,
        "accStd": 0.03932090736959798,
        "recStd": 0.04420224973575499,
        "precStd": 0.05431666972900348
    }
}