{
    "Timeout": [
        5,
        60
    ],
    "Mean of all scores": {
        "f1Mean": 0.9321308049494099,
        "accMean": 0.9648304867086169,
        "recMean": 0.964609600732999,
        "precMean": 0.9330521983903614
    },
    "Std of all Scores": {
        "f1Std": 0.055414978795063394,
        "accStd": 0.038981247246996135,
        "recStd": 0.04216581427458636,
        "precStd": 0.07871295633219107
    }
}