{
    "Timeout": [
        4,
        60
    ],
    "Mean of all scores": {
        "f1Mean": 0.9377791731314098,
        "accMean": 0.966564871713848,
        "recMean": 0.9610617437353304,
        "precMean": 0.9426744574484026
    },
    "Std of all Scores": {
        "f1Std": 0.053224800309615336,
        "accStd": 0.038599761054335664,
        "recStd": 0.053017790042218294,
        "precStd": 0.06631213057318719
    }
}