{
    "Timeout": [
        2,
        30
    ],
    "Mean of all scores": {
        "f1Mean": 0.9317854422999894,
        "accMean": 0.9732854062155569,
        "recMean": 0.9663286041583902,
        "precMean": 0.9356155005984738
    },
    "Std of all Scores": {
        "f1Std": 0.07103292025991001,
        "accStd": 0.0311955238679845,
        "recStd": 0.04654110474292782,
        "precStd": 0.08633927196176962
    }
}