{
    "Timeout": [
        0.5,
        30
    ],
    "Mean of all scores": {
        "f1Mean": 0.9231845722545818,
        "accMean": 0.9710051532920272,
        "recMean": 0.9649515863184757,
        "precMean": 0.9239847602534628
    },
    "Std of all Scores": {
        "f1Std": 0.06690754334435908,
        "accStd": 0.03357671019438511,
        "recStd": 0.04518221865388899,
        "precStd": 0.08794966837779537
    }
}