{
    "Timeout": [
        0.5,
        3
    ],
    "Mean of all scores": {
        "f1Mean": 0.9554682108774368,
        "accMean": 0.976527737219693,
        "recMean": 0.9675988389578929,
        "precMean": 0.9635111040192221
    },
    "Std of all Scores": {
        "f1Std": 0.04497002783783259,
        "accStd": 0.028304594825821334,
        "recStd": 0.0440557981190071,
        "precStd": 0.05354615435976934
    }
}