{
    "Timeout": [
        4,
        30
    ],
    "Mean of all scores": {
        "f1Mean": 0.9398559392152196,
        "accMean": 0.9631313491612401,
        "recMean": 0.9622350228303826,
        "precMean": 0.9458212396532986
    },
    "Std of all Scores": {
        "f1Std": 0.066837983943308,
        "accStd": 0.044087521640146614,
        "recStd": 0.04669048415416315,
        "precStd": 0.07813826704504544
    }
}