{
    "Timeout": [
        0.5,
        5
    ],
    "Mean of all scores": {
        "f1Mean": 0.9537387571611964,
        "accMean": 0.975701275052683,
        "recMean": 0.9684344216361239,
        "precMean": 0.9605779122337861
    },
    "Std of all Scores": {
        "f1Std": 0.04982118261593612,
        "accStd": 0.028312873767566343,
        "recStd": 0.04423900515507782,
        "precStd": 0.06250647643545958
    }
}