{
    "Timeout": [
        1,
        3
    ],
    "Mean of all scores": {
        "f1Mean": 0.9486074002170396,
        "accMean": 0.9690952993347434,
        "recMean": 0.962750213726928,
        "precMean": 0.9595727169419197
    },
    "Std of all Scores": {
        "f1Std": 0.05413500520592596,
        "accStd": 0.03973927459941735,
        "recStd": 0.045450893811368354,
        "precStd": 0.061006608630857155
    }
}