{
    "Timeout": [
        3,
        60
    ],
    "Mean of all scores": {
        "f1Mean": 0.9318941664725076,
        "accMean": 0.9651779271581027,
        "recMean": 0.9589233215420737,
        "precMean": 0.937503131757617
    },
    "Std of all Scores": {
        "f1Std": 0.07453540283799927,
        "accStd": 0.04641616987307037,
        "recStd": 0.04474581300584385,
        "precStd": 0.09056488275531026
    }
}