{
    "Timeout": [
        2,
        5
    ],
    "Mean of all scores": {
        "f1Mean": 0.9429101812992757,
        "accMean": 0.9692698380919575,
        "recMean": 0.9635604956537932,
        "precMean": 0.9482430819566907
    },
    "Std of all Scores": {
        "f1Std": 0.05567597843831552,
        "accStd": 0.03379119491599625,
        "recStd": 0.04518180721830593,
        "precStd": 0.06888086856147757
    }
}