{
    "Timeout": [
        1,
        2
    ],
    "Mean of all scores": {
        "f1Mean": 0.9363590349451704,
        "accMean": 0.9738025734117368,
        "recMean": 0.959806354328333,
        "precMean": 0.9453963553351921
    },
    "Std of all Scores": {
        "f1Std": 0.07888562719910376,
        "accStd": 0.03303489306670023,
        "recStd": 0.045045520024116006,
        "precStd": 0.09439794479561521
    }
}