{
    "Timeout": [
        2,
        2
    ],
    "Mean of all scores": {
        "f1Mean": 0.9517758803935532,
        "accMean": 0.9733123115426322,
        "recMean": 0.9678031301449235,
        "precMean": 0.9576822505410133
    },
    "Std of all Scores": {
        "f1Std": 0.046887479176738266,
        "accStd": 0.030898950191923003,
        "recStd": 0.046319500246172644,
        "precStd": 0.04995245916692257
    }
}