{
    "Timeout": [
        3,
        4
    ],
    "Mean of all scores": {
        "f1Mean": 0.9443260690870137,
        "accMean": 0.9687102017030934,
        "recMean": 0.961830677525629,
        "precMean": 0.9503270994283616
    },
    "Std of all Scores": {
        "f1Std": 0.04439295034728921,
        "accStd": 0.03498431078868268,
        "recStd": 0.0429407059345854,
        "precStd": 0.05732704420261103
    }
}