{
    "Timeout": [
        1,
        4
    ],
    "Mean of all scores": {
        "f1Mean": 0.951444880054536,
        "accMean": 0.9684917003680209,
        "recMean": 0.9656678990131752,
        "precMean": 0.958052448892633
    },
    "Std of all Scores": {
        "f1Std": 0.0425553763829849,
        "accStd": 0.0378229471118947,
        "recStd": 0.0423789044156275,
        "precStd": 0.048046107682488695
    }
}