{
    "Timeout": [
        10,
        60
    ],
    "Mean of all scores": {
        "f1Mean": 0.9349118665269696,
        "accMean": 0.966907006851214,
        "recMean": 0.9661431454776359,
        "precMean": 0.9391774919029825
    },
    "Std of all Scores": {
        "f1Std": 0.05000536829117885,
        "accStd": 0.038996058619655986,
        "recStd": 0.042943341707552596,
        "precStd": 0.06965728853088313
    }
}