{
    "Timeout": [
        1,
        30
    ],
    "Mean of all scores": {
        "f1Mean": 0.9512370242894559,
        "accMean": 0.9679219876844932,
        "recMean": 0.9616247558512926,
        "precMean": 0.9627189706764069
    },
    "Std of all Scores": {
        "f1Std": 0.0493147578878368,
        "accStd": 0.03850806366727055,
        "recStd": 0.04446206115773163,
        "precStd": 0.05427002269037034
    }
}