{
    "Timeout": [
        3,
        30
    ],
    "Mean of all scores": {
        "f1Mean": 0.9300722969104214,
        "accMean": 0.9665932764480394,
        "recMean": 0.962224720619124,
        "precMean": 0.9372347055960549
    },
    "Std of all Scores": {
        "f1Std": 0.07334798737094493,
        "accStd": 0.0404927392622252,
        "recStd": 0.04561491634299866,
        "precStd": 0.08858805316677747
    }
}