{
    "Timeout": [
        1,
        60
    ],
    "Mean of all scores": {
        "f1Mean": 0.9423632683361032,
        "accMean": 0.9662670040885631,
        "recMean": 0.9617883398702943,
        "precMean": 0.9489647994475318
    },
    "Std of all Scores": {
        "f1Std": 0.05449131997421024,
        "accStd": 0.038624512576741835,
        "recStd": 0.045141235248317806,
        "precStd": 0.06489674708791532
    }
}