{
    "Timeout": [
        10,
        30
    ],
    "Mean of all scores": {
        "f1Mean": 0.9439320203660968,
        "accMean": 0.9669771307007047,
        "recMean": 0.9601767149544201,
        "precMean": 0.9500250982800406
    },
    "Std of all Scores": {
        "f1Std": 0.05425100396670096,
        "accStd": 0.03979870678175549,
        "recStd": 0.04444180330166681,
        "precStd": 0.06630690204740039
    }
}