{
    "Timeout": [
        4,
        4
    ],
    "Mean of all scores": {
        "f1Mean": 0.9505941268626469,
        "accMean": 0.9704282253144012,
        "recMean": 0.9649618807088272,
        "precMean": 0.9597610847061591
    },
    "Std of all Scores": {
        "f1Std": 0.05601074484053099,
        "accStd": 0.036820113235267626,
        "recStd": 0.047600730960566856,
        "precStd": 0.06170330693965441
    }
}