{
    "Timeout": [
        2,
        3
    ],
    "Mean of all scores": {
        "f1Mean": 0.9317556983598617,
        "accMean": 0.9666765070894036,
        "recMean": 0.9629055898726422,
        "precMean": 0.9331229411155662
    },
    "Std of all Scores": {
        "f1Std": 0.06270059773644039,
        "accStd": 0.03850609900747442,
        "recStd": 0.04557395867774253,
        "precStd": 0.08021714099294872
    }
}