{
    "Timeout": [
        0.5,
        60
    ],
    "Mean of all scores": {
        "f1Mean": 0.9393925653871161,
        "accMean": 0.9716237306886878,
        "recMean": 0.9468845776397117,
        "precMean": 0.9610478225405688
    },
    "Std of all Scores": {
        "f1Std": 0.043620456660954064,
        "accStd": 0.03295617969633831,
        "recStd": 0.046971015478862725,
        "precStd": 0.056693002592940626
    }
}