{
    "Timeout": [
        3,
        5
    ],
    "Mean of all scores": {
        "f1Mean": 0.9431708647185812,
        "accMean": 0.9664731208417269,
        "recMean": 0.9646187280533036,
        "precMean": 0.9478581652957654
    },
    "Std of all Scores": {
        "f1Std": 0.057877786037254186,
        "accStd": 0.041287431578791806,
        "recStd": 0.046408005477837556,
        "precStd": 0.06753059952937526
    }
}