{
    "Timeout": [
        0.5,
        2
    ],
    "Mean of all scores": {
        "f1Mean": 0.9322641001945005,
        "accMean": 0.9739167781999308,
        "recMean": 0.9630222007269958,
        "precMean": 0.9382963909459814
    },
    "Std of all Scores": {
        "f1Std": 0.06995856124452414,
        "accStd": 0.028042015892364977,
        "recStd": 0.04183939015808366,
        "precStd": 0.0890242890295435
    }
}