{
    "Timeout": [
        4,
        5
    ],
    "Mean of all scores": {
        "f1Mean": 0.9470480506008367,
        "accMean": 0.9695065001732581,
        "recMean": 0.9609714189230765,
        "precMean": 0.9551393499402057
    },
    "Std of all Scores": {
        "f1Std": 0.05235337727771789,
        "accStd": 0.035163686728497096,
        "recStd": 0.05124748578363152,
        "precStd": 0.05388215191453078
    }
}