{
    "Timeout": [
        2,
        4
    ],
    "Mean of all scores": {
        "f1Mean": 0.9396050357723992,
        "accMean": 0.9716506244045545,
        "recMean": 0.9613928290023523,
        "precMean": 0.9436295035554633
    },
    "Std of all Scores": {
        "f1Std": 0.06313793821432258,
        "accStd": 0.030938448770512935,
        "recStd": 0.048027415583356395,
        "precStd": 0.07549358734436704
    }
}