{
    "Timeout": [
        5,
        5
    ],
    "Mean of all scores": {
        "f1Mean": 0.9427410405355732,
        "accMean": 0.9662104377057738,
        "recMean": 0.9628356743795725,
        "precMean": 0.9491960347522926
    },
    "Std of all Scores": {
        "f1Std": 0.047829894465610485,
        "accStd": 0.0402886796383674,
        "recStd": 0.04553428207943545,
        "precStd": 0.054879907718778084
    }
}