{
    "Timeout": [
        2,
        60
    ],
    "Mean of all scores": {
        "f1Mean": 0.9423938343384289,
        "accMean": 0.9685179320941429,
        "recMean": 0.9689330760017555,
        "precMean": 0.9444084775646392
    },
    "Std of all Scores": {
        "f1Std": 0.046114541602165125,
        "accStd": 0.036885389574206076,
        "recStd": 0.04315104010545568,
        "precStd": 0.06184155902647481
    }
}