{
    "Timeout": [
        1,
        5
    ],
    "Mean of all scores": {
        "f1Mean": 0.9528670444007897,
        "accMean": 0.9730880430964897,
        "recMean": 0.9588206750783698,
        "precMean": 0.9668986574478129
    },
    "Std of all Scores": {
        "f1Std": 0.04293690357614872,
        "accStd": 0.03349448956667475,
        "recStd": 0.04092910766062057,
        "precStd": 0.048459192345391706
    }
}