{
    "Best score": {
        "Best Timeout": [
            4,
            60
        ],
        "Accuracy": 0.9714736114358681,
        "F1 Score": 0.9510199154858345,
        "Precision": 0.959465916361076,
        "Recall": 0.9654319347153985
    },
    "Worst score": {
        "Worst Timeout": [
            0.5,
            30
        ],
        "Accuracy": 0.9716485305857931,
        "F1 Score": 0.9003147859866594,
        "Precision": 0.9073215704875379,
        "Recall": 0.9632821091725468
    },
    "Difference": {
        "Accuracy": -0.017491914992506796,
        "F1 Score": 5.070512949917516,
        "Precision": 5.214434587353811,
        "Recall": 0.2149825542851702
    }
}