{
    "Best score": {
        "Best Timeout": [
            1,
            60
        ],
        "Mean Scores (Best)": {
            "f1Mean": 0.9591228130622642,
            "accMean": 0.9708042140450018,
            "recMean": 0.9668185159065044,
            "precMean": 0.9737046024519209
        },
        "Std Scores (Best)": {
            "f1Std": 0.045845044017884716,
            "accStd": 0.03741939387581613,
            "recStd": 0.04844578330360875,
            "precStd": 0.039456751982676695
        }
    },
    "Worst score": {
        "Worst Timeout": [
            4,
            30
        ],
        "Mean Scores (Worst)": {
            "f1Mean": 0.9518024312757227,
            "accMean": 0.9627476442410181,
            "recMean": 0.9657553290361858,
            "precMean": 0.9615523191312697
        },
        "Std Scores (Worst)": {
            "f1Std": 0.04503398475104804,
            "accStd": 0.03914892255069631,
            "recStd": 0.04718407361899637,
            "precStd": 0.04658419345521379
        }
    },
    "Difference": {
        "Accuracy": 0.8056569803983726,
        "F1 Score": 0.7320381786541486,
        "Precision": 1.2152283320651214,
        "Recall": 0.10631868703185887
    }
}